{
  "type": "FeatureCollection",
  "crs": {
    "type": "name",
    "properties": { "name": "urn:ogc:def:crs:EPSG::4326" }
  },
  "features": [
    {
      "type": "Feature",
      "properties": {
        "query_id": 0,
        "query_type": "range",
        "lat_min": 57.590858,
        "lat_max": 57.636337,
        "lon_min": 11.606438,
        "lon_max": 11.702629,
        "time_start": 85600424.0,
        "time_end": 109444984.0
      },
      "geometry": {
        "type": "Polygon",
        "coordinates": [
          [
            [11.606437683105469, 57.590858459472656],
            [11.702629089355469, 57.590858459472656],
            [11.702629089355469, 57.63633728027344],
            [11.606437683105469, 57.63633728027344],
            [11.606437683105469, 57.590858459472656]
          ]
        ]
      }
    },
    {
      "type": "Feature",
      "properties": {
        "query_id": 1,
        "query_type": "intersection",
        "lat_min": 54.540913,
        "lat_max": 54.656895,
        "lon_min": 10.906159,
        "lon_max": 11.151456,
        "time_start": 49936788.0,
        "time_end": 64139860.0
      },
      "geometry": {
        "type": "Polygon",
        "coordinates": [
          [
            [10.906159400939941, 54.54091262817383],
            [11.151455879211426, 54.54091262817383],
            [11.151455879211426, 54.65689468383789],
            [10.906159400939941, 54.65689468383789],
            [10.906159400939941, 54.54091262817383]
          ]
        ]
      }
    },
    {
      "type": "Feature",
      "properties": {
        "query_id": 2,
        "query_type": "range",
        "lat_min": 55.349041,
        "lat_max": 55.461132,
        "lon_min": 8.078245,
        "lon_max": 8.315311,
        "time_start": 44420856.0,
        "time_end": 67248512.0
      },
      "geometry": {
        "type": "Polygon",
        "coordinates": [
          [
            [8.078245162963867, 55.34904098510742],
            [8.315311431884766, 55.34904098510742],
            [8.315311431884766, 55.46113204956055],
            [8.078245162963867, 55.46113204956055],
            [8.078245162963867, 55.34904098510742]
          ]
        ]
      }
    },
    {
      "type": "Feature",
      "properties": {
        "query_id": 3,
        "query_type": "range",
        "lat_min": 55.197536,
        "lat_max": 55.319759,
        "lon_min": 13.061412,
        "lon_max": 13.319913,
        "time_start": 170649680.0,
        "time_end": 188051312.0
      },
      "geometry": {
        "type": "Polygon",
        "coordinates": [
          [
            [13.06141185760498, 55.19753646850586],
            [13.319912910461426, 55.19753646850586],
            [13.319912910461426, 55.319759368896484],
            [13.06141185760498, 55.319759368896484],
            [13.06141185760498, 55.19753646850586]
          ]
        ]
      }
    },
    {
      "type": "Feature",
      "properties": {
        "query_id": 4,
        "query_type": "intersection",
        "lat_min": 55.517895,
        "lat_max": 55.557377,
        "lon_min": 12.675161,
        "lon_max": 12.758665,
        "time_start": 174521184.0,
        "time_end": 198050528.0
      },
      "geometry": {
        "type": "Polygon",
        "coordinates": [
          [
            [12.675161361694336, 55.51789474487305],
            [12.758665084838867, 55.51789474487305],
            [12.758665084838867, 55.557376861572266],
            [12.675161361694336, 55.557376861572266],
            [12.675161361694336, 55.51789474487305]
          ]
        ]
      }
    },
    {
      "type": "Feature",
      "properties": {
        "query_id": 5,
        "query_type": "intersection",
        "lat_min": 56.364315,
        "lat_max": 56.495296,
        "lon_min": 12.185178,
        "lon_max": 12.462195,
        "time_start": 41320560.0,
        "time_end": 65301144.0
      },
      "geometry": {
        "type": "Polygon",
        "coordinates": [
          [
            [12.18517780303955, 56.364315032958984],
            [12.46219539642334, 56.364315032958984],
            [12.46219539642334, 56.495296478271484],
            [12.18517780303955, 56.495296478271484],
            [12.18517780303955, 56.364315032958984]
          ]
        ]
      }
    },
    {
      "type": "Feature",
      "properties": {
        "query_id": 6,
        "query_type": "nearest",
        "lat_min": 55.353664,
        "lat_max": 55.373661,
        "lon_min": 14.762277,
        "lon_max": 14.782277,
        "time_start": -9389935.0,
        "time_end": 17176976.0
      },
      "geometry": {
        "type": "Polygon",
        "coordinates": [
          [
            [14.762276649475098, 55.35366439819336],
            [14.78227710723877, 55.35366439819336],
            [14.78227710723877, 55.373661041259766],
            [14.762276649475098, 55.373661041259766],
            [14.762276649475098, 55.35366439819336]
          ]
        ]
      }
    },
    {
      "type": "Feature",
      "properties": {
        "query_id": 7,
        "query_type": "range",
        "lat_min": 56.380043,
        "lat_max": 56.521118,
        "lon_min": 10.853557,
        "lon_max": 11.151927,
        "time_start": 156065424.0,
        "time_end": 167013520.0
      },
      "geometry": {
        "type": "Polygon",
        "coordinates": [
          [
            [10.853556632995605, 56.380043029785156],
            [11.15192699432373, 56.380043029785156],
            [11.15192699432373, 56.5211181640625],
            [10.853556632995605, 56.5211181640625],
            [10.853556632995605, 56.380043029785156]
          ]
        ]
      }
    },
    {
      "type": "Feature",
      "properties": {
        "query_id": 8,
        "query_type": "range",
        "lat_min": 56.433537,
        "lat_max": 56.489178,
        "lon_min": 10.087034,
        "lon_max": 10.204706,
        "time_start": 81936016.0,
        "time_end": 101517552.0
      },
      "geometry": {
        "type": "Polygon",
        "coordinates": [
          [
            [10.087034225463867, 56.433536529541016],
            [10.204706192016602, 56.433536529541016],
            [10.204706192016602, 56.48917770385742],
            [10.087034225463867, 56.48917770385742],
            [10.087034225463867, 56.433536529541016]
          ]
        ]
      }
    },
    {
      "type": "Feature",
      "properties": {
        "query_id": 9,
        "query_type": "intersection",
        "lat_min": 54.367218,
        "lat_max": 54.450478,
        "lon_min": 11.677896,
        "lon_max": 11.853989,
        "time_start": 165376720.0,
        "time_end": 172673936.0
      },
      "geometry": {
        "type": "Polygon",
        "coordinates": [
          [
            [11.677896499633789, 54.367218017578125],
            [11.853988647460938, 54.367218017578125],
            [11.853988647460938, 54.450477600097656],
            [11.677896499633789, 54.450477600097656],
            [11.677896499633789, 54.367218017578125]
          ]
        ]
      }
    },
    {
      "type": "Feature",
      "properties": {
        "query_id": 10,
        "query_type": "nearest",
        "lat_min": 55.879311,
        "lat_max": 55.899307,
        "lon_min": 11.186993,
        "lon_max": 11.206993,
        "time_start": 18480664.0,
        "time_end": 45047576.0
      },
      "geometry": {
        "type": "Polygon",
        "coordinates": [
          [
            [11.186992645263672, 55.879310607910156],
            [11.206993103027344, 55.879310607910156],
            [11.206993103027344, 55.89930725097656],
            [11.186992645263672, 55.89930725097656],
            [11.186992645263672, 55.879310607910156]
          ]
        ]
      }
    },
    {
      "type": "Feature",
      "properties": {
        "query_id": 11,
        "query_type": "nearest",
        "lat_min": 57.640396,
        "lat_max": 57.660393,
        "lon_min": 11.829262,
        "lon_max": 11.849262,
        "time_start": 77922904.0,
        "time_end": 104489816.0
      },
      "geometry": {
        "type": "Polygon",
        "coordinates": [
          [
            [11.829261779785156, 57.64039611816406],
            [11.849262237548828, 57.64039611816406],
            [11.849262237548828, 57.66039276123047],
            [11.829261779785156, 57.66039276123047],
            [11.829261779785156, 57.64039611816406]
          ]
        ]
      }
    },
    {
      "type": "Feature",
      "properties": {
        "query_id": 12,
        "query_type": "intersection",
        "lat_min": 57.575779,
        "lat_max": 57.639668,
        "lon_min": 11.59234,
        "lon_max": 11.72746,
        "time_start": 240649056.0,
        "time_end": 255485280.0
      },
      "geometry": {
        "type": "Polygon",
        "coordinates": [
          [
            [11.592339515686035, 57.57577896118164],
            [11.727459907531738, 57.57577896118164],
            [11.727459907531738, 57.63966751098633],
            [11.592339515686035, 57.63966751098633],
            [11.592339515686035, 57.57577896118164]
          ]
        ]
      }
    },
    {
      "type": "Feature",
      "properties": {
        "query_id": 13,
        "query_type": "aggregation",
        "lat_min": 55.68232,
        "lat_max": 55.6922,
        "lon_min": 5.909591,
        "lon_max": 5.937295,
        "time_start": 171889872.0,
        "time_end": 175817136.0
      },
      "geometry": {
        "type": "Polygon",
        "coordinates": [
          [
            [5.909590721130371, 55.68231964111328],
            [5.937294960021973, 55.68231964111328],
            [5.937294960021973, 55.69219970703125],
            [5.909590721130371, 55.69219970703125],
            [5.909590721130371, 55.68231964111328]
          ]
        ]
      }
    },
    {
      "type": "Feature",
      "properties": {
        "query_id": 14,
        "query_type": "nearest",
        "lat_min": 54.932343,
        "lat_max": 54.952339,
        "lon_min": 11.036486,
        "lon_max": 11.056486,
        "time_start": 21938524.0,
        "time_end": 48505436.0
      },
      "geometry": {
        "type": "Polygon",
        "coordinates": [
          [
            [11.03648567199707, 54.932342529296875],
            [11.056486129760742, 54.932342529296875],
            [11.056486129760742, 54.95233917236328],
            [11.03648567199707, 54.95233917236328],
            [11.03648567199707, 54.932342529296875]
          ]
        ]
      }
    },
    {
      "type": "Feature",
      "properties": {
        "query_id": 15,
        "query_type": "range",
        "lat_min": 54.834911,
        "lat_max": 54.945461,
        "lon_min": 15.488965,
        "lon_max": 15.722772,
        "time_start": 177883696.0,
        "time_end": 199737904.0
      },
      "geometry": {
        "type": "Polygon",
        "coordinates": [
          [
            [15.488965034484863, 54.83491134643555],
            [15.722771644592285, 54.83491134643555],
            [15.722771644592285, 54.94546127319336],
            [15.488965034484863, 54.94546127319336],
            [15.488965034484863, 54.83491134643555]
          ]
        ]
      }
    },
    {
      "type": "Feature",
      "properties": {
        "query_id": 16,
        "query_type": "aggregation",
        "lat_min": 57.416771,
        "lat_max": 57.500061,
        "lon_min": 7.269721,
        "lon_max": 7.503185,
        "time_start": 229022480.0,
        "time_end": 243643184.0
      },
      "geometry": {
        "type": "Polygon",
        "coordinates": [
          [
            [7.269720554351807, 57.416770935058594],
            [7.503184795379639, 57.416770935058594],
            [7.503184795379639, 57.50006103515625],
            [7.269720554351807, 57.50006103515625],
            [7.269720554351807, 57.416770935058594]
          ]
        ]
      }
    },
    {
      "type": "Feature",
      "properties": {
        "query_id": 17,
        "query_type": "aggregation",
        "lat_min": 56.713486,
        "lat_max": 56.809135,
        "lon_min": 12.605608,
        "lon_max": 12.873716,
        "time_start": 236195456.0,
        "time_end": 248495296.0
      },
      "geometry": {
        "type": "Polygon",
        "coordinates": [
          [
            [12.605607986450195, 56.71348571777344],
            [12.873716354370117, 56.71348571777344],
            [12.873716354370117, 56.80913543701172],
            [12.605607986450195, 56.80913543701172],
            [12.605607986450195, 56.71348571777344]
          ]
        ]
      }
    },
    {
      "type": "Feature",
      "properties": {
        "query_id": 18,
        "query_type": "intersection",
        "lat_min": 55.822636,
        "lat_max": 55.922131,
        "lon_min": 12.629059,
        "lon_max": 12.839495,
        "time_start": 201337328.0,
        "time_end": 218919280.0
      },
      "geometry": {
        "type": "Polygon",
        "coordinates": [
          [
            [12.629058837890625, 55.822635650634766],
            [12.839494705200195, 55.822635650634766],
            [12.839494705200195, 55.9221305847168],
            [12.629058837890625, 55.9221305847168],
            [12.629058837890625, 55.822635650634766]
          ]
        ]
      }
    },
    {
      "type": "Feature",
      "properties": {
        "query_id": 19,
        "query_type": "aggregation",
        "lat_min": 57.335239,
        "lat_max": 57.432865,
        "lon_min": 5.448391,
        "lon_max": 5.722027,
        "time_start": 254486592.0,
        "time_end": 263177216.0
      },
      "geometry": {
        "type": "Polygon",
        "coordinates": [
          [
            [5.448390960693359, 57.33523941040039],
            [5.722026824951172, 57.33523941040039],
            [5.722026824951172, 57.432865142822266],
            [5.448390960693359, 57.432865142822266],
            [5.448390960693359, 57.33523941040039]
          ]
        ]
      }
    },
    {
      "type": "Feature",
      "properties": {
        "query_id": 20,
        "query_type": "intersection",
        "lat_min": 54.996109,
        "lat_max": 55.140488,
        "lon_min": 12.607959,
        "lon_max": 12.913316,
        "time_start": 0.0,
        "time_end": 9640819.0
      },
      "geometry": {
        "type": "Polygon",
        "coordinates": [
          [
            [12.607958793640137, 54.99610900878906],
            [12.913315773010254, 54.99610900878906],
            [12.913315773010254, 55.14048767089844],
            [12.607958793640137, 55.14048767089844],
            [12.607958793640137, 54.99610900878906]
          ]
        ]
      }
    },
    {
      "type": "Feature",
      "properties": {
        "query_id": 21,
        "query_type": "nearest",
        "lat_min": 55.192688,
        "lat_max": 55.212685,
        "lon_min": 14.58358,
        "lon_max": 14.60358,
        "time_start": 205179840.0,
        "time_end": 231746752.0
      },
      "geometry": {
        "type": "Polygon",
        "coordinates": [
          [
            [14.583580017089844, 55.19268798828125],
            [14.603580474853516, 55.19268798828125],
            [14.603580474853516, 55.212684631347656],
            [14.583580017089844, 55.212684631347656],
            [14.583580017089844, 55.19268798828125]
          ]
        ]
      }
    },
    {
      "type": "Feature",
      "properties": {
        "query_id": 22,
        "query_type": "intersection",
        "lat_min": 54.591064,
        "lat_max": 54.734238,
        "lon_min": 14.945256,
        "lon_max": 15.248054,
        "time_start": 160757152.0,
        "time_end": 178813184.0
      },
      "geometry": {
        "type": "Polygon",
        "coordinates": [
          [
            [14.945256233215332, 54.591064453125],
            [15.248053550720215, 54.591064453125],
            [15.248053550720215, 54.73423767089844],
            [14.945256233215332, 54.73423767089844],
            [14.945256233215332, 54.591064453125]
          ]
        ]
      }
    },
    {
      "type": "Feature",
      "properties": {
        "query_id": 23,
        "query_type": "intersection",
        "lat_min": 54.183624,
        "lat_max": 54.292038,
        "lon_min": 11.71862,
        "lon_max": 11.947914,
        "time_start": 31748686.0,
        "time_end": 56873368.0
      },
      "geometry": {
        "type": "Polygon",
        "coordinates": [
          [
            [11.718620300292969, 54.183624267578125],
            [11.947914123535156, 54.183624267578125],
            [11.947914123535156, 54.29203796386719],
            [11.718620300292969, 54.29203796386719],
            [11.718620300292969, 54.183624267578125]
          ]
        ]
      }
    },
    {
      "type": "Feature",
      "properties": {
        "query_id": 24,
        "query_type": "aggregation",
        "lat_min": 57.804077,
        "lat_max": 57.839203,
        "lon_min": 6.182862,
        "lon_max": 6.281319,
        "time_start": 0.0,
        "time_end": 20841412.0
      },
      "geometry": {
        "type": "Polygon",
        "coordinates": [
          [
            [6.182861804962158, 57.8040771484375],
            [6.2813191413879395, 57.8040771484375],
            [6.2813191413879395, 57.839202880859375],
            [6.182861804962158, 57.839202880859375],
            [6.182861804962158, 57.8040771484375]
          ]
        ]
      }
    },
    {
      "type": "Feature",
      "properties": {
        "query_id": 25,
        "query_type": "nearest",
        "lat_min": 54.384308,
        "lat_max": 54.404305,
        "lon_min": 11.388284,
        "lon_max": 11.408284,
        "time_start": 44903404.0,
        "time_end": 71470312.0
      },
      "geometry": {
        "type": "Polygon",
        "coordinates": [
          [
            [11.388283729553223, 54.384307861328125],
            [11.408284187316895, 54.384307861328125],
            [11.408284187316895, 54.40430450439453],
            [11.388283729553223, 54.40430450439453],
            [11.388283729553223, 54.384307861328125]
          ]
        ]
      }
    },
    {
      "type": "Feature",
      "properties": {
        "query_id": 26,
        "query_type": "intersection",
        "lat_min": 55.583012,
        "lat_max": 55.617275,
        "lon_min": 15.348427,
        "lon_max": 15.420887,
        "time_start": 75472920.0,
        "time_end": 96345704.0
      },
      "geometry": {
        "type": "Polygon",
        "coordinates": [
          [
            [15.348426818847656, 55.583011627197266],
            [15.420886993408203, 55.583011627197266],
            [15.420886993408203, 55.61727523803711],
            [15.348426818847656, 55.61727523803711],
            [15.348426818847656, 55.583011627197266]
          ]
        ]
      }
    },
    {
      "type": "Feature",
      "properties": {
        "query_id": 27,
        "query_type": "range",
        "lat_min": 54.869312,
        "lat_max": 54.939457,
        "lon_min": 10.833591,
        "lon_max": 10.981944,
        "time_start": 30443364.0,
        "time_end": 37282900.0
      },
      "geometry": {
        "type": "Polygon",
        "coordinates": [
          [
            [10.833590507507324, 54.86931228637695],
            [10.98194408416748, 54.86931228637695],
            [10.98194408416748, 54.939456939697266],
            [10.833590507507324, 54.939456939697266],
            [10.833590507507324, 54.86931228637695]
          ]
        ]
      }
    },
    {
      "type": "Feature",
      "properties": {
        "query_id": 28,
        "query_type": "nearest",
        "lat_min": 57.547276,
        "lat_max": 57.567272,
        "lon_min": 9.326276,
        "lon_max": 9.346276,
        "time_start": 183525360.0,
        "time_end": 210092272.0
      },
      "geometry": {
        "type": "Polygon",
        "coordinates": [
          [
            [9.326275825500488, 57.54727554321289],
            [9.34627628326416, 57.54727554321289],
            [9.34627628326416, 57.5672721862793],
            [9.326275825500488, 57.5672721862793],
            [9.326275825500488, 57.54727554321289]
          ]
        ]
      }
    },
    {
      "type": "Feature",
      "properties": {
        "query_id": 29,
        "query_type": "range",
        "lat_min": 57.799175,
        "lat_max": 57.925457,
        "lon_min": 10.05726,
        "lon_max": 10.32434,
        "time_start": 147623168.0,
        "time_end": 154732352.0
      },
      "geometry": {
        "type": "Polygon",
        "coordinates": [
          [
            [10.057259559631348, 57.79917526245117],
            [10.324339866638184, 57.79917526245117],
            [10.324339866638184, 57.92545700073242],
            [10.057259559631348, 57.92545700073242],
            [10.057259559631348, 57.79917526245117]
          ]
        ]
      }
    },
    {
      "type": "Feature",
      "properties": {
        "query_id": 30,
        "query_type": "nearest",
        "lat_min": 58.103203,
        "lat_max": 58.123199,
        "lon_min": 10.259105,
        "lon_max": 10.279105,
        "time_start": 19712044.0,
        "time_end": 46278956.0
      },
      "geometry": {
        "type": "Polygon",
        "coordinates": [
          [
            [10.25910472869873, 58.10320281982422],
            [10.279105186462402, 58.10320281982422],
            [10.279105186462402, 58.123199462890625],
            [10.25910472869873, 58.123199462890625],
            [10.25910472869873, 58.10320281982422]
          ]
        ]
      }
    },
    {
      "type": "Feature",
      "properties": {
        "query_id": 31,
        "query_type": "nearest",
        "lat_min": 55.559948,
        "lat_max": 55.579945,
        "lon_min": 14.915931,
        "lon_max": 14.935931,
        "time_start": 160667040.0,
        "time_end": 187233952.0
      },
      "geometry": {
        "type": "Polygon",
        "coordinates": [
          [
            [14.91593074798584, 55.5599479675293],
            [14.935931205749512, 55.5599479675293],
            [14.935931205749512, 55.5799446105957],
            [14.91593074798584, 55.5799446105957],
            [14.91593074798584, 55.5599479675293]
          ]
        ]
      }
    },
    {
      "type": "Feature",
      "properties": {
        "query_id": 32,
        "query_type": "range",
        "lat_min": 55.478317,
        "lat_max": 55.617096,
        "lon_min": 14.948163,
        "lon_max": 15.241668,
        "time_start": 255871104.0,
        "time_end": 260731616.0
      },
      "geometry": {
        "type": "Polygon",
        "coordinates": [
          [
            [14.948163032531738, 55.47831726074219],
            [15.241667747497559, 55.47831726074219],
            [15.241667747497559, 55.617095947265625],
            [14.948163032531738, 55.617095947265625],
            [14.948163032531738, 55.47831726074219]
          ]
        ]
      }
    },
    {
      "type": "Feature",
      "properties": {
        "query_id": 33,
        "query_type": "aggregation",
        "lat_min": 57.335442,
        "lat_max": 57.366013,
        "lon_min": 7.507111,
        "lon_max": 7.592811,
        "time_start": 103414872.0,
        "time_end": 113146120.0
      },
      "geometry": {
        "type": "Polygon",
        "coordinates": [
          [
            [7.507111072540283, 57.33544158935547],
            [7.592811107635498, 57.33544158935547],
            [7.592811107635498, 57.36601257324219],
            [7.507111072540283, 57.36601257324219],
            [7.507111072540283, 57.33544158935547]
          ]
        ]
      }
    },
    {
      "type": "Feature",
      "properties": {
        "query_id": 34,
        "query_type": "nearest",
        "lat_min": 57.584911,
        "lat_max": 57.604908,
        "lon_min": 11.893873,
        "lon_max": 11.913874,
        "time_start": 101782144.0,
        "time_end": 128349056.0
      },
      "geometry": {
        "type": "Polygon",
        "coordinates": [
          [
            [11.89387321472168, 57.58491134643555],
            [11.913873672485352, 57.58491134643555],
            [11.913873672485352, 57.60490798950195],
            [11.89387321472168, 57.60490798950195],
            [11.89387321472168, 57.58491134643555]
          ]
        ]
      }
    },
    {
      "type": "Feature",
      "properties": {
        "query_id": 35,
        "query_type": "range",
        "lat_min": 54.862225,
        "lat_max": 54.96703,
        "lon_min": 14.633461,
        "lon_max": 14.85512,
        "time_start": 217415488.0,
        "time_end": 226448672.0
      },
      "geometry": {
        "type": "Polygon",
        "coordinates": [
          [
            [14.633460998535156, 54.86222457885742],
            [14.855119705200195, 54.86222457885742],
            [14.855119705200195, 54.9670295715332],
            [14.633460998535156, 54.9670295715332],
            [14.633460998535156, 54.86222457885742]
          ]
        ]
      }
    },
    {
      "type": "Feature",
      "properties": {
        "query_id": 36,
        "query_type": "aggregation",
        "lat_min": 55.659161,
        "lat_max": 55.73003,
        "lon_min": 6.409026,
        "lon_max": 6.607673,
        "time_start": 55700152.0,
        "time_end": 75326216.0
      },
      "geometry": {
        "type": "Polygon",
        "coordinates": [
          [
            [6.4090256690979, 55.65916061401367],
            [6.607673168182373, 55.65916061401367],
            [6.607673168182373, 55.73003005981445],
            [6.4090256690979, 55.73003005981445],
            [6.4090256690979, 55.65916061401367]
          ]
        ]
      }
    },
    {
      "type": "Feature",
      "properties": {
        "query_id": 37,
        "query_type": "nearest",
        "lat_min": 54.594887,
        "lat_max": 54.614883,
        "lon_min": 12.553556,
        "lon_max": 12.573557,
        "time_start": 184633680.0,
        "time_end": 211200592.0
      },
      "geometry": {
        "type": "Polygon",
        "coordinates": [
          [
            [12.553556442260742, 54.594886779785156],
            [12.573556900024414, 54.594886779785156],
            [12.573556900024414, 54.61488342285156],
            [12.553556442260742, 54.61488342285156],
            [12.553556442260742, 54.594886779785156]
          ]
        ]
      }
    },
    {
      "type": "Feature",
      "properties": {
        "query_id": 38,
        "query_type": "aggregation",
        "lat_min": 54.647064,
        "lat_max": 54.722542,
        "lon_min": 11.26215,
        "lon_max": 11.473707,
        "time_start": 45690268.0,
        "time_end": 55503820.0
      },
      "geometry": {
        "type": "Polygon",
        "coordinates": [
          [
            [11.262149810791016, 54.647064208984375],
            [11.47370719909668, 54.647064208984375],
            [11.47370719909668, 54.72254180908203],
            [11.262149810791016, 54.72254180908203],
            [11.262149810791016, 54.647064208984375]
          ]
        ]
      }
    },
    {
      "type": "Feature",
      "properties": {
        "query_id": 39,
        "query_type": "range",
        "lat_min": 56.737484,
        "lat_max": 56.783115,
        "lon_min": 11.879703,
        "lon_max": 11.976218,
        "time_start": 1864519.0,
        "time_end": 25270720.0
      },
      "geometry": {
        "type": "Polygon",
        "coordinates": [
          [
            [11.8797025680542, 56.737483978271484],
            [11.976218223571777, 56.737483978271484],
            [11.976218223571777, 56.78311538696289],
            [11.8797025680542, 56.78311538696289],
            [11.8797025680542, 56.737483978271484]
          ]
        ]
      }
    },
    {
      "type": "Feature",
      "properties": {
        "query_id": 40,
        "query_type": "intersection",
        "lat_min": 54.741901,
        "lat_max": 54.879536,
        "lon_min": 10.446101,
        "lon_max": 10.737184,
        "time_start": 228193232.0,
        "time_end": 231829328.0
      },
      "geometry": {
        "type": "Polygon",
        "coordinates": [
          [
            [10.446101188659668, 54.74190139770508],
            [10.737183570861816, 54.74190139770508],
            [10.737183570861816, 54.87953567504883],
            [10.446101188659668, 54.87953567504883],
            [10.446101188659668, 54.74190139770508]
          ]
        ]
      }
    },
    {
      "type": "Feature",
      "properties": {
        "query_id": 41,
        "query_type": "range",
        "lat_min": 54.561878,
        "lat_max": 54.630856,
        "lon_min": 10.869093,
        "lon_max": 11.014971,
        "time_start": 7232948.0,
        "time_end": 15774330.0
      },
      "geometry": {
        "type": "Polygon",
        "coordinates": [
          [
            [10.86909294128418, 54.5618782043457],
            [11.014970779418945, 54.5618782043457],
            [11.014970779418945, 54.630855560302734],
            [10.86909294128418, 54.630855560302734],
            [10.86909294128418, 54.5618782043457]
          ]
        ]
      }
    },
    {
      "type": "Feature",
      "properties": {
        "query_id": 42,
        "query_type": "range",
        "lat_min": 54.873974,
        "lat_max": 54.888485,
        "lon_min": 13.925281,
        "lon_max": 13.955974,
        "time_start": 131604448.0,
        "time_end": 138287488.0
      },
      "geometry": {
        "type": "Polygon",
        "coordinates": [
          [
            [13.925280570983887, 54.87397384643555],
            [13.955973625183105, 54.87397384643555],
            [13.955973625183105, 54.888484954833984],
            [13.925280570983887, 54.888484954833984],
            [13.925280570983887, 54.87397384643555]
          ]
        ]
      }
    },
    {
      "type": "Feature",
      "properties": {
        "query_id": 43,
        "query_type": "nearest",
        "lat_min": 54.634697,
        "lat_max": 54.654694,
        "lon_min": 13.690886,
        "lon_max": 13.710887,
        "time_start": 207799872.0,
        "time_end": 234366784.0
      },
      "geometry": {
        "type": "Polygon",
        "coordinates": [
          [
            [13.690886497497559, 54.63469696044922],
            [13.71088695526123, 54.63469696044922],
            [13.71088695526123, 54.654693603515625],
            [13.690886497497559, 54.654693603515625],
            [13.690886497497559, 54.63469696044922]
          ]
        ]
      }
    },
    {
      "type": "Feature",
      "properties": {
        "query_id": 44,
        "query_type": "intersection",
        "lat_min": 57.576515,
        "lat_max": 57.726006,
        "lon_min": 11.635641,
        "lon_max": 11.951799,
        "time_start": 142655296.0,
        "time_end": 166898304.0
      },
      "geometry": {
        "type": "Polygon",
        "coordinates": [
          [
            [11.635641098022461, 57.576515197753906],
            [11.951799392700195, 57.576515197753906],
            [11.951799392700195, 57.72600555419922],
            [11.635641098022461, 57.72600555419922],
            [11.635641098022461, 57.576515197753906]
          ]
        ]
      }
    },
    {
      "type": "Feature",
      "properties": {
        "query_id": 45,
        "query_type": "range",
        "lat_min": 54.559456,
        "lat_max": 54.584686,
        "lon_min": 11.287171,
        "lon_max": 11.340529,
        "time_start": 212141696.0,
        "time_end": 227862304.0
      },
      "geometry": {
        "type": "Polygon",
        "coordinates": [
          [
            [11.287171363830566, 54.55945587158203],
            [11.340529441833496, 54.55945587158203],
            [11.340529441833496, 54.584686279296875],
            [11.287171363830566, 54.584686279296875],
            [11.287171363830566, 54.55945587158203]
          ]
        ]
      }
    },
    {
      "type": "Feature",
      "properties": {
        "query_id": 46,
        "query_type": "aggregation",
        "lat_min": 57.466545,
        "lat_max": 57.565315,
        "lon_min": 13.275511,
        "lon_max": 13.552359,
        "time_start": 162052384.0,
        "time_end": 175712928.0
      },
      "geometry": {
        "type": "Polygon",
        "coordinates": [
          [
            [13.275510787963867, 57.46654510498047],
            [13.552358627319336, 57.46654510498047],
            [13.552358627319336, 57.56531524658203],
            [13.275510787963867, 57.56531524658203],
            [13.275510787963867, 57.46654510498047]
          ]
        ]
      }
    },
    {
      "type": "Feature",
      "properties": {
        "query_id": 47,
        "query_type": "intersection",
        "lat_min": 55.650463,
        "lat_max": 55.703083,
        "lon_min": 10.987494,
        "lon_max": 11.098776,
        "time_start": 128393304.0,
        "time_end": 133149336.0
      },
      "geometry": {
        "type": "Polygon",
        "coordinates": [
          [
            [10.987493515014648, 55.65046310424805],
            [11.098775863647461, 55.65046310424805],
            [11.098775863647461, 55.70308303833008],
            [10.987493515014648, 55.70308303833008],
            [10.987493515014648, 55.65046310424805]
          ]
        ]
      }
    },
    {
      "type": "Feature",
      "properties": {
        "query_id": 48,
        "query_type": "range",
        "lat_min": 57.447933,
        "lat_max": 57.536526,
        "lon_min": 10.413051,
        "lon_max": 10.600419,
        "time_start": 39634168.0,
        "time_end": 50461976.0
      },
      "geometry": {
        "type": "Polygon",
        "coordinates": [
          [
            [10.413050651550293, 57.447933197021484],
            [10.600419044494629, 57.447933197021484],
            [10.600419044494629, 57.53652572631836],
            [10.413050651550293, 57.53652572631836],
            [10.413050651550293, 57.447933197021484]
          ]
        ]
      }
    },
    {
      "type": "Feature",
      "properties": {
        "query_id": 49,
        "query_type": "range",
        "lat_min": 54.496593,
        "lat_max": 54.543743,
        "lon_min": 11.192477,
        "lon_max": 11.29219,
        "time_start": 115415048.0,
        "time_end": 133273416.0
      },
      "geometry": {
        "type": "Polygon",
        "coordinates": [
          [
            [11.192477226257324, 54.4965934753418],
            [11.292189598083496, 54.4965934753418],
            [11.292189598083496, 54.54374313354492],
            [11.192477226257324, 54.54374313354492],
            [11.192477226257324, 54.4965934753418]
          ]
        ]
      }
    },
    {
      "type": "Feature",
      "properties": {
        "query_id": 50,
        "query_type": "aggregation",
        "lat_min": 56.872486,
        "lat_max": 56.920277,
        "lon_min": 13.342562,
        "lon_max": 13.476517,
        "time_start": 192771472.0,
        "time_end": 204916400.0
      },
      "geometry": {
        "type": "Polygon",
        "coordinates": [
          [
            [13.342561721801758, 56.87248611450195],
            [13.476516723632812, 56.87248611450195],
            [13.476516723632812, 56.9202766418457],
            [13.342561721801758, 56.9202766418457],
            [13.342561721801758, 56.87248611450195]
          ]
        ]
      }
    },
    {
      "type": "Feature",
      "properties": {
        "query_id": 51,
        "query_type": "range",
        "lat_min": 57.388622,
        "lat_max": 57.506062,
        "lon_min": 8.702474,
        "lon_max": 8.950856,
        "time_start": 77049360.0,
        "time_end": 81530864.0
      },
      "geometry": {
        "type": "Polygon",
        "coordinates": [
          [
            [8.702473640441895, 57.38862228393555],
            [8.95085620880127, 57.38862228393555],
            [8.95085620880127, 57.50606155395508],
            [8.702473640441895, 57.50606155395508],
            [8.702473640441895, 57.38862228393555]
          ]
        ]
      }
    },
    {
      "type": "Feature",
      "properties": {
        "query_id": 52,
        "query_type": "aggregation",
        "lat_min": 57.376198,
        "lat_max": 57.414299,
        "lon_min": 15.22658,
        "lon_max": 15.333372,
        "time_start": 110283216.0,
        "time_end": 135435376.0
      },
      "geometry": {
        "type": "Polygon",
        "coordinates": [
          [
            [15.226579666137695, 57.376197814941406],
            [15.333372116088867, 57.376197814941406],
            [15.333372116088867, 57.41429901123047],
            [15.226579666137695, 57.41429901123047],
            [15.226579666137695, 57.376197814941406]
          ]
        ]
      }
    },
    {
      "type": "Feature",
      "properties": {
        "query_id": 53,
        "query_type": "intersection",
        "lat_min": 56.00209,
        "lat_max": 56.125824,
        "lon_min": 11.311459,
        "lon_max": 11.573147,
        "time_start": 11688496.0,
        "time_end": 14870976.0
      },
      "geometry": {
        "type": "Polygon",
        "coordinates": [
          [
            [11.311458587646484, 56.00209045410156],
            [11.57314682006836, 56.00209045410156],
            [11.57314682006836, 56.125823974609375],
            [11.311458587646484, 56.125823974609375],
            [11.311458587646484, 56.00209045410156]
          ]
        ]
      }
    },
    {
      "type": "Feature",
      "properties": {
        "query_id": 54,
        "query_type": "nearest",
        "lat_min": 55.4086,
        "lat_max": 55.428596,
        "lon_min": 8.276301,
        "lon_max": 8.296302,
        "time_start": 56941144.0,
        "time_end": 83508056.0
      },
      "geometry": {
        "type": "Polygon",
        "coordinates": [
          [
            [8.276301383972168, 55.408599853515625],
            [8.29630184173584, 55.408599853515625],
            [8.29630184173584, 55.42859649658203],
            [8.276301383972168, 55.42859649658203],
            [8.276301383972168, 55.408599853515625]
          ]
        ]
      }
    },
    {
      "type": "Feature",
      "properties": {
        "query_id": 55,
        "query_type": "aggregation",
        "lat_min": 57.945805,
        "lat_max": 58.002598,
        "lon_min": 15.457865,
        "lon_max": 15.617065,
        "time_start": 235264848.0,
        "time_end": 251394384.0
      },
      "geometry": {
        "type": "Polygon",
        "coordinates": [
          [
            [15.457864761352539, 57.945804595947266],
            [15.6170654296875, 57.945804595947266],
            [15.6170654296875, 58.00259780883789],
            [15.457864761352539, 58.00259780883789],
            [15.457864761352539, 57.945804595947266]
          ]
        ]
      }
    },
    {
      "type": "Feature",
      "properties": {
        "query_id": 56,
        "query_type": "range",
        "lat_min": 57.798149,
        "lat_max": 57.908035,
        "lon_min": 9.748335,
        "lon_max": 9.98074,
        "time_start": 177839936.0,
        "time_end": 194307904.0
      },
      "geometry": {
        "type": "Polygon",
        "coordinates": [
          [
            [9.748334884643555, 57.79814910888672],
            [9.98073959350586, 57.79814910888672],
            [9.98073959350586, 57.90803527832031],
            [9.748334884643555, 57.90803527832031],
            [9.748334884643555, 57.79814910888672]
          ]
        ]
      }
    },
    {
      "type": "Feature",
      "properties": {
        "query_id": 57,
        "query_type": "intersection",
        "lat_min": 56.182777,
        "lat_max": 56.327011,
        "lon_min": 10.949569,
        "lon_max": 11.254617,
        "time_start": 147617344.0,
        "time_end": 165875808.0
      },
      "geometry": {
        "type": "Polygon",
        "coordinates": [
          [
            [10.949568748474121, 56.182777404785156],
            [11.254616737365723, 56.182777404785156],
            [11.254616737365723, 56.32701110839844],
            [10.949568748474121, 56.32701110839844],
            [10.949568748474121, 56.182777404785156]
          ]
        ]
      }
    },
    {
      "type": "Feature",
      "properties": {
        "query_id": 58,
        "query_type": "nearest",
        "lat_min": 57.420555,
        "lat_max": 57.440552,
        "lon_min": 8.497765,
        "lon_max": 8.517765,
        "time_start": 1759985.0,
        "time_end": 28326896.0
      },
      "geometry": {
        "type": "Polygon",
        "coordinates": [
          [
            [8.497764587402344, 57.420555114746094],
            [8.517765045166016, 57.420555114746094],
            [8.517765045166016, 57.4405517578125],
            [8.497764587402344, 57.4405517578125],
            [8.497764587402344, 57.420555114746094]
          ]
        ]
      }
    },
    {
      "type": "Feature",
      "properties": {
        "query_id": 59,
        "query_type": "nearest",
        "lat_min": 54.777401,
        "lat_max": 54.797398,
        "lon_min": 12.996611,
        "lon_max": 13.016611,
        "time_start": 5525225.0,
        "time_end": 32092136.0
      },
      "geometry": {
        "type": "Polygon",
        "coordinates": [
          [
            [12.996610641479492, 54.777400970458984],
            [13.016611099243164, 54.777400970458984],
            [13.016611099243164, 54.79739761352539],
            [12.996610641479492, 54.79739761352539],
            [12.996610641479492, 54.777400970458984]
          ]
        ]
      }
    },
    {
      "type": "Feature",
      "properties": {
        "query_id": 60,
        "query_type": "range",
        "lat_min": 56.992313,
        "lat_max": 57.030186,
        "lon_min": 11.705037,
        "lon_max": 11.785129,
        "time_start": 231660064.0,
        "time_end": 238796000.0
      },
      "geometry": {
        "type": "Polygon",
        "coordinates": [
          [
            [11.705037117004395, 56.992313385009766],
            [11.785128593444824, 56.992313385009766],
            [11.785128593444824, 57.03018569946289],
            [11.705037117004395, 57.03018569946289],
            [11.705037117004395, 56.992313385009766]
          ]
        ]
      }
    },
    {
      "type": "Feature",
      "properties": {
        "query_id": 61,
        "query_type": "aggregation",
        "lat_min": 54.816952,
        "lat_max": 54.870464,
        "lon_min": 5.596335,
        "lon_max": 5.746324,
        "time_start": 49589440.0,
        "time_end": 63744832.0
      },
      "geometry": {
        "type": "Polygon",
        "coordinates": [
          [
            [5.596334934234619, 54.816951751708984],
            [5.746324062347412, 54.816951751708984],
            [5.746324062347412, 54.87046432495117],
            [5.596334934234619, 54.87046432495117],
            [5.596334934234619, 54.816951751708984]
          ]
        ]
      }
    },
    {
      "type": "Feature",
      "properties": {
        "query_id": 62,
        "query_type": "aggregation",
        "lat_min": 54.299076,
        "lat_max": 54.397175,
        "lon_min": 14.19683,
        "lon_max": 14.471795,
        "time_start": 24121660.0,
        "time_end": 50281700.0
      },
      "geometry": {
        "type": "Polygon",
        "coordinates": [
          [
            [14.196829795837402, 54.299076080322266],
            [14.471795082092285, 54.299076080322266],
            [14.471795082092285, 54.39717483520508],
            [14.196829795837402, 54.39717483520508],
            [14.196829795837402, 54.299076080322266]
          ]
        ]
      }
    },
    {
      "type": "Feature",
      "properties": {
        "query_id": 63,
        "query_type": "range",
        "lat_min": 57.699673,
        "lat_max": 57.734776,
        "lon_min": 11.402805,
        "lon_max": 11.477051,
        "time_start": 116067608.0,
        "time_end": 120620792.0
      },
      "geometry": {
        "type": "Polygon",
        "coordinates": [
          [
            [11.40280532836914, 57.69967269897461],
            [11.47705078125, 57.69967269897461],
            [11.47705078125, 57.73477554321289],
            [11.40280532836914, 57.73477554321289],
            [11.40280532836914, 57.69967269897461]
          ]
        ]
      }
    },
    {
      "type": "Feature",
      "properties": {
        "query_id": 64,
        "query_type": "aggregation",
        "lat_min": 54.539227,
        "lat_max": 54.56213,
        "lon_min": 10.14714,
        "lon_max": 10.211341,
        "time_start": 12592348.0,
        "time_end": 20362166.0
      },
      "geometry": {
        "type": "Polygon",
        "coordinates": [
          [
            [10.147139549255371, 54.53922653198242],
            [10.21134090423584, 54.53922653198242],
            [10.21134090423584, 54.562129974365234],
            [10.147139549255371, 54.562129974365234],
            [10.147139549255371, 54.53922653198242]
          ]
        ]
      }
    },
    {
      "type": "Feature",
      "properties": {
        "query_id": 65,
        "query_type": "range",
        "lat_min": 57.863266,
        "lat_max": 57.919807,
        "lon_min": 9.668298,
        "lon_max": 9.787887,
        "time_start": 127518632.0,
        "time_end": 134121688.0
      },
      "geometry": {
        "type": "Polygon",
        "coordinates": [
          [
            [9.66829776763916, 57.86326599121094],
            [9.787886619567871, 57.86326599121094],
            [9.787886619567871, 57.91980743408203],
            [9.66829776763916, 57.91980743408203],
            [9.66829776763916, 57.86326599121094]
          ]
        ]
      }
    },
    {
      "type": "Feature",
      "properties": {
        "query_id": 66,
        "query_type": "nearest",
        "lat_min": 55.987244,
        "lat_max": 56.00724,
        "lon_min": 12.592495,
        "lon_max": 12.612495,
        "time_start": 94026904.0,
        "time_end": 120593816.0
      },
      "geometry": {
        "type": "Polygon",
        "coordinates": [
          [
            [12.59249496459961, 55.98724365234375],
            [12.612495422363281, 55.98724365234375],
            [12.612495422363281, 56.007240295410156],
            [12.59249496459961, 56.007240295410156],
            [12.59249496459961, 55.98724365234375]
          ]
        ]
      }
    },
    {
      "type": "Feature",
      "properties": {
        "query_id": 67,
        "query_type": "nearest",
        "lat_min": 54.100086,
        "lat_max": 54.120083,
        "lon_min": 12.091748,
        "lon_max": 12.111749,
        "time_start": 46072084.0,
        "time_end": 72638992.0
      },
      "geometry": {
        "type": "Polygon",
        "coordinates": [
          [
            [12.091748237609863, 54.1000862121582],
            [12.111748695373535, 54.1000862121582],
            [12.111748695373535, 54.12008285522461],
            [12.091748237609863, 54.12008285522461],
            [12.091748237609863, 54.1000862121582]
          ]
        ]
      }
    },
    {
      "type": "Feature",
      "properties": {
        "query_id": 68,
        "query_type": "range",
        "lat_min": 54.921349,
        "lat_max": 54.983322,
        "lon_min": 13.712049,
        "lon_max": 13.843112,
        "time_start": 0.0,
        "time_end": 12516156.0
      },
      "geometry": {
        "type": "Polygon",
        "coordinates": [
          [
            [13.712048530578613, 54.921348571777344],
            [13.843111991882324, 54.921348571777344],
            [13.843111991882324, 54.98332214355469],
            [13.712048530578613, 54.98332214355469],
            [13.712048530578613, 54.921348571777344]
          ]
        ]
      }
    },
    {
      "type": "Feature",
      "properties": {
        "query_id": 69,
        "query_type": "aggregation",
        "lat_min": 54.605629,
        "lat_max": 54.672112,
        "lon_min": 7.381265,
        "lon_max": 7.567611,
        "time_start": 40876724.0,
        "time_end": 47297140.0
      },
      "geometry": {
        "type": "Polygon",
        "coordinates": [
          [
            [7.381264686584473, 54.605628967285156],
            [7.567610740661621, 54.605628967285156],
            [7.567610740661621, 54.67211151123047],
            [7.381264686584473, 54.67211151123047],
            [7.381264686584473, 54.605628967285156]
          ]
        ]
      }
    },
    {
      "type": "Feature",
      "properties": {
        "query_id": 70,
        "query_type": "range",
        "lat_min": 55.233162,
        "lat_max": 55.28923,
        "lon_min": 9.664925,
        "lon_max": 9.783501,
        "time_start": 228303952.0,
        "time_end": 234145232.0
      },
      "geometry": {
        "type": "Polygon",
        "coordinates": [
          [
            [9.664924621582031, 55.23316192626953],
            [9.783500671386719, 55.23316192626953],
            [9.783500671386719, 55.28923034667969],
            [9.664924621582031, 55.28923034667969],
            [9.664924621582031, 55.23316192626953]
          ]
        ]
      }
    },
    {
      "type": "Feature",
      "properties": {
        "query_id": 71,
        "query_type": "aggregation",
        "lat_min": 57.195774,
        "lat_max": 57.264446,
        "lon_min": 8.98846,
        "lon_max": 9.180949,
        "time_start": 116982192.0,
        "time_end": 137964656.0
      },
      "geometry": {
        "type": "Polygon",
        "coordinates": [
          [
            [8.988459587097168, 57.19577407836914],
            [9.180949211120605, 57.19577407836914],
            [9.180949211120605, 57.26444625854492],
            [8.988459587097168, 57.26444625854492],
            [8.988459587097168, 57.19577407836914]
          ]
        ]
      }
    },
    {
      "type": "Feature",
      "properties": {
        "query_id": 72,
        "query_type": "intersection",
        "lat_min": 57.569202,
        "lat_max": 57.612103,
        "lon_min": 10.819287,
        "lon_max": 10.910012,
        "time_start": 220812640.0,
        "time_end": 238031936.0
      },
      "geometry": {
        "type": "Polygon",
        "coordinates": [
          [
            [10.819287300109863, 57.5692024230957],
            [10.910012245178223, 57.5692024230957],
            [10.910012245178223, 57.61210250854492],
            [10.819287300109863, 57.61210250854492],
            [10.819287300109863, 57.5692024230957]
          ]
        ]
      }
    },
    {
      "type": "Feature",
      "properties": {
        "query_id": 73,
        "query_type": "nearest",
        "lat_min": 55.384262,
        "lat_max": 55.404259,
        "lon_min": 14.534753,
        "lon_max": 14.554753,
        "time_start": 243790272.0,
        "time_end": 270357184.0
      },
      "geometry": {
        "type": "Polygon",
        "coordinates": [
          [
            [14.53475284576416, 55.38426208496094],
            [14.554753303527832, 55.38426208496094],
            [14.554753303527832, 55.404258728027344],
            [14.53475284576416, 55.404258728027344],
            [14.53475284576416, 55.38426208496094]
          ]
        ]
      }
    },
    {
      "type": "Feature",
      "properties": {
        "query_id": 74,
        "query_type": "aggregation",
        "lat_min": 57.237232,
        "lat_max": 57.347637,
        "lon_min": 7.628369,
        "lon_max": 7.93784,
        "time_start": 232478320.0,
        "time_end": 247475920.0
      },
      "geometry": {
        "type": "Polygon",
        "coordinates": [
          [
            [7.628369331359863, 57.23723220825195],
            [7.937840461730957, 57.23723220825195],
            [7.937840461730957, 57.34763717651367],
            [7.628369331359863, 57.34763717651367],
            [7.628369331359863, 57.23723220825195]
          ]
        ]
      }
    },
    {
      "type": "Feature",
      "properties": {
        "query_id": 75,
        "query_type": "nearest",
        "lat_min": 54.763123,
        "lat_max": 54.783119,
        "lon_min": 13.257363,
        "lon_max": 13.277364,
        "time_start": 66610024.0,
        "time_end": 93176936.0
      },
      "geometry": {
        "type": "Polygon",
        "coordinates": [
          [
            [13.257363319396973, 54.76312255859375],
            [13.277363777160645, 54.76312255859375],
            [13.277363777160645, 54.783119201660156],
            [13.257363319396973, 54.783119201660156],
            [13.257363319396973, 54.76312255859375]
          ]
        ]
      }
    },
    {
      "type": "Feature",
      "properties": {
        "query_id": 76,
        "query_type": "aggregation",
        "lat_min": 57.6959,
        "lat_max": 57.711296,
        "lon_min": 7.210558,
        "lon_max": 7.253714,
        "time_start": 6311983.5,
        "time_end": 15643904.0
      },
      "geometry": {
        "type": "Polygon",
        "coordinates": [
          [
            [7.21055793762207, 57.695899963378906],
            [7.253713607788086, 57.695899963378906],
            [7.253713607788086, 57.71129608154297],
            [7.21055793762207, 57.71129608154297],
            [7.21055793762207, 57.695899963378906]
          ]
        ]
      }
    },
    {
      "type": "Feature",
      "properties": {
        "query_id": 77,
        "query_type": "intersection",
        "lat_min": 56.679741,
        "lat_max": 56.706154,
        "lon_min": 11.87035,
        "lon_max": 11.926207,
        "time_start": 148690112.0,
        "time_end": 158143232.0
      },
      "geometry": {
        "type": "Polygon",
        "coordinates": [
          [
            [11.870349884033203, 56.67974090576172],
            [11.926206588745117, 56.67974090576172],
            [11.926206588745117, 56.706153869628906],
            [11.870349884033203, 56.706153869628906],
            [11.870349884033203, 56.67974090576172]
          ]
        ]
      }
    },
    {
      "type": "Feature",
      "properties": {
        "query_id": 78,
        "query_type": "aggregation",
        "lat_min": 54.935688,
        "lat_max": 55.029415,
        "lon_min": 9.839477,
        "lon_max": 10.102204,
        "time_start": 210781056.0,
        "time_end": 214429696.0
      },
      "geometry": {
        "type": "Polygon",
        "coordinates": [
          [
            [9.839476585388184, 54.93568801879883],
            [10.102204322814941, 54.93568801879883],
            [10.102204322814941, 55.029415130615234],
            [9.839476585388184, 55.029415130615234],
            [9.839476585388184, 54.93568801879883]
          ]
        ]
      }
    },
    {
      "type": "Feature",
      "properties": {
        "query_id": 79,
        "query_type": "range",
        "lat_min": 55.216934,
        "lat_max": 55.257431,
        "lon_min": 13.627887,
        "lon_max": 13.713532,
        "time_start": 116401672.0,
        "time_end": 137373008.0
      },
      "geometry": {
        "type": "Polygon",
        "coordinates": [
          [
            [13.627886772155762, 55.21693420410156],
            [13.713532447814941, 55.21693420410156],
            [13.713532447814941, 55.25743103027344],
            [13.627886772155762, 55.25743103027344],
            [13.627886772155762, 55.21693420410156]
          ]
        ]
      }
    },
    {
      "type": "Feature",
      "properties": {
        "query_id": 80,
        "query_type": "aggregation",
        "lat_min": 54.980541,
        "lat_max": 55.042439,
        "lon_min": 12.43134,
        "lon_max": 12.604842,
        "time_start": 139814912.0,
        "time_end": 147217536.0
      },
      "geometry": {
        "type": "Polygon",
        "coordinates": [
          [
            [12.431340217590332, 54.98054122924805],
            [12.604842185974121, 54.98054122924805],
            [12.604842185974121, 55.04243850708008],
            [12.431340217590332, 55.04243850708008],
            [12.431340217590332, 54.98054122924805]
          ]
        ]
      }
    },
    {
      "type": "Feature",
      "properties": {
        "query_id": 81,
        "query_type": "range",
        "lat_min": 54.91143,
        "lat_max": 54.97422,
        "lon_min": 10.19237,
        "lon_max": 10.325173,
        "time_start": 245259024.0,
        "time_end": 265669088.0
      },
      "geometry": {
        "type": "Polygon",
        "coordinates": [
          [
            [10.192370414733887, 54.91143035888672],
            [10.325173377990723, 54.91143035888672],
            [10.325173377990723, 54.974220275878906],
            [10.192370414733887, 54.974220275878906],
            [10.192370414733887, 54.91143035888672]
          ]
        ]
      }
    },
    {
      "type": "Feature",
      "properties": {
        "query_id": 82,
        "query_type": "aggregation",
        "lat_min": 55.144493,
        "lat_max": 55.17746,
        "lon_min": 14.833597,
        "lon_max": 14.926001,
        "time_start": 9858633.0,
        "time_end": 33047172.0
      },
      "geometry": {
        "type": "Polygon",
        "coordinates": [
          [
            [14.833597183227539, 55.144493103027344],
            [14.926000595092773, 55.144493103027344],
            [14.926000595092773, 55.177459716796875],
            [14.833597183227539, 55.177459716796875],
            [14.833597183227539, 55.144493103027344]
          ]
        ]
      }
    },
    {
      "type": "Feature",
      "properties": {
        "query_id": 83,
        "query_type": "range",
        "lat_min": 55.817616,
        "lat_max": 55.929226,
        "lon_min": 12.671158,
        "lon_max": 12.907202,
        "time_start": 46086748.0,
        "time_end": 63327348.0
      },
      "geometry": {
        "type": "Polygon",
        "coordinates": [
          [
            [12.671157836914062, 55.8176155090332],
            [12.907201766967773, 55.8176155090332],
            [12.907201766967773, 55.92922592163086],
            [12.671157836914062, 55.92922592163086],
            [12.671157836914062, 55.8176155090332]
          ]
        ]
      }
    },
    {
      "type": "Feature",
      "properties": {
        "query_id": 84,
        "query_type": "range",
        "lat_min": 55.584404,
        "lat_max": 55.64315,
        "lon_min": 12.935118,
        "lon_max": 13.059362,
        "time_start": 154912928.0,
        "time_end": 168085504.0
      },
      "geometry": {
        "type": "Polygon",
        "coordinates": [
          [
            [12.935117721557617, 55.58440399169922],
            [13.059362411499023, 55.58440399169922],
            [13.059362411499023, 55.643150329589844],
            [12.935117721557617, 55.643150329589844],
            [12.935117721557617, 55.58440399169922]
          ]
        ]
      }
    },
    {
      "type": "Feature",
      "properties": {
        "query_id": 85,
        "query_type": "aggregation",
        "lat_min": 57.388771,
        "lat_max": 57.471367,
        "lon_min": 13.403097,
        "lon_max": 13.634619,
        "time_start": 29016008.0,
        "time_end": 37251368.0
      },
      "geometry": {
        "type": "Polygon",
        "coordinates": [
          [
            [13.403097152709961, 57.388771057128906],
            [13.634618759155273, 57.388771057128906],
            [13.634618759155273, 57.47136688232422],
            [13.403097152709961, 57.47136688232422],
            [13.403097152709961, 57.388771057128906]
          ]
        ]
      }
    },
    {
      "type": "Feature",
      "properties": {
        "query_id": 86,
        "query_type": "intersection",
        "lat_min": 57.678032,
        "lat_max": 57.769531,
        "lon_min": 9.925889,
        "lon_max": 10.119405,
        "time_start": 211872640.0,
        "time_end": 223719040.0
      },
      "geometry": {
        "type": "Polygon",
        "coordinates": [
          [
            [9.925889015197754, 57.67803192138672],
            [10.119404792785645, 57.67803192138672],
            [10.119404792785645, 57.76953125],
            [9.925889015197754, 57.76953125],
            [9.925889015197754, 57.67803192138672]
          ]
        ]
      }
    },
    {
      "type": "Feature",
      "properties": {
        "query_id": 87,
        "query_type": "nearest",
        "lat_min": 57.884987,
        "lat_max": 57.904984,
        "lon_min": 10.775627,
        "lon_max": 10.795628,
        "time_start": 24879004.0,
        "time_end": 51445916.0
      },
      "geometry": {
        "type": "Polygon",
        "coordinates": [
          [
            [10.775627136230469, 57.884986877441406],
            [10.79562759399414, 57.884986877441406],
            [10.79562759399414, 57.90498352050781],
            [10.775627136230469, 57.90498352050781],
            [10.775627136230469, 57.884986877441406]
          ]
        ]
      }
    },
    {
      "type": "Feature",
      "properties": {
        "query_id": 88,
        "query_type": "intersection",
        "lat_min": 54.382694,
        "lat_max": 54.437504,
        "lon_min": 12.036604,
        "lon_max": 12.152527,
        "time_start": 55990308.0,
        "time_end": 66941940.0
      },
      "geometry": {
        "type": "Polygon",
        "coordinates": [
          [
            [12.036603927612305, 54.382694244384766],
            [12.15252685546875, 54.382694244384766],
            [12.15252685546875, 54.437503814697266],
            [12.036603927612305, 54.437503814697266],
            [12.036603927612305, 54.382694244384766]
          ]
        ]
      }
    },
    {
      "type": "Feature",
      "properties": {
        "query_id": 89,
        "query_type": "aggregation",
        "lat_min": 54.611446,
        "lat_max": 54.668324,
        "lon_min": 11.279719,
        "lon_max": 11.439149,
        "time_start": 34493736.0,
        "time_end": 40218888.0
      },
      "geometry": {
        "type": "Polygon",
        "coordinates": [
          [
            [11.279719352722168, 54.611446380615234],
            [11.439148902893066, 54.611446380615234],
            [11.439148902893066, 54.6683235168457],
            [11.279719352722168, 54.6683235168457],
            [11.279719352722168, 54.611446380615234]
          ]
        ]
      }
    },
    {
      "type": "Feature",
      "properties": {
        "query_id": 90,
        "query_type": "intersection",
        "lat_min": 57.382881,
        "lat_max": 57.495682,
        "lon_min": 10.430381,
        "lon_max": 10.668956,
        "time_start": 35293576.0,
        "time_end": 54985056.0
      },
      "geometry": {
        "type": "Polygon",
        "coordinates": [
          [
            [10.430380821228027, 57.38288116455078],
            [10.66895580291748, 57.38288116455078],
            [10.66895580291748, 57.49568176269531],
            [10.430380821228027, 57.49568176269531],
            [10.430380821228027, 57.38288116455078]
          ]
        ]
      }
    },
    {
      "type": "Feature",
      "properties": {
        "query_id": 91,
        "query_type": "range",
        "lat_min": 57.21172,
        "lat_max": 57.303158,
        "lon_min": 10.599905,
        "lon_max": 10.793299,
        "time_start": 240214064.0,
        "time_end": 254536848.0
      },
      "geometry": {
        "type": "Polygon",
        "coordinates": [
          [
            [10.599905014038086, 57.21171951293945],
            [10.793298721313477, 57.21171951293945],
            [10.793298721313477, 57.303157806396484],
            [10.599905014038086, 57.303157806396484],
            [10.599905014038086, 57.21171951293945]
          ]
        ]
      }
    },
    {
      "type": "Feature",
      "properties": {
        "query_id": 92,
        "query_type": "nearest",
        "lat_min": 54.396912,
        "lat_max": 54.416908,
        "lon_min": 11.835245,
        "lon_max": 11.855246,
        "time_start": 141810656.0,
        "time_end": 168377568.0
      },
      "geometry": {
        "type": "Polygon",
        "coordinates": [
          [
            [11.835245132446289, 54.39691162109375],
            [11.855245590209961, 54.39691162109375],
            [11.855245590209961, 54.416908264160156],
            [11.835245132446289, 54.416908264160156],
            [11.835245132446289, 54.39691162109375]
          ]
        ]
      }
    },
    {
      "type": "Feature",
      "properties": {
        "query_id": 93,
        "query_type": "aggregation",
        "lat_min": 55.970684,
        "lat_max": 55.983677,
        "lon_min": 7.142185,
        "lon_max": 7.17861,
        "time_start": 45001852.0,
        "time_end": 66445540.0
      },
      "geometry": {
        "type": "Polygon",
        "coordinates": [
          [
            [7.142185211181641, 55.97068405151367],
            [7.178609848022461, 55.97068405151367],
            [7.178609848022461, 55.98367691040039],
            [7.142185211181641, 55.98367691040039],
            [7.142185211181641, 55.97068405151367]
          ]
        ]
      }
    },
    {
      "type": "Feature",
      "properties": {
        "query_id": 94,
        "query_type": "intersection",
        "lat_min": 55.791744,
        "lat_max": 55.824345,
        "lon_min": 10.611051,
        "lon_max": 10.680005,
        "time_start": 244958160.0,
        "time_end": 249968144.0
      },
      "geometry": {
        "type": "Polygon",
        "coordinates": [
          [
            [10.611050605773926, 55.791744232177734],
            [10.680005073547363, 55.791744232177734],
            [10.680005073547363, 55.824344635009766],
            [10.611050605773926, 55.824344635009766],
            [10.611050605773926, 55.791744232177734]
          ]
        ]
      }
    },
    {
      "type": "Feature",
      "properties": {
        "query_id": 95,
        "query_type": "nearest",
        "lat_min": 55.635456,
        "lat_max": 55.655453,
        "lon_min": 15.104547,
        "lon_max": 15.124547,
        "time_start": 221346176.0,
        "time_end": 247913088.0
      },
      "geometry": {
        "type": "Polygon",
        "coordinates": [
          [
            [15.104546546936035, 55.63545608520508],
            [15.124547004699707, 55.63545608520508],
            [15.124547004699707, 55.655452728271484],
            [15.104546546936035, 55.655452728271484],
            [15.104546546936035, 55.63545608520508]
          ]
        ]
      }
    },
    {
      "type": "Feature",
      "properties": {
        "query_id": 96,
        "query_type": "intersection",
        "lat_min": 54.530655,
        "lat_max": 54.672676,
        "lon_min": 15.849528,
        "lon_max": 16.149895,
        "time_start": 112049984.0,
        "time_end": 123925392.0
      },
      "geometry": {
        "type": "Polygon",
        "coordinates": [
          [
            [15.849528312683105, 54.53065490722656],
            [16.14989471435547, 54.53065490722656],
            [16.14989471435547, 54.67267608642578],
            [15.849528312683105, 54.67267608642578],
            [15.849528312683105, 54.53065490722656]
          ]
        ]
      }
    },
    {
      "type": "Feature",
      "properties": {
        "query_id": 97,
        "query_type": "nearest",
        "lat_min": 54.758686,
        "lat_max": 54.778683,
        "lon_min": 8.618388,
        "lon_max": 8.638389,
        "time_start": 99595024.0,
        "time_end": 126161936.0
      },
      "geometry": {
        "type": "Polygon",
        "coordinates": [
          [
            [8.618388175964355, 54.75868606567383],
            [8.638388633728027, 54.75868606567383],
            [8.638388633728027, 54.778682708740234],
            [8.618388175964355, 54.778682708740234],
            [8.618388175964355, 54.75868606567383]
          ]
        ]
      }
    },
    {
      "type": "Feature",
      "properties": {
        "query_id": 98,
        "query_type": "intersection",
        "lat_min": 57.649036,
        "lat_max": 57.771183,
        "lon_min": 11.824048,
        "lon_max": 12.082376,
        "time_start": 137059360.0,
        "time_end": 147719840.0
      },
      "geometry": {
        "type": "Polygon",
        "coordinates": [
          [
            [11.824048042297363, 57.6490364074707],
            [12.082375526428223, 57.6490364074707],
            [12.082375526428223, 57.771183013916016],
            [11.824048042297363, 57.771183013916016],
            [11.824048042297363, 57.6490364074707]
          ]
        ]
      }
    },
    {
      "type": "Feature",
      "properties": {
        "query_id": 99,
        "query_type": "aggregation",
        "lat_min": 54.869164,
        "lat_max": 54.962341,
        "lon_min": 7.567885,
        "lon_max": 7.82906,
        "time_start": 56590100.0,
        "time_end": 72855760.0
      },
      "geometry": {
        "type": "Polygon",
        "coordinates": [
          [
            [7.567884922027588, 54.869163513183594],
            [7.829060077667236, 54.869163513183594],
            [7.829060077667236, 54.96234130859375],
            [7.567884922027588, 54.96234130859375],
            [7.567884922027588, 54.869163513183594]
          ]
        ]
      }
    },
    {
      "type": "Feature",
      "properties": {
        "query_id": 100,
        "query_type": "aggregation",
        "lat_min": 57.357128,
        "lat_max": 57.44762,
        "lon_min": 10.59448,
        "lon_max": 10.848125,
        "time_start": 3582388.0,
        "time_end": 16626856.0
      },
      "geometry": {
        "type": "Polygon",
        "coordinates": [
          [
            [10.59447956085205, 57.35712814331055],
            [10.848124504089355, 57.35712814331055],
            [10.848124504089355, 57.4476203918457],
            [10.59447956085205, 57.4476203918457],
            [10.59447956085205, 57.35712814331055]
          ]
        ]
      }
    },
    {
      "type": "Feature",
      "properties": {
        "query_id": 101,
        "query_type": "range",
        "lat_min": 54.410294,
        "lat_max": 54.425835,
        "lon_min": 10.193686,
        "lon_max": 10.226549,
        "time_start": 236251360.0,
        "time_end": 256332128.0
      },
      "geometry": {
        "type": "Polygon",
        "coordinates": [
          [
            [10.193685531616211, 54.41029357910156],
            [10.22654914855957, 54.41029357910156],
            [10.22654914855957, 54.42583465576172],
            [10.193685531616211, 54.42583465576172],
            [10.193685531616211, 54.41029357910156]
          ]
        ]
      }
    },
    {
      "type": "Feature",
      "properties": {
        "query_id": 102,
        "query_type": "aggregation",
        "lat_min": 57.099789,
        "lat_max": 57.14436,
        "lon_min": 5.465425,
        "lon_max": 5.59036,
        "time_start": 69482784.0,
        "time_end": 94753552.0
      },
      "geometry": {
        "type": "Polygon",
        "coordinates": [
          [
            [5.465424537658691, 57.099788665771484],
            [5.590359687805176, 57.099788665771484],
            [5.590359687805176, 57.14435958862305],
            [5.465424537658691, 57.14435958862305],
            [5.465424537658691, 57.099788665771484]
          ]
        ]
      }
    },
    {
      "type": "Feature",
      "properties": {
        "query_id": 103,
        "query_type": "intersection",
        "lat_min": 57.717888,
        "lat_max": 57.862534,
        "lon_min": 9.921395,
        "lon_max": 10.227311,
        "time_start": 111395712.0,
        "time_end": 135930400.0
      },
      "geometry": {
        "type": "Polygon",
        "coordinates": [
          [
            [9.921395301818848, 57.71788787841797],
            [10.227311134338379, 57.71788787841797],
            [10.227311134338379, 57.86253356933594],
            [9.921395301818848, 57.86253356933594],
            [9.921395301818848, 57.71788787841797]
          ]
        ]
      }
    },
    {
      "type": "Feature",
      "properties": {
        "query_id": 104,
        "query_type": "intersection",
        "lat_min": 56.111744,
        "lat_max": 56.197735,
        "lon_min": 11.157219,
        "lon_max": 11.339085,
        "time_start": 88048816.0,
        "time_end": 109122576.0
      },
      "geometry": {
        "type": "Polygon",
        "coordinates": [
          [
            [11.157218933105469, 56.11174392700195],
            [11.33908462524414, 56.11174392700195],
            [11.33908462524414, 56.19773483276367],
            [11.157218933105469, 56.19773483276367],
            [11.157218933105469, 56.11174392700195]
          ]
        ]
      }
    },
    {
      "type": "Feature",
      "properties": {
        "query_id": 105,
        "query_type": "aggregation",
        "lat_min": 55.110737,
        "lat_max": 55.14925,
        "lon_min": 5.917473,
        "lon_max": 6.025428,
        "time_start": 166815584.0,
        "time_end": 188039264.0
      },
      "geometry": {
        "type": "Polygon",
        "coordinates": [
          [
            [5.917473316192627, 55.11073684692383],
            [6.025428295135498, 55.11073684692383],
            [6.025428295135498, 55.14925003051758],
            [5.917473316192627, 55.14925003051758],
            [5.917473316192627, 55.11073684692383]
          ]
        ]
      }
    },
    {
      "type": "Feature",
      "properties": {
        "query_id": 106,
        "query_type": "intersection",
        "lat_min": 57.32254,
        "lat_max": 57.335678,
        "lon_min": 8.854964,
        "lon_max": 8.882752,
        "time_start": 6864450.5,
        "time_end": 17754334.0
      },
      "geometry": {
        "type": "Polygon",
        "coordinates": [
          [
            [8.854964256286621, 57.322540283203125],
            [8.882752418518066, 57.322540283203125],
            [8.882752418518066, 57.33567810058594],
            [8.854964256286621, 57.33567810058594],
            [8.854964256286621, 57.322540283203125]
          ]
        ]
      }
    },
    {
      "type": "Feature",
      "properties": {
        "query_id": 107,
        "query_type": "intersection",
        "lat_min": 56.140709,
        "lat_max": 56.241768,
        "lon_min": 11.200597,
        "lon_max": 11.414338,
        "time_start": 96510528.0,
        "time_end": 110531280.0
      },
      "geometry": {
        "type": "Polygon",
        "coordinates": [
          [
            [11.200596809387207, 56.140708923339844],
            [11.414338111877441, 56.140708923339844],
            [11.414338111877441, 56.24176788330078],
            [11.200596809387207, 56.24176788330078],
            [11.200596809387207, 56.140708923339844]
          ]
        ]
      }
    },
    {
      "type": "Feature",
      "properties": {
        "query_id": 108,
        "query_type": "range",
        "lat_min": 54.614567,
        "lat_max": 54.716099,
        "lon_min": 12.332631,
        "lon_max": 12.547368,
        "time_start": 217217232.0,
        "time_end": 224996144.0
      },
      "geometry": {
        "type": "Polygon",
        "coordinates": [
          [
            [12.33263111114502, 54.614566802978516],
            [12.547368049621582, 54.614566802978516],
            [12.547368049621582, 54.71609878540039],
            [12.33263111114502, 54.71609878540039],
            [12.33263111114502, 54.614566802978516]
          ]
        ]
      }
    },
    {
      "type": "Feature",
      "properties": {
        "query_id": 109,
        "query_type": "aggregation",
        "lat_min": 57.169556,
        "lat_max": 57.230148,
        "lon_min": 10.579388,
        "lon_max": 10.749231,
        "time_start": 80181872.0,
        "time_end": 104578480.0
      },
      "geometry": {
        "type": "Polygon",
        "coordinates": [
          [
            [10.579387664794922, 57.1695556640625],
            [10.749231338500977, 57.1695556640625],
            [10.749231338500977, 57.23014831542969],
            [10.579387664794922, 57.23014831542969],
            [10.579387664794922, 57.1695556640625]
          ]
        ]
      }
    },
    {
      "type": "Feature",
      "properties": {
        "query_id": 110,
        "query_type": "intersection",
        "lat_min": 57.729904,
        "lat_max": 57.863701,
        "lon_min": 10.343161,
        "lon_max": 10.626133,
        "time_start": 130793576.0,
        "time_end": 135375184.0
      },
      "geometry": {
        "type": "Polygon",
        "coordinates": [
          [
            [10.343160629272461, 57.72990417480469],
            [10.62613296508789, 57.72990417480469],
            [10.62613296508789, 57.86370086669922],
            [10.343160629272461, 57.86370086669922],
            [10.343160629272461, 57.72990417480469]
          ]
        ]
      }
    },
    {
      "type": "Feature",
      "properties": {
        "query_id": 111,
        "query_type": "aggregation",
        "lat_min": 56.816204,
        "lat_max": 56.834751,
        "lon_min": 10.775712,
        "lon_max": 10.827693,
        "time_start": 58333760.0,
        "time_end": 66497432.0
      },
      "geometry": {
        "type": "Polygon",
        "coordinates": [
          [
            [10.775712013244629, 56.81620407104492],
            [10.827692985534668, 56.81620407104492],
            [10.827692985534668, 56.83475112915039],
            [10.775712013244629, 56.83475112915039],
            [10.775712013244629, 56.81620407104492]
          ]
        ]
      }
    },
    {
      "type": "Feature",
      "properties": {
        "query_id": 112,
        "query_type": "nearest",
        "lat_min": 55.449135,
        "lat_max": 55.469131,
        "lon_min": 10.519315,
        "lon_max": 10.539315,
        "time_start": 152966400.0,
        "time_end": 179533312.0
      },
      "geometry": {
        "type": "Polygon",
        "coordinates": [
          [
            [10.519314765930176, 55.449134826660156],
            [10.539315223693848, 55.449134826660156],
            [10.539315223693848, 55.46913146972656],
            [10.519314765930176, 55.46913146972656],
            [10.519314765930176, 55.449134826660156]
          ]
        ]
      }
    },
    {
      "type": "Feature",
      "properties": {
        "query_id": 113,
        "query_type": "aggregation",
        "lat_min": 56.674374,
        "lat_max": 56.683895,
        "lon_min": 11.758616,
        "lon_max": 11.7853,
        "time_start": 193560128.0,
        "time_end": 214182656.0
      },
      "geometry": {
        "type": "Polygon",
        "coordinates": [
          [
            [11.75861644744873, 56.674373626708984],
            [11.785300254821777, 56.674373626708984],
            [11.785300254821777, 56.683895111083984],
            [11.75861644744873, 56.683895111083984],
            [11.75861644744873, 56.674373626708984]
          ]
        ]
      }
    },
    {
      "type": "Feature",
      "properties": {
        "query_id": 114,
        "query_type": "aggregation",
        "lat_min": 54.534554,
        "lat_max": 54.572151,
        "lon_min": 11.227274,
        "lon_max": 11.332659,
        "time_start": 129104384.0,
        "time_end": 154697760.0
      },
      "geometry": {
        "type": "Polygon",
        "coordinates": [
          [
            [11.227273941040039, 54.53455352783203],
            [11.332658767700195, 54.53455352783203],
            [11.332658767700195, 54.57215118408203],
            [11.227273941040039, 54.57215118408203],
            [11.227273941040039, 54.53455352783203]
          ]
        ]
      }
    },
    {
      "type": "Feature",
      "properties": {
        "query_id": 115,
        "query_type": "nearest",
        "lat_min": 55.255478,
        "lat_max": 55.275475,
        "lon_min": 12.90175,
        "lon_max": 12.92175,
        "time_start": 189574320.0,
        "time_end": 216141232.0
      },
      "geometry": {
        "type": "Polygon",
        "coordinates": [
          [
            [12.901749610900879, 55.25547790527344],
            [12.92175006866455, 55.25547790527344],
            [12.92175006866455, 55.275474548339844],
            [12.901749610900879, 55.275474548339844],
            [12.901749610900879, 55.25547790527344]
          ]
        ]
      }
    },
    {
      "type": "Feature",
      "properties": {
        "query_id": 116,
        "query_type": "intersection",
        "lat_min": 55.61998,
        "lat_max": 55.650864,
        "lon_min": 7.27441,
        "lon_max": 7.339724,
        "time_start": 123022472.0,
        "time_end": 142479136.0
      },
      "geometry": {
        "type": "Polygon",
        "coordinates": [
          [
            [7.274409770965576, 55.61997985839844],
            [7.339724063873291, 55.61997985839844],
            [7.339724063873291, 55.65086364746094],
            [7.274409770965576, 55.65086364746094],
            [7.274409770965576, 55.61997985839844]
          ]
        ]
      }
    },
    {
      "type": "Feature",
      "properties": {
        "query_id": 117,
        "query_type": "range",
        "lat_min": 57.651913,
        "lat_max": 57.779018,
        "lon_min": 10.451819,
        "lon_max": 10.720645,
        "time_start": 150413392.0,
        "time_end": 175698832.0
      },
      "geometry": {
        "type": "Polygon",
        "coordinates": [
          [
            [10.45181941986084, 57.651912689208984],
            [10.7206449508667, 57.651912689208984],
            [10.7206449508667, 57.77901840209961],
            [10.45181941986084, 57.77901840209961],
            [10.45181941986084, 57.651912689208984]
          ]
        ]
      }
    },
    {
      "type": "Feature",
      "properties": {
        "query_id": 118,
        "query_type": "aggregation",
        "lat_min": 54.773026,
        "lat_max": 54.784775,
        "lon_min": 12.007712,
        "lon_max": 12.040648,
        "time_start": 203992544.0,
        "time_end": 225354624.0
      },
      "geometry": {
        "type": "Polygon",
        "coordinates": [
          [
            [12.007712364196777, 54.77302551269531],
            [12.040648460388184, 54.77302551269531],
            [12.040648460388184, 54.78477478027344],
            [12.007712364196777, 54.78477478027344],
            [12.007712364196777, 54.77302551269531]
          ]
        ]
      }
    },
    {
      "type": "Feature",
      "properties": {
        "query_id": 119,
        "query_type": "aggregation",
        "lat_min": 57.662407,
        "lat_max": 57.743607,
        "lon_min": 10.602846,
        "lon_max": 10.830442,
        "time_start": 215679152.0,
        "time_end": 228619408.0
      },
      "geometry": {
        "type": "Polygon",
        "coordinates": [
          [
            [10.602846145629883, 57.66240692138672],
            [10.830442428588867, 57.66240692138672],
            [10.830442428588867, 57.74360656738281],
            [10.602846145629883, 57.74360656738281],
            [10.602846145629883, 57.66240692138672]
          ]
        ]
      }
    },
    {
      "type": "Feature",
      "properties": {
        "query_id": 120,
        "query_type": "intersection",
        "lat_min": 57.11874,
        "lat_max": 57.208462,
        "lon_min": 8.457301,
        "lon_max": 8.647065,
        "time_start": 107189144.0,
        "time_end": 123569384.0
      },
      "geometry": {
        "type": "Polygon",
        "coordinates": [
          [
            [8.457301139831543, 57.11874008178711],
            [8.647065162658691, 57.11874008178711],
            [8.647065162658691, 57.20846176147461],
            [8.457301139831543, 57.20846176147461],
            [8.457301139831543, 57.11874008178711]
          ]
        ]
      }
    },
    {
      "type": "Feature",
      "properties": {
        "query_id": 121,
        "query_type": "aggregation",
        "lat_min": 55.317039,
        "lat_max": 55.425858,
        "lon_min": 11.320247,
        "lon_max": 11.62526,
        "time_start": 157642928.0,
        "time_end": 183398480.0
      },
      "geometry": {
        "type": "Polygon",
        "coordinates": [
          [
            [11.320246696472168, 55.317039489746094],
            [11.625260353088379, 55.317039489746094],
            [11.625260353088379, 55.42585754394531],
            [11.320246696472168, 55.42585754394531],
            [11.320246696472168, 55.317039489746094]
          ]
        ]
      }
    },
    {
      "type": "Feature",
      "properties": {
        "query_id": 122,
        "query_type": "aggregation",
        "lat_min": 57.63689,
        "lat_max": 57.716633,
        "lon_min": 6.50201,
        "lon_max": 6.725523,
        "time_start": 33333634.0,
        "time_end": 36444800.0
      },
      "geometry": {
        "type": "Polygon",
        "coordinates": [
          [
            [6.502009868621826, 57.63689041137695],
            [6.725523471832275, 57.63689041137695],
            [6.725523471832275, 57.71663284301758],
            [6.502009868621826, 57.71663284301758],
            [6.502009868621826, 57.63689041137695]
          ]
        ]
      }
    },
    {
      "type": "Feature",
      "properties": {
        "query_id": 123,
        "query_type": "nearest",
        "lat_min": 57.725258,
        "lat_max": 57.745255,
        "lon_min": 10.632485,
        "lon_max": 10.652486,
        "time_start": -12267235.0,
        "time_end": 14299675.0
      },
      "geometry": {
        "type": "Polygon",
        "coordinates": [
          [
            [10.632485389709473, 57.725257873535156],
            [10.652485847473145, 57.725257873535156],
            [10.652485847473145, 57.74525451660156],
            [10.632485389709473, 57.74525451660156],
            [10.632485389709473, 57.725257873535156]
          ]
        ]
      }
    },
    {
      "type": "Feature",
      "properties": {
        "query_id": 124,
        "query_type": "range",
        "lat_min": 54.163387,
        "lat_max": 54.186008,
        "lon_min": 11.617622,
        "lon_max": 11.665464,
        "time_start": 228506144.0,
        "time_end": 250750336.0
      },
      "geometry": {
        "type": "Polygon",
        "coordinates": [
          [
            [11.617622375488281, 54.163387298583984],
            [11.665464401245117, 54.163387298583984],
            [11.665464401245117, 54.18600845336914],
            [11.617622375488281, 54.18600845336914],
            [11.617622375488281, 54.163387298583984]
          ]
        ]
      }
    },
    {
      "type": "Feature",
      "properties": {
        "query_id": 125,
        "query_type": "aggregation",
        "lat_min": 55.650898,
        "lat_max": 55.67889,
        "lon_min": 8.894505,
        "lon_max": 8.972977,
        "time_start": 162204880.0,
        "time_end": 165076560.0
      },
      "geometry": {
        "type": "Polygon",
        "coordinates": [
          [
            [8.89450454711914, 55.65089797973633],
            [8.972976684570312, 55.65089797973633],
            [8.972976684570312, 55.678890228271484],
            [8.89450454711914, 55.678890228271484],
            [8.89450454711914, 55.65089797973633]
          ]
        ]
      }
    },
    {
      "type": "Feature",
      "properties": {
        "query_id": 126,
        "query_type": "aggregation",
        "lat_min": 56.577019,
        "lat_max": 56.682701,
        "lon_min": 13.841935,
        "lon_max": 14.138156,
        "time_start": 153861792.0,
        "time_end": 170739168.0
      },
      "geometry": {
        "type": "Polygon",
        "coordinates": [
          [
            [13.841935157775879, 56.57701873779297],
            [14.138155937194824, 56.57701873779297],
            [14.138155937194824, 56.682701110839844],
            [13.841935157775879, 56.682701110839844],
            [13.841935157775879, 56.57701873779297]
          ]
        ]
      }
    },
    {
      "type": "Feature",
      "properties": {
        "query_id": 127,
        "query_type": "range",
        "lat_min": 54.661007,
        "lat_max": 54.729755,
        "lon_min": 14.299295,
        "lon_max": 14.444695,
        "time_start": 70358448.0,
        "time_end": 90426496.0
      },
      "geometry": {
        "type": "Polygon",
        "coordinates": [
          [
            [14.299295425415039, 54.661006927490234],
            [14.444694519042969, 54.661006927490234],
            [14.444694519042969, 54.72975540161133],
            [14.299295425415039, 54.72975540161133],
            [14.299295425415039, 54.661006927490234]
          ]
        ]
      }
    },
    {
      "type": "Feature",
      "properties": {
        "query_id": 128,
        "query_type": "range",
        "lat_min": 56.835758,
        "lat_max": 56.939014,
        "lon_min": 12.365315,
        "lon_max": 12.583699,
        "time_start": 76210656.0,
        "time_end": 84239872.0
      },
      "geometry": {
        "type": "Polygon",
        "coordinates": [
          [
            [12.365315437316895, 56.835758209228516],
            [12.583699226379395, 56.835758209228516],
            [12.583699226379395, 56.93901443481445],
            [12.365315437316895, 56.93901443481445],
            [12.365315437316895, 56.835758209228516]
          ]
        ]
      }
    },
    {
      "type": "Feature",
      "properties": {
        "query_id": 129,
        "query_type": "aggregation",
        "lat_min": 57.790512,
        "lat_max": 57.890656,
        "lon_min": 15.470921,
        "lon_max": 15.621243,
        "time_start": 239853568.0,
        "time_end": 248529952.0
      },
      "geometry": {
        "type": "Polygon",
        "coordinates": [
          [
            [15.47092056274414, 57.79051208496094],
            [15.62124252319336, 57.79051208496094],
            [15.62124252319336, 57.890655517578125],
            [15.47092056274414, 57.890655517578125],
            [15.47092056274414, 57.79051208496094]
          ]
        ]
      }
    },
    {
      "type": "Feature",
      "properties": {
        "query_id": 130,
        "query_type": "nearest",
        "lat_min": 55.347546,
        "lat_max": 55.367542,
        "lon_min": 5.710309,
        "lon_max": 5.730309,
        "time_start": 65258464.0,
        "time_end": 91825376.0
      },
      "geometry": {
        "type": "Polygon",
        "coordinates": [
          [
            [5.71030855178833, 55.3475456237793],
            [5.730309009552002, 55.3475456237793],
            [5.730309009552002, 55.3675422668457],
            [5.71030855178833, 55.3675422668457],
            [5.71030855178833, 55.3475456237793]
          ]
        ]
      }
    },
    {
      "type": "Feature",
      "properties": {
        "query_id": 131,
        "query_type": "aggregation",
        "lat_min": 57.736729,
        "lat_max": 57.777508,
        "lon_min": 12.657794,
        "lon_max": 12.772105,
        "time_start": 139833936.0,
        "time_end": 150523920.0
      },
      "geometry": {
        "type": "Polygon",
        "coordinates": [
          [
            [12.657793998718262, 57.73672866821289],
            [12.77210521697998, 57.73672866821289],
            [12.77210521697998, 57.77750778198242],
            [12.657793998718262, 57.77750778198242],
            [12.657793998718262, 57.73672866821289]
          ]
        ]
      }
    },
    {
      "type": "Feature",
      "properties": {
        "query_id": 132,
        "query_type": "range",
        "lat_min": 56.973305,
        "lat_max": 56.988678,
        "lon_min": 8.901284,
        "lon_max": 8.933791,
        "time_start": 172007312.0,
        "time_end": 181832368.0
      },
      "geometry": {
        "type": "Polygon",
        "coordinates": [
          [
            [8.901284217834473, 56.973304748535156],
            [8.933791160583496, 56.973304748535156],
            [8.933791160583496, 56.988677978515625],
            [8.901284217834473, 56.988677978515625],
            [8.901284217834473, 56.973304748535156]
          ]
        ]
      }
    },
    {
      "type": "Feature",
      "properties": {
        "query_id": 133,
        "query_type": "range",
        "lat_min": 54.594349,
        "lat_max": 54.712482,
        "lon_min": 11.224976,
        "lon_max": 11.474825,
        "time_start": 164515376.0,
        "time_end": 187857584.0
      },
      "geometry": {
        "type": "Polygon",
        "coordinates": [
          [
            [11.2249755859375, 54.5943489074707],
            [11.474824905395508, 54.5943489074707],
            [11.474824905395508, 54.71248245239258],
            [11.2249755859375, 54.71248245239258],
            [11.2249755859375, 54.5943489074707]
          ]
        ]
      }
    },
    {
      "type": "Feature",
      "properties": {
        "query_id": 134,
        "query_type": "nearest",
        "lat_min": 57.686298,
        "lat_max": 57.706295,
        "lon_min": 9.931709,
        "lon_max": 9.95171,
        "time_start": 93508024.0,
        "time_end": 120074936.0
      },
      "geometry": {
        "type": "Polygon",
        "coordinates": [
          [
            [9.931709289550781, 57.68629837036133],
            [9.951709747314453, 57.68629837036133],
            [9.951709747314453, 57.706295013427734],
            [9.931709289550781, 57.706295013427734],
            [9.931709289550781, 57.68629837036133]
          ]
        ]
      }
    },
    {
      "type": "Feature",
      "properties": {
        "query_id": 135,
        "query_type": "intersection",
        "lat_min": 57.573841,
        "lat_max": 57.612888,
        "lon_min": 9.919697,
        "lon_max": 10.002274,
        "time_start": 206208240.0,
        "time_end": 228422192.0
      },
      "geometry": {
        "type": "Polygon",
        "coordinates": [
          [
            [9.919696807861328, 57.5738410949707],
            [10.002273559570312, 57.5738410949707],
            [10.002273559570312, 57.61288833618164],
            [9.919696807861328, 57.61288833618164],
            [9.919696807861328, 57.5738410949707]
          ]
        ]
      }
    },
    {
      "type": "Feature",
      "properties": {
        "query_id": 136,
        "query_type": "nearest",
        "lat_min": 57.976517,
        "lat_max": 57.996513,
        "lon_min": 9.253588,
        "lon_max": 9.273588,
        "time_start": 238926480.0,
        "time_end": 265493392.0
      },
      "geometry": {
        "type": "Polygon",
        "coordinates": [
          [
            [9.25358772277832, 57.97651672363281],
            [9.273588180541992, 57.97651672363281],
            [9.273588180541992, 57.99651336669922],
            [9.25358772277832, 57.99651336669922],
            [9.25358772277832, 57.97651672363281]
          ]
        ]
      }
    },
    {
      "type": "Feature",
      "properties": {
        "query_id": 137,
        "query_type": "intersection",
        "lat_min": 54.883476,
        "lat_max": 55.007851,
        "lon_min": 13.273451,
        "lon_max": 13.536503,
        "time_start": 117073440.0,
        "time_end": 133303552.0
      },
      "geometry": {
        "type": "Polygon",
        "coordinates": [
          [
            [13.27345085144043, 54.88347625732422],
            [13.536502838134766, 54.88347625732422],
            [13.536502838134766, 55.007850646972656],
            [13.27345085144043, 55.007850646972656],
            [13.27345085144043, 54.88347625732422]
          ]
        ]
      }
    },
    {
      "type": "Feature",
      "properties": {
        "query_id": 138,
        "query_type": "aggregation",
        "lat_min": 55.911312,
        "lat_max": 55.984943,
        "lon_min": 10.385053,
        "lon_max": 10.591434,
        "time_start": 17304242.0,
        "time_end": 22310234.0
      },
      "geometry": {
        "type": "Polygon",
        "coordinates": [
          [
            [10.385052680969238, 55.911312103271484],
            [10.59143352508545, 55.911312103271484],
            [10.59143352508545, 55.98494338989258],
            [10.385052680969238, 55.98494338989258],
            [10.385052680969238, 55.911312103271484]
          ]
        ]
      }
    },
    {
      "type": "Feature",
      "properties": {
        "query_id": 139,
        "query_type": "range",
        "lat_min": 56.788216,
        "lat_max": 56.909485,
        "lon_min": 10.504644,
        "lon_max": 10.761129,
        "time_start": 7488626.0,
        "time_end": 25582022.0
      },
      "geometry": {
        "type": "Polygon",
        "coordinates": [
          [
            [10.504644393920898, 56.78821563720703],
            [10.761129379272461, 56.78821563720703],
            [10.761129379272461, 56.90948486328125],
            [10.504644393920898, 56.90948486328125],
            [10.504644393920898, 56.78821563720703]
          ]
        ]
      }
    },
    {
      "type": "Feature",
      "properties": {
        "query_id": 140,
        "query_type": "nearest",
        "lat_min": 55.071003,
        "lat_max": 55.091,
        "lon_min": 8.491889,
        "lon_max": 8.511889,
        "time_start": 39763864.0,
        "time_end": 66330776.0
      },
      "geometry": {
        "type": "Polygon",
        "coordinates": [
          [
            [8.491888999938965, 55.07100296020508],
            [8.511889457702637, 55.07100296020508],
            [8.511889457702637, 55.090999603271484],
            [8.491888999938965, 55.090999603271484],
            [8.491888999938965, 55.07100296020508]
          ]
        ]
      }
    },
    {
      "type": "Feature",
      "properties": {
        "query_id": 141,
        "query_type": "range",
        "lat_min": 54.534077,
        "lat_max": 54.570805,
        "lon_min": 11.432035,
        "lon_max": 11.50972,
        "time_start": 159225936.0,
        "time_end": 178382960.0
      },
      "geometry": {
        "type": "Polygon",
        "coordinates": [
          [
            [11.432035446166992, 54.53407669067383],
            [11.509719848632812, 54.53407669067383],
            [11.509719848632812, 54.570804595947266],
            [11.432035446166992, 54.570804595947266],
            [11.432035446166992, 54.53407669067383]
          ]
        ]
      }
    },
    {
      "type": "Feature",
      "properties": {
        "query_id": 142,
        "query_type": "intersection",
        "lat_min": 57.859066,
        "lat_max": 57.89912,
        "lon_min": 9.391947,
        "lon_max": 9.476664,
        "time_start": 28502620.0,
        "time_end": 44621580.0
      },
      "geometry": {
        "type": "Polygon",
        "coordinates": [
          [
            [9.391946792602539, 57.859066009521484],
            [9.476663589477539, 57.859066009521484],
            [9.476663589477539, 57.89912033081055],
            [9.391946792602539, 57.89912033081055],
            [9.391946792602539, 57.859066009521484]
          ]
        ]
      }
    },
    {
      "type": "Feature",
      "properties": {
        "query_id": 143,
        "query_type": "nearest",
        "lat_min": 55.907867,
        "lat_max": 55.927864,
        "lon_min": 10.227712,
        "lon_max": 10.247712,
        "time_start": 132881344.0,
        "time_end": 159448256.0
      },
      "geometry": {
        "type": "Polygon",
        "coordinates": [
          [
            [10.22771167755127, 55.907867431640625],
            [10.247712135314941, 55.907867431640625],
            [10.247712135314941, 55.92786407470703],
            [10.22771167755127, 55.92786407470703],
            [10.22771167755127, 55.907867431640625]
          ]
        ]
      }
    },
    {
      "type": "Feature",
      "properties": {
        "query_id": 144,
        "query_type": "aggregation",
        "lat_min": 54.402245,
        "lat_max": 54.46769,
        "lon_min": 14.023025,
        "lon_max": 14.206468,
        "time_start": 54930160.0,
        "time_end": 72504424.0
      },
      "geometry": {
        "type": "Polygon",
        "coordinates": [
          [
            [14.023024559020996, 54.402244567871094],
            [14.206467628479004, 54.402244567871094],
            [14.206467628479004, 54.467689514160156],
            [14.023024559020996, 54.467689514160156],
            [14.023024559020996, 54.402244567871094]
          ]
        ]
      }
    },
    {
      "type": "Feature",
      "properties": {
        "query_id": 145,
        "query_type": "intersection",
        "lat_min": 57.36961,
        "lat_max": 57.439823,
        "lon_min": 11.47436,
        "lon_max": 11.622856,
        "time_start": 0.0,
        "time_end": 19470228.0
      },
      "geometry": {
        "type": "Polygon",
        "coordinates": [
          [
            [11.474359512329102, 57.36960983276367],
            [11.622856140136719, 57.36960983276367],
            [11.622856140136719, 57.439823150634766],
            [11.474359512329102, 57.439823150634766],
            [11.474359512329102, 57.36960983276367]
          ]
        ]
      }
    },
    {
      "type": "Feature",
      "properties": {
        "query_id": 146,
        "query_type": "aggregation",
        "lat_min": 54.729336,
        "lat_max": 54.771626,
        "lon_min": 5.993021,
        "lon_max": 6.111566,
        "time_start": 188152448.0,
        "time_end": 193050112.0
      },
      "geometry": {
        "type": "Polygon",
        "coordinates": [
          [
            [5.993021488189697, 54.72933578491211],
            [6.111566066741943, 54.72933578491211],
            [6.111566066741943, 54.77162551879883],
            [5.993021488189697, 54.77162551879883],
            [5.993021488189697, 54.72933578491211]
          ]
        ]
      }
    },
    {
      "type": "Feature",
      "properties": {
        "query_id": 147,
        "query_type": "aggregation",
        "lat_min": 56.11887,
        "lat_max": 56.144817,
        "lon_min": 6.867186,
        "lon_max": 6.939915,
        "time_start": 179012608.0,
        "time_end": 195676032.0
      },
      "geometry": {
        "type": "Polygon",
        "coordinates": [
          [
            [6.867186069488525, 56.11886978149414],
            [6.939915180206299, 56.11886978149414],
            [6.939915180206299, 56.14481735229492],
            [6.867186069488525, 56.14481735229492],
            [6.867186069488525, 56.11886978149414]
          ]
        ]
      }
    },
    {
      "type": "Feature",
      "properties": {
        "query_id": 148,
        "query_type": "aggregation",
        "lat_min": 57.050999,
        "lat_max": 57.157452,
        "lon_min": 11.567787,
        "lon_max": 11.866169,
        "time_start": 41496640.0,
        "time_end": 52358256.0
      },
      "geometry": {
        "type": "Polygon",
        "coordinates": [
          [
            [11.567787170410156, 57.05099868774414],
            [11.866168975830078, 57.05099868774414],
            [11.866168975830078, 57.15745162963867],
            [11.567787170410156, 57.15745162963867],
            [11.567787170410156, 57.05099868774414]
          ]
        ]
      }
    },
    {
      "type": "Feature",
      "properties": {
        "query_id": 149,
        "query_type": "nearest",
        "lat_min": 56.087658,
        "lat_max": 56.107655,
        "lon_min": 10.27737,
        "lon_max": 10.297371,
        "time_start": 151516256.0,
        "time_end": 178083168.0
      },
      "geometry": {
        "type": "Polygon",
        "coordinates": [
          [
            [10.27737045288086, 56.0876579284668],
            [10.297370910644531, 56.0876579284668],
            [10.297370910644531, 56.1076545715332],
            [10.27737045288086, 56.1076545715332],
            [10.27737045288086, 56.0876579284668]
          ]
        ]
      }
    },
    {
      "type": "Feature",
      "properties": {
        "query_id": 150,
        "query_type": "intersection",
        "lat_min": 55.867378,
        "lat_max": 55.936996,
        "lon_min": 12.672524,
        "lon_max": 12.819762,
        "time_start": 158160448.0,
        "time_end": 171034304.0
      },
      "geometry": {
        "type": "Polygon",
        "coordinates": [
          [
            [12.672524452209473, 55.86737823486328],
            [12.819762229919434, 55.86737823486328],
            [12.819762229919434, 55.93699645996094],
            [12.672524452209473, 55.93699645996094],
            [12.672524452209473, 55.86737823486328]
          ]
        ]
      }
    },
    {
      "type": "Feature",
      "properties": {
        "query_id": 151,
        "query_type": "intersection",
        "lat_min": 55.948483,
        "lat_max": 56.090382,
        "lon_min": 7.122429,
        "lon_max": 7.422537,
        "time_start": 42092404.0,
        "time_end": 61052540.0
      },
      "geometry": {
        "type": "Polygon",
        "coordinates": [
          [
            [7.122428894042969, 55.948482513427734],
            [7.422536849975586, 55.948482513427734],
            [7.422536849975586, 56.09038162231445],
            [7.122428894042969, 56.09038162231445],
            [7.122428894042969, 55.948482513427734]
          ]
        ]
      }
    },
    {
      "type": "Feature",
      "properties": {
        "query_id": 152,
        "query_type": "nearest",
        "lat_min": 55.893608,
        "lat_max": 55.913605,
        "lon_min": 10.335435,
        "lon_max": 10.355435,
        "time_start": 132988800.0,
        "time_end": 159555712.0
      },
      "geometry": {
        "type": "Polygon",
        "coordinates": [
          [
            [10.335434913635254, 55.89360809326172],
            [10.355435371398926, 55.89360809326172],
            [10.355435371398926, 55.913604736328125],
            [10.335434913635254, 55.913604736328125],
            [10.335434913635254, 55.89360809326172]
          ]
        ]
      }
    },
    {
      "type": "Feature",
      "properties": {
        "query_id": 153,
        "query_type": "nearest",
        "lat_min": 54.449028,
        "lat_max": 54.469025,
        "lon_min": 11.962482,
        "lon_max": 11.982483,
        "time_start": 223726864.0,
        "time_end": 250293776.0
      },
      "geometry": {
        "type": "Polygon",
        "coordinates": [
          [
            [11.962482452392578, 54.44902801513672],
            [11.98248291015625, 54.44902801513672],
            [11.98248291015625, 54.469024658203125],
            [11.962482452392578, 54.469024658203125],
            [11.962482452392578, 54.44902801513672]
          ]
        ]
      }
    },
    {
      "type": "Feature",
      "properties": {
        "query_id": 154,
        "query_type": "nearest",
        "lat_min": 57.598522,
        "lat_max": 57.618519,
        "lon_min": 10.586454,
        "lon_max": 10.606455,
        "time_start": 86710448.0,
        "time_end": 113277360.0
      },
      "geometry": {
        "type": "Polygon",
        "coordinates": [
          [
            [10.586454391479492, 57.5985221862793],
            [10.606454849243164, 57.5985221862793],
            [10.606454849243164, 57.6185188293457],
            [10.586454391479492, 57.6185188293457],
            [10.586454391479492, 57.5985221862793]
          ]
        ]
      }
    },
    {
      "type": "Feature",
      "properties": {
        "query_id": 155,
        "query_type": "intersection",
        "lat_min": 57.816689,
        "lat_max": 57.864151,
        "lon_min": 10.342029,
        "lon_max": 10.442405,
        "time_start": 166005632.0,
        "time_end": 181904992.0
      },
      "geometry": {
        "type": "Polygon",
        "coordinates": [
          [
            [10.342028617858887, 57.816688537597656],
            [10.442404747009277, 57.816688537597656],
            [10.442404747009277, 57.86415100097656],
            [10.342028617858887, 57.86415100097656],
            [10.342028617858887, 57.816688537597656]
          ]
        ]
      }
    },
    {
      "type": "Feature",
      "properties": {
        "query_id": 156,
        "query_type": "intersection",
        "lat_min": 55.671368,
        "lat_max": 55.732998,
        "lon_min": 15.27848,
        "lon_max": 15.408826,
        "time_start": 135758096.0,
        "time_end": 153273712.0
      },
      "geometry": {
        "type": "Polygon",
        "coordinates": [
          [
            [15.27847957611084, 55.67136764526367],
            [15.408825874328613, 55.67136764526367],
            [15.408825874328613, 55.73299789428711],
            [15.27847957611084, 55.73299789428711],
            [15.27847957611084, 55.67136764526367]
          ]
        ]
      }
    },
    {
      "type": "Feature",
      "properties": {
        "query_id": 157,
        "query_type": "nearest",
        "lat_min": 55.181503,
        "lat_max": 55.2015,
        "lon_min": 14.275084,
        "lon_max": 14.295085,
        "time_start": 114953888.0,
        "time_end": 141520800.0
      },
      "geometry": {
        "type": "Polygon",
        "coordinates": [
          [
            [14.275084495544434, 55.18150329589844],
            [14.295084953308105, 55.18150329589844],
            [14.295084953308105, 55.201499938964844],
            [14.275084495544434, 55.201499938964844],
            [14.275084495544434, 55.18150329589844]
          ]
        ]
      }
    },
    {
      "type": "Feature",
      "properties": {
        "query_id": 158,
        "query_type": "aggregation",
        "lat_min": 56.997196,
        "lat_max": 57.093189,
        "lon_min": 7.228306,
        "lon_max": 7.497374,
        "time_start": 251302624.0,
        "time_end": 263633952.0
      },
      "geometry": {
        "type": "Polygon",
        "coordinates": [
          [
            [7.228306293487549, 56.997196197509766],
            [7.497374057769775, 56.997196197509766],
            [7.497374057769775, 57.09318923950195],
            [7.228306293487549, 57.09318923950195],
            [7.228306293487549, 56.997196197509766]
          ]
        ]
      }
    },
    {
      "type": "Feature",
      "properties": {
        "query_id": 159,
        "query_type": "nearest",
        "lat_min": 54.883221,
        "lat_max": 54.903217,
        "lon_min": 13.098191,
        "lon_max": 13.118192,
        "time_start": 753245.0,
        "time_end": 27320156.0
      },
      "geometry": {
        "type": "Polygon",
        "coordinates": [
          [
            [13.098191261291504, 54.88322067260742],
            [13.118191719055176, 54.88322067260742],
            [13.118191719055176, 54.90321731567383],
            [13.098191261291504, 54.90321731567383],
            [13.098191261291504, 54.88322067260742]
          ]
        ]
      }
    },
    {
      "type": "Feature",
      "properties": {
        "query_id": 160,
        "query_type": "aggregation",
        "lat_min": 56.540066,
        "lat_max": 56.650555,
        "lon_min": 6.581524,
        "lon_max": 6.89123,
        "time_start": 220614976.0,
        "time_end": 234311072.0
      },
      "geometry": {
        "type": "Polygon",
        "coordinates": [
          [
            [6.58152437210083, 56.54006576538086],
            [6.89123010635376, 56.54006576538086],
            [6.89123010635376, 56.65055465698242],
            [6.58152437210083, 56.65055465698242],
            [6.58152437210083, 56.54006576538086]
          ]
        ]
      }
    },
    {
      "type": "Feature",
      "properties": {
        "query_id": 161,
        "query_type": "intersection",
        "lat_min": 55.471115,
        "lat_max": 55.496582,
        "lon_min": 14.784954,
        "lon_max": 14.838816,
        "time_start": 12924489.0,
        "time_end": 20833370.0
      },
      "geometry": {
        "type": "Polygon",
        "coordinates": [
          [
            [14.784954071044922, 55.47111511230469],
            [14.838815689086914, 55.47111511230469],
            [14.838815689086914, 55.49658203125],
            [14.784954071044922, 55.49658203125],
            [14.784954071044922, 55.47111511230469]
          ]
        ]
      }
    },
    {
      "type": "Feature",
      "properties": {
        "query_id": 162,
        "query_type": "nearest",
        "lat_min": 57.570332,
        "lat_max": 57.590328,
        "lon_min": 9.905829,
        "lon_max": 9.92583,
        "time_start": 47615524.0,
        "time_end": 74182432.0
      },
      "geometry": {
        "type": "Polygon",
        "coordinates": [
          [
            [9.905829429626465, 57.57033157348633],
            [9.925829887390137, 57.57033157348633],
            [9.925829887390137, 57.590328216552734],
            [9.905829429626465, 57.590328216552734],
            [9.905829429626465, 57.57033157348633]
          ]
        ]
      }
    },
    {
      "type": "Feature",
      "properties": {
        "query_id": 163,
        "query_type": "intersection",
        "lat_min": 57.633907,
        "lat_max": 57.751614,
        "lon_min": 11.787158,
        "lon_max": 12.036105,
        "time_start": 123336784.0,
        "time_end": 135860208.0
      },
      "geometry": {
        "type": "Polygon",
        "coordinates": [
          [
            [11.787158012390137, 57.633907318115234],
            [12.036105155944824, 57.633907318115234],
            [12.036105155944824, 57.75161361694336],
            [11.787158012390137, 57.75161361694336],
            [11.787158012390137, 57.633907318115234]
          ]
        ]
      }
    },
    {
      "type": "Feature",
      "properties": {
        "query_id": 164,
        "query_type": "intersection",
        "lat_min": 54.581608,
        "lat_max": 54.668713,
        "lon_min": 10.334431,
        "lon_max": 10.518654,
        "time_start": 51545528.0,
        "time_end": 70224864.0
      },
      "geometry": {
        "type": "Polygon",
        "coordinates": [
          [
            [10.334430694580078, 54.581607818603516],
            [10.518653869628906, 54.581607818603516],
            [10.518653869628906, 54.6687126159668],
            [10.334430694580078, 54.6687126159668],
            [10.334430694580078, 54.581607818603516]
          ]
        ]
      }
    },
    {
      "type": "Feature",
      "properties": {
        "query_id": 165,
        "query_type": "aggregation",
        "lat_min": 55.332878,
        "lat_max": 55.439957,
        "lon_min": 14.546174,
        "lon_max": 14.84632,
        "time_start": 246153744.0,
        "time_end": 264012848.0
      },
      "geometry": {
        "type": "Polygon",
        "coordinates": [
          [
            [14.546174049377441, 55.33287811279297],
            [14.846320152282715, 55.33287811279297],
            [14.846320152282715, 55.43995666503906],
            [14.546174049377441, 55.43995666503906],
            [14.546174049377441, 55.33287811279297]
          ]
        ]
      }
    },
    {
      "type": "Feature",
      "properties": {
        "query_id": 166,
        "query_type": "aggregation",
        "lat_min": 56.271591,
        "lat_max": 56.297653,
        "lon_min": 7.813177,
        "lon_max": 7.886225,
        "time_start": 75075624.0,
        "time_end": 80099880.0
      },
      "geometry": {
        "type": "Polygon",
        "coordinates": [
          [
            [7.81317663192749, 56.27159118652344],
            [7.88622522354126, 56.27159118652344],
            [7.88622522354126, 56.29765319824219],
            [7.81317663192749, 56.29765319824219],
            [7.81317663192749, 56.27159118652344]
          ]
        ]
      }
    },
    {
      "type": "Feature",
      "properties": {
        "query_id": 167,
        "query_type": "intersection",
        "lat_min": 57.428528,
        "lat_max": 57.461609,
        "lon_min": 11.431352,
        "lon_max": 11.501315,
        "time_start": 40091400.0,
        "time_end": 46304304.0
      },
      "geometry": {
        "type": "Polygon",
        "coordinates": [
          [
            [11.431351661682129, 57.42852783203125],
            [11.501315116882324, 57.42852783203125],
            [11.501315116882324, 57.46160888671875],
            [11.431351661682129, 57.46160888671875],
            [11.431351661682129, 57.42852783203125]
          ]
        ]
      }
    },
    {
      "type": "Feature",
      "properties": {
        "query_id": 168,
        "query_type": "aggregation",
        "lat_min": 54.314159,
        "lat_max": 54.416363,
        "lon_min": 14.736506,
        "lon_max": 15.022973,
        "time_start": 12375496.0,
        "time_end": 29776304.0
      },
      "geometry": {
        "type": "Polygon",
        "coordinates": [
          [
            [14.736506462097168, 54.31415939331055],
            [15.02297306060791, 54.31415939331055],
            [15.02297306060791, 54.41636276245117],
            [14.736506462097168, 54.41636276245117],
            [14.736506462097168, 54.31415939331055]
          ]
        ]
      }
    },
    {
      "type": "Feature",
      "properties": {
        "query_id": 169,
        "query_type": "nearest",
        "lat_min": 56.752922,
        "lat_max": 56.772919,
        "lon_min": 7.542666,
        "lon_max": 7.562666,
        "time_start": 174352512.0,
        "time_end": 200919424.0
      },
      "geometry": {
        "type": "Polygon",
        "coordinates": [
          [
            [7.542665958404541, 56.75292205810547],
            [7.562666416168213, 56.75292205810547],
            [7.562666416168213, 56.772918701171875],
            [7.542665958404541, 56.772918701171875],
            [7.542665958404541, 56.75292205810547]
          ]
        ]
      }
    },
    {
      "type": "Feature",
      "properties": {
        "query_id": 170,
        "query_type": "aggregation",
        "lat_min": 54.286514,
        "lat_max": 54.300835,
        "lon_min": 13.885991,
        "lon_max": 13.926122,
        "time_start": 30296468.0,
        "time_end": 48038340.0
      },
      "geometry": {
        "type": "Polygon",
        "coordinates": [
          [
            [13.885991096496582, 54.28651428222656],
            [13.926121711730957, 54.28651428222656],
            [13.926121711730957, 54.30083465576172],
            [13.885991096496582, 54.30083465576172],
            [13.885991096496582, 54.28651428222656]
          ]
        ]
      }
    },
    {
      "type": "Feature",
      "properties": {
        "query_id": 171,
        "query_type": "nearest",
        "lat_min": 55.960598,
        "lat_max": 55.980595,
        "lon_min": 12.68988,
        "lon_max": 12.709881,
        "time_start": 93925328.0,
        "time_end": 120492240.0
      },
      "geometry": {
        "type": "Polygon",
        "coordinates": [
          [
            [12.68988037109375, 55.96059799194336],
            [12.709880828857422, 55.96059799194336],
            [12.709880828857422, 55.980594635009766],
            [12.68988037109375, 55.980594635009766],
            [12.68988037109375, 55.96059799194336]
          ]
        ]
      }
    },
    {
      "type": "Feature",
      "properties": {
        "query_id": 172,
        "query_type": "intersection",
        "lat_min": 57.124447,
        "lat_max": 57.235104,
        "lon_min": 7.694123,
        "lon_max": 7.928152,
        "time_start": 31240708.0,
        "time_end": 49893340.0
      },
      "geometry": {
        "type": "Polygon",
        "coordinates": [
          [
            [7.694122791290283, 57.124446868896484],
            [7.928151607513428, 57.124446868896484],
            [7.928151607513428, 57.235103607177734],
            [7.694122791290283, 57.235103607177734],
            [7.694122791290283, 57.124446868896484]
          ]
        ]
      }
    },
    {
      "type": "Feature",
      "properties": {
        "query_id": 173,
        "query_type": "intersection",
        "lat_min": 56.622643,
        "lat_max": 56.765038,
        "lon_min": 11.6533,
        "lon_max": 11.954463,
        "time_start": 187203632.0,
        "time_end": 213496848.0
      },
      "geometry": {
        "type": "Polygon",
        "coordinates": [
          [
            [11.653300285339355, 56.622642517089844],
            [11.954463005065918, 56.622642517089844],
            [11.954463005065918, 56.765037536621094],
            [11.653300285339355, 56.765037536621094],
            [11.653300285339355, 56.622642517089844]
          ]
        ]
      }
    },
    {
      "type": "Feature",
      "properties": {
        "query_id": 174,
        "query_type": "intersection",
        "lat_min": 55.051228,
        "lat_max": 55.17252,
        "lon_min": 12.710282,
        "lon_max": 12.966817,
        "time_start": 242514416.0,
        "time_end": 260687728.0
      },
      "geometry": {
        "type": "Polygon",
        "coordinates": [
          [
            [12.710282325744629, 55.05122756958008],
            [12.966816902160645, 55.05122756958008],
            [12.966816902160645, 55.17251968383789],
            [12.710282325744629, 55.17251968383789],
            [12.710282325744629, 55.05122756958008]
          ]
        ]
      }
    },
    {
      "type": "Feature",
      "properties": {
        "query_id": 175,
        "query_type": "range",
        "lat_min": 56.99308,
        "lat_max": 57.059792,
        "lon_min": 11.632737,
        "lon_max": 11.773833,
        "time_start": 184254016.0,
        "time_end": 206590496.0
      },
      "geometry": {
        "type": "Polygon",
        "coordinates": [
          [
            [11.632737159729004, 56.993080139160156],
            [11.773833274841309, 56.993080139160156],
            [11.773833274841309, 57.059791564941406],
            [11.632737159729004, 57.059791564941406],
            [11.632737159729004, 56.993080139160156]
          ]
        ]
      }
    },
    {
      "type": "Feature",
      "properties": {
        "query_id": 176,
        "query_type": "intersection",
        "lat_min": 55.222202,
        "lat_max": 55.299496,
        "lon_min": 12.922132,
        "lon_max": 13.085603,
        "time_start": 216295696.0,
        "time_end": 227443984.0
      },
      "geometry": {
        "type": "Polygon",
        "coordinates": [
          [
            [12.922131538391113, 55.22220230102539],
            [13.085602760314941, 55.22220230102539],
            [13.085602760314941, 55.299495697021484],
            [12.922131538391113, 55.299495697021484],
            [12.922131538391113, 55.22220230102539]
          ]
        ]
      }
    },
    {
      "type": "Feature",
      "properties": {
        "query_id": 177,
        "query_type": "aggregation",
        "lat_min": 54.777,
        "lat_max": 54.886986,
        "lon_min": 9.448394,
        "lon_max": 9.756675,
        "time_start": 29173686.0,
        "time_end": 35336212.0
      },
      "geometry": {
        "type": "Polygon",
        "coordinates": [
          [
            [9.448393821716309, 54.777000427246094],
            [9.756674766540527, 54.777000427246094],
            [9.756674766540527, 54.886985778808594],
            [9.448393821716309, 54.886985778808594],
            [9.448393821716309, 54.777000427246094]
          ]
        ]
      }
    },
    {
      "type": "Feature",
      "properties": {
        "query_id": 178,
        "query_type": "nearest",
        "lat_min": 56.189629,
        "lat_max": 56.209625,
        "lon_min": 12.328556,
        "lon_max": 12.348557,
        "time_start": 44283544.0,
        "time_end": 70850456.0
      },
      "geometry": {
        "type": "Polygon",
        "coordinates": [
          [
            [12.328556060791016, 56.18962860107422],
            [12.348556518554688, 56.18962860107422],
            [12.348556518554688, 56.209625244140625],
            [12.328556060791016, 56.209625244140625],
            [12.328556060791016, 56.18962860107422]
          ]
        ]
      }
    },
    {
      "type": "Feature",
      "properties": {
        "query_id": 179,
        "query_type": "nearest",
        "lat_min": 55.908581,
        "lat_max": 55.928577,
        "lon_min": 5.462314,
        "lon_max": 5.482315,
        "time_start": 149298064.0,
        "time_end": 175864976.0
      },
      "geometry": {
        "type": "Polygon",
        "coordinates": [
          [
            [5.462314128875732, 55.9085807800293],
            [5.482314586639404, 55.9085807800293],
            [5.482314586639404, 55.9285774230957],
            [5.462314128875732, 55.9285774230957],
            [5.462314128875732, 55.9085807800293]
          ]
        ]
      }
    },
    {
      "type": "Feature",
      "properties": {
        "query_id": 180,
        "query_type": "intersection",
        "lat_min": 55.297165,
        "lat_max": 55.382408,
        "lon_min": 14.362902,
        "lon_max": 14.543194,
        "time_start": 71072832.0,
        "time_end": 92706208.0
      },
      "geometry": {
        "type": "Polygon",
        "coordinates": [
          [
            [14.36290168762207, 55.29716491699219],
            [14.543193817138672, 55.29716491699219],
            [14.543193817138672, 55.382408142089844],
            [14.36290168762207, 55.382408142089844],
            [14.36290168762207, 55.29716491699219]
          ]
        ]
      }
    },
    {
      "type": "Feature",
      "properties": {
        "query_id": 181,
        "query_type": "intersection",
        "lat_min": 54.586487,
        "lat_max": 54.689522,
        "lon_min": 11.264996,
        "lon_max": 11.48291,
        "time_start": 228465664.0,
        "time_end": 244480608.0
      },
      "geometry": {
        "type": "Polygon",
        "coordinates": [
          [
            [11.264995574951172, 54.58648681640625],
            [11.48291015625, 54.58648681640625],
            [11.48291015625, 54.68952178955078],
            [11.264995574951172, 54.68952178955078],
            [11.264995574951172, 54.58648681640625]
          ]
        ]
      }
    },
    {
      "type": "Feature",
      "properties": {
        "query_id": 182,
        "query_type": "aggregation",
        "lat_min": 55.359795,
        "lat_max": 55.421318,
        "lon_min": 13.494189,
        "lon_max": 13.666638,
        "time_start": 102962528.0,
        "time_end": 124826784.0
      },
      "geometry": {
        "type": "Polygon",
        "coordinates": [
          [
            [13.494189262390137, 55.35979461669922],
            [13.666638374328613, 55.35979461669922],
            [13.666638374328613, 55.42131805419922],
            [13.494189262390137, 55.42131805419922],
            [13.494189262390137, 55.35979461669922]
          ]
        ]
      }
    },
    {
      "type": "Feature",
      "properties": {
        "query_id": 183,
        "query_type": "nearest",
        "lat_min": 54.932072,
        "lat_max": 54.952068,
        "lon_min": 13.92906,
        "lon_max": 13.94906,
        "time_start": 46215844.0,
        "time_end": 72782752.0
      },
      "geometry": {
        "type": "Polygon",
        "coordinates": [
          [
            [13.929059982299805, 54.932071685791016],
            [13.949060440063477, 54.932071685791016],
            [13.949060440063477, 54.95206832885742],
            [13.929059982299805, 54.95206832885742],
            [13.929059982299805, 54.932071685791016]
          ]
        ]
      }
    },
    {
      "type": "Feature",
      "properties": {
        "query_id": 184,
        "query_type": "intersection",
        "lat_min": 57.337265,
        "lat_max": 57.465302,
        "lon_min": 7.698941,
        "lon_max": 7.969725,
        "time_start": 62711112.0,
        "time_end": 72220184.0
      },
      "geometry": {
        "type": "Polygon",
        "coordinates": [
          [
            [7.698940753936768, 57.33726501464844],
            [7.969725131988525, 57.33726501464844],
            [7.969725131988525, 57.465301513671875],
            [7.698940753936768, 57.465301513671875],
            [7.698940753936768, 57.33726501464844]
          ]
        ]
      }
    },
    {
      "type": "Feature",
      "properties": {
        "query_id": 185,
        "query_type": "aggregation",
        "lat_min": 55.126045,
        "lat_max": 55.198273,
        "lon_min": 10.804535,
        "lon_max": 11.00699,
        "time_start": 81653312.0,
        "time_end": 91450048.0
      },
      "geometry": {
        "type": "Polygon",
        "coordinates": [
          [
            [10.804534912109375, 55.12604522705078],
            [11.006990432739258, 55.12604522705078],
            [11.006990432739258, 55.198272705078125],
            [10.804534912109375, 55.198272705078125],
            [10.804534912109375, 55.12604522705078]
          ]
        ]
      }
    },
    {
      "type": "Feature",
      "properties": {
        "query_id": 186,
        "query_type": "range",
        "lat_min": 54.639606,
        "lat_max": 54.73563,
        "lon_min": 14.761904,
        "lon_max": 14.964996,
        "time_start": 64915072.0,
        "time_end": 71969584.0
      },
      "geometry": {
        "type": "Polygon",
        "coordinates": [
          [
            [14.761903762817383, 54.63960647583008],
            [14.964996337890625, 54.63960647583008],
            [14.964996337890625, 54.73563003540039],
            [14.761903762817383, 54.73563003540039],
            [14.761903762817383, 54.63960647583008]
          ]
        ]
      }
    },
    {
      "type": "Feature",
      "properties": {
        "query_id": 187,
        "query_type": "aggregation",
        "lat_min": 54.90498,
        "lat_max": 54.955158,
        "lon_min": 13.505484,
        "lon_max": 13.646141,
        "time_start": 52126392.0,
        "time_end": 74308648.0
      },
      "geometry": {
        "type": "Polygon",
        "coordinates": [
          [
            [13.505483627319336, 54.90497970581055],
            [13.646141052246094, 54.90497970581055],
            [13.646141052246094, 54.95515823364258],
            [13.505483627319336, 54.95515823364258],
            [13.505483627319336, 54.90497970581055]
          ]
        ]
      }
    },
    {
      "type": "Feature",
      "properties": {
        "query_id": 188,
        "query_type": "aggregation",
        "lat_min": 56.364861,
        "lat_max": 56.45121,
        "lon_min": 11.609905,
        "lon_max": 11.851933,
        "time_start": 159485552.0,
        "time_end": 163462768.0
      },
      "geometry": {
        "type": "Polygon",
        "coordinates": [
          [
            [11.609905242919922, 56.36486053466797],
            [11.851932525634766, 56.36486053466797],
            [11.851932525634766, 56.451210021972656],
            [11.609905242919922, 56.451210021972656],
            [11.609905242919922, 56.36486053466797]
          ]
        ]
      }
    },
    {
      "type": "Feature",
      "properties": {
        "query_id": 189,
        "query_type": "range",
        "lat_min": 56.521294,
        "lat_max": 56.546341,
        "lon_min": 10.686359,
        "lon_max": 10.73934,
        "time_start": 190455536.0,
        "time_end": 206518320.0
      },
      "geometry": {
        "type": "Polygon",
        "coordinates": [
          [
            [10.686359405517578, 56.52129364013672],
            [10.739339828491211, 56.52129364013672],
            [10.739339828491211, 56.54634094238281],
            [10.686359405517578, 56.54634094238281],
            [10.686359405517578, 56.52129364013672]
          ]
        ]
      }
    },
    {
      "type": "Feature",
      "properties": {
        "query_id": 190,
        "query_type": "range",
        "lat_min": 57.862488,
        "lat_max": 57.969444,
        "lon_min": 11.460427,
        "lon_max": 11.686643,
        "time_start": 199638784.0,
        "time_end": 225883168.0
      },
      "geometry": {
        "type": "Polygon",
        "coordinates": [
          [
            [11.460427284240723, 57.86248779296875],
            [11.68664264678955, 57.86248779296875],
            [11.68664264678955, 57.969444274902344],
            [11.460427284240723, 57.969444274902344],
            [11.460427284240723, 57.86248779296875]
          ]
        ]
      }
    },
    {
      "type": "Feature",
      "properties": {
        "query_id": 191,
        "query_type": "range",
        "lat_min": 55.601673,
        "lat_max": 55.743908,
        "lon_min": 10.887357,
        "lon_max": 11.18818,
        "time_start": 197637344.0,
        "time_end": 210122496.0
      },
      "geometry": {
        "type": "Polygon",
        "coordinates": [
          [
            [10.887356758117676, 55.6016731262207],
            [11.188179969787598, 55.6016731262207],
            [11.188179969787598, 55.7439079284668],
            [10.887356758117676, 55.7439079284668],
            [10.887356758117676, 55.6016731262207]
          ]
        ]
      }
    },
    {
      "type": "Feature",
      "properties": {
        "query_id": 192,
        "query_type": "intersection",
        "lat_min": 57.681896,
        "lat_max": 57.726582,
        "lon_min": 11.892559,
        "lon_max": 11.987064,
        "time_start": 84541120.0,
        "time_end": 100535872.0
      },
      "geometry": {
        "type": "Polygon",
        "coordinates": [
          [
            [11.892559051513672, 57.6818962097168],
            [11.987064361572266, 57.6818962097168],
            [11.987064361572266, 57.72658157348633],
            [11.892559051513672, 57.72658157348633],
            [11.892559051513672, 57.6818962097168]
          ]
        ]
      }
    },
    {
      "type": "Feature",
      "properties": {
        "query_id": 193,
        "query_type": "intersection",
        "lat_min": 54.889763,
        "lat_max": 54.914841,
        "lon_min": 13.229246,
        "lon_max": 13.282288,
        "time_start": 252899648.0,
        "time_end": 255623936.0
      },
      "geometry": {
        "type": "Polygon",
        "coordinates": [
          [
            [13.229246139526367, 54.88976287841797],
            [13.28228759765625, 54.88976287841797],
            [13.28228759765625, 54.91484069824219],
            [13.229246139526367, 54.91484069824219],
            [13.229246139526367, 54.88976287841797]
          ]
        ]
      }
    },
    {
      "type": "Feature",
      "properties": {
        "query_id": 194,
        "query_type": "nearest",
        "lat_min": 56.795345,
        "lat_max": 56.815342,
        "lon_min": 11.865277,
        "lon_max": 11.885278,
        "time_start": 186122592.0,
        "time_end": 212689504.0
      },
      "geometry": {
        "type": "Polygon",
        "coordinates": [
          [
            [11.865277290344238, 56.795345306396484],
            [11.88527774810791, 56.795345306396484],
            [11.88527774810791, 56.81534194946289],
            [11.865277290344238, 56.81534194946289],
            [11.865277290344238, 56.795345306396484]
          ]
        ]
      }
    },
    {
      "type": "Feature",
      "properties": {
        "query_id": 195,
        "query_type": "aggregation",
        "lat_min": 57.022522,
        "lat_max": 57.114761,
        "lon_min": 12.890785,
        "lon_max": 13.149336,
        "time_start": 34386576.0,
        "time_end": 54052016.0
      },
      "geometry": {
        "type": "Polygon",
        "coordinates": [
          [
            [12.890785217285156, 57.02252197265625],
            [13.149335861206055, 57.02252197265625],
            [13.149335861206055, 57.11476135253906],
            [12.890785217285156, 57.11476135253906],
            [12.890785217285156, 57.02252197265625]
          ]
        ]
      }
    },
    {
      "type": "Feature",
      "properties": {
        "query_id": 196,
        "query_type": "range",
        "lat_min": 54.914242,
        "lat_max": 54.953472,
        "lon_min": 13.984328,
        "lon_max": 14.067302,
        "time_start": 94113400.0,
        "time_end": 107277704.0
      },
      "geometry": {
        "type": "Polygon",
        "coordinates": [
          [
            [13.984328269958496, 54.914241790771484],
            [14.067301750183105, 54.914241790771484],
            [14.067301750183105, 54.95347213745117],
            [13.984328269958496, 54.95347213745117],
            [13.984328269958496, 54.914241790771484]
          ]
        ]
      }
    },
    {
      "type": "Feature",
      "properties": {
        "query_id": 197,
        "query_type": "range",
        "lat_min": 55.366016,
        "lat_max": 55.434422,
        "lon_min": 5.657831,
        "lon_max": 5.802508,
        "time_start": 61838624.0,
        "time_end": 77521472.0
      },
      "geometry": {
        "type": "Polygon",
        "coordinates": [
          [
            [5.657831192016602, 55.36601638793945],
            [5.802508354187012, 55.36601638793945],
            [5.802508354187012, 55.43442153930664],
            [5.657831192016602, 55.43442153930664],
            [5.657831192016602, 55.36601638793945]
          ]
        ]
      }
    },
    {
      "type": "Feature",
      "properties": {
        "query_id": 198,
        "query_type": "aggregation",
        "lat_min": 57.725437,
        "lat_max": 57.742245,
        "lon_min": 9.777227,
        "lon_max": 9.824348,
        "time_start": 132397872.0,
        "time_end": 152410704.0
      },
      "geometry": {
        "type": "Polygon",
        "coordinates": [
          [
            [9.777227401733398, 57.72543716430664],
            [9.824348449707031, 57.72543716430664],
            [9.824348449707031, 57.742244720458984],
            [9.777227401733398, 57.742244720458984],
            [9.777227401733398, 57.72543716430664]
          ]
        ]
      }
    },
    {
      "type": "Feature",
      "properties": {
        "query_id": 199,
        "query_type": "aggregation",
        "lat_min": 57.183407,
        "lat_max": 57.21616,
        "lon_min": 7.829164,
        "lon_max": 7.920975,
        "time_start": 222928784.0,
        "time_end": 240644624.0
      },
      "geometry": {
        "type": "Polygon",
        "coordinates": [
          [
            [7.829164028167725, 57.183406829833984],
            [7.920975208282471, 57.183406829833984],
            [7.920975208282471, 57.21615982055664],
            [7.829164028167725, 57.21615982055664],
            [7.829164028167725, 57.183406829833984]
          ]
        ]
      }
    },
    {
      "type": "Feature",
      "properties": {
        "query_id": 200,
        "query_type": "nearest",
        "lat_min": 56.730003,
        "lat_max": 56.75,
        "lon_min": 10.98988,
        "lon_max": 11.00988,
        "time_start": 98043664.0,
        "time_end": 124610576.0
      },
      "geometry": {
        "type": "Polygon",
        "coordinates": [
          [
            [10.989879608154297, 56.730003356933594],
            [11.009880065917969, 56.730003356933594],
            [11.009880065917969, 56.75],
            [10.989879608154297, 56.75],
            [10.989879608154297, 56.730003356933594]
          ]
        ]
      }
    },
    {
      "type": "Feature",
      "properties": {
        "query_id": 201,
        "query_type": "aggregation",
        "lat_min": 56.580257,
        "lat_max": 56.649487,
        "lon_min": 15.236786,
        "lon_max": 15.430832,
        "time_start": 233003424.0,
        "time_end": 238956704.0
      },
      "geometry": {
        "type": "Polygon",
        "coordinates": [
          [
            [15.236785888671875, 56.580257415771484],
            [15.430831909179688, 56.580257415771484],
            [15.430831909179688, 56.64948654174805],
            [15.236785888671875, 56.64948654174805],
            [15.236785888671875, 56.580257415771484]
          ]
        ]
      }
    },
    {
      "type": "Feature",
      "properties": {
        "query_id": 202,
        "query_type": "aggregation",
        "lat_min": 55.384689,
        "lat_max": 55.396973,
        "lon_min": 8.742552,
        "lon_max": 8.776991,
        "time_start": 78859304.0,
        "time_end": 105301992.0
      },
      "geometry": {
        "type": "Polygon",
        "coordinates": [
          [
            [8.742551803588867, 55.38468933105469],
            [8.77699089050293, 55.38468933105469],
            [8.77699089050293, 55.39697265625],
            [8.742551803588867, 55.39697265625],
            [8.742551803588867, 55.38468933105469]
          ]
        ]
      }
    },
    {
      "type": "Feature",
      "properties": {
        "query_id": 203,
        "query_type": "aggregation",
        "lat_min": 54.369347,
        "lat_max": 54.39537,
        "lon_min": 8.586617,
        "lon_max": 8.659555,
        "time_start": 96567048.0,
        "time_end": 102638344.0
      },
      "geometry": {
        "type": "Polygon",
        "coordinates": [
          [
            [8.586616516113281, 54.369346618652344],
            [8.659555435180664, 54.369346618652344],
            [8.659555435180664, 54.39537048339844],
            [8.586616516113281, 54.39537048339844],
            [8.586616516113281, 54.369346618652344]
          ]
        ]
      }
    },
    {
      "type": "Feature",
      "properties": {
        "query_id": 204,
        "query_type": "nearest",
        "lat_min": 55.604473,
        "lat_max": 55.62447,
        "lon_min": 12.522694,
        "lon_max": 12.542694,
        "time_start": 184495808.0,
        "time_end": 211062720.0
      },
      "geometry": {
        "type": "Polygon",
        "coordinates": [
          [
            [12.522693634033203, 55.60447311401367],
            [12.542694091796875, 55.60447311401367],
            [12.542694091796875, 55.62446975708008],
            [12.522693634033203, 55.62446975708008],
            [12.522693634033203, 55.60447311401367]
          ]
        ]
      }
    },
    {
      "type": "Feature",
      "properties": {
        "query_id": 205,
        "query_type": "range",
        "lat_min": 54.998848,
        "lat_max": 55.085396,
        "lon_min": 9.934347,
        "lon_max": 10.11739,
        "time_start": 127417112.0,
        "time_end": 153777120.0
      },
      "geometry": {
        "type": "Polygon",
        "coordinates": [
          [
            [9.934347152709961, 54.99884796142578],
            [10.117389678955078, 54.99884796142578],
            [10.117389678955078, 55.08539581298828],
            [9.934347152709961, 55.08539581298828],
            [9.934347152709961, 54.99884796142578]
          ]
        ]
      }
    },
    {
      "type": "Feature",
      "properties": {
        "query_id": 206,
        "query_type": "nearest",
        "lat_min": 57.818562,
        "lat_max": 57.838558,
        "lon_min": 10.491919,
        "lon_max": 10.511919,
        "time_start": -9939355.0,
        "time_end": 16627555.0
      },
      "geometry": {
        "type": "Polygon",
        "coordinates": [
          [
            [10.491918563842773, 57.81856155395508],
            [10.511919021606445, 57.81856155395508],
            [10.511919021606445, 57.838558197021484],
            [10.491918563842773, 57.838558197021484],
            [10.491918563842773, 57.81856155395508]
          ]
        ]
      }
    },
    {
      "type": "Feature",
      "properties": {
        "query_id": 207,
        "query_type": "aggregation",
        "lat_min": 55.268776,
        "lat_max": 55.323723,
        "lon_min": 8.568564,
        "lon_max": 8.722581,
        "time_start": 47860232.0,
        "time_end": 65752072.0
      },
      "geometry": {
        "type": "Polygon",
        "coordinates": [
          [
            [8.568564414978027, 55.268775939941406],
            [8.722580909729004, 55.268775939941406],
            [8.722580909729004, 55.32372283935547],
            [8.568564414978027, 55.32372283935547],
            [8.568564414978027, 55.268775939941406]
          ]
        ]
      }
    },
    {
      "type": "Feature",
      "properties": {
        "query_id": 208,
        "query_type": "intersection",
        "lat_min": 57.641171,
        "lat_max": 57.731915,
        "lon_min": 11.246621,
        "lon_max": 11.438535,
        "time_start": 218907744.0,
        "time_end": 227210720.0
      },
      "geometry": {
        "type": "Polygon",
        "coordinates": [
          [
            [11.246621131896973, 57.641170501708984],
            [11.4385347366333, 57.641170501708984],
            [11.4385347366333, 57.73191452026367],
            [11.246621131896973, 57.73191452026367],
            [11.246621131896973, 57.641170501708984]
          ]
        ]
      }
    },
    {
      "type": "Feature",
      "properties": {
        "query_id": 209,
        "query_type": "aggregation",
        "lat_min": 55.059589,
        "lat_max": 55.092258,
        "lon_min": 10.283896,
        "lon_max": 10.375459,
        "time_start": 168217200.0,
        "time_end": 176394288.0
      },
      "geometry": {
        "type": "Polygon",
        "coordinates": [
          [
            [10.283896446228027, 55.05958938598633],
            [10.375458717346191, 55.05958938598633],
            [10.375458717346191, 55.09225845336914],
            [10.283896446228027, 55.09225845336914],
            [10.283896446228027, 55.05958938598633]
          ]
        ]
      }
    },
    {
      "type": "Feature",
      "properties": {
        "query_id": 210,
        "query_type": "range",
        "lat_min": 55.337261,
        "lat_max": 55.457958,
        "lon_min": 14.559226,
        "lon_max": 14.81449,
        "time_start": 91808880.0,
        "time_end": 97403568.0
      },
      "geometry": {
        "type": "Polygon",
        "coordinates": [
          [
            [14.559226036071777, 55.33726119995117],
            [14.81449031829834, 55.33726119995117],
            [14.81449031829834, 55.45795822143555],
            [14.559226036071777, 55.45795822143555],
            [14.559226036071777, 55.33726119995117]
          ]
        ]
      }
    },
    {
      "type": "Feature",
      "properties": {
        "query_id": 211,
        "query_type": "nearest",
        "lat_min": 57.688904,
        "lat_max": 57.7089,
        "lon_min": 9.648114,
        "lon_max": 9.668115,
        "time_start": 70701904.0,
        "time_end": 97268816.0
      },
      "geometry": {
        "type": "Polygon",
        "coordinates": [
          [
            [9.648114204406738, 57.68890380859375],
            [9.66811466217041, 57.68890380859375],
            [9.66811466217041, 57.708900451660156],
            [9.648114204406738, 57.708900451660156],
            [9.648114204406738, 57.68890380859375]
          ]
        ]
      }
    },
    {
      "type": "Feature",
      "properties": {
        "query_id": 212,
        "query_type": "intersection",
        "lat_min": 57.391487,
        "lat_max": 57.518951,
        "lon_min": 9.101472,
        "lon_max": 9.371049,
        "time_start": 189166192.0,
        "time_end": 195786672.0
      },
      "geometry": {
        "type": "Polygon",
        "coordinates": [
          [
            [9.101471900939941, 57.39148712158203],
            [9.371048927307129, 57.39148712158203],
            [9.371048927307129, 57.518951416015625],
            [9.101471900939941, 57.518951416015625],
            [9.101471900939941, 57.39148712158203]
          ]
        ]
      }
    },
    {
      "type": "Feature",
      "properties": {
        "query_id": 213,
        "query_type": "aggregation",
        "lat_min": 57.175873,
        "lat_max": 57.202927,
        "lon_min": 9.301705,
        "lon_max": 9.377528,
        "time_start": 67744704.0,
        "time_end": 93836928.0
      },
      "geometry": {
        "type": "Polygon",
        "coordinates": [
          [
            [9.301705360412598, 57.175872802734375],
            [9.377528190612793, 57.175872802734375],
            [9.377528190612793, 57.20292663574219],
            [9.301705360412598, 57.20292663574219],
            [9.301705360412598, 57.175872802734375]
          ]
        ]
      }
    },
    {
      "type": "Feature",
      "properties": {
        "query_id": 214,
        "query_type": "intersection",
        "lat_min": 55.973244,
        "lat_max": 56.113846,
        "lon_min": 12.541636,
        "lon_max": 12.839007,
        "time_start": 108923600.0,
        "time_end": 114921632.0
      },
      "geometry": {
        "type": "Polygon",
        "coordinates": [
          [
            [12.54163646697998, 55.973243713378906],
            [12.839007377624512, 55.973243713378906],
            [12.839007377624512, 56.11384582519531],
            [12.54163646697998, 56.11384582519531],
            [12.54163646697998, 55.973243713378906]
          ]
        ]
      }
    },
    {
      "type": "Feature",
      "properties": {
        "query_id": 215,
        "query_type": "range",
        "lat_min": 55.626492,
        "lat_max": 55.696712,
        "lon_min": 15.031911,
        "lon_max": 15.180423,
        "time_start": 45512092.0,
        "time_end": 68195248.0
      },
      "geometry": {
        "type": "Polygon",
        "coordinates": [
          [
            [15.03191089630127, 55.62649154663086],
            [15.18042278289795, 55.62649154663086],
            [15.18042278289795, 55.696712493896484],
            [15.03191089630127, 55.696712493896484],
            [15.03191089630127, 55.62649154663086]
          ]
        ]
      }
    },
    {
      "type": "Feature",
      "properties": {
        "query_id": 216,
        "query_type": "aggregation",
        "lat_min": 57.770306,
        "lat_max": 57.852551,
        "lon_min": 8.039071,
        "lon_max": 8.269601,
        "time_start": 23197696.0,
        "time_end": 31410384.0
      },
      "geometry": {
        "type": "Polygon",
        "coordinates": [
          [
            [8.039071083068848, 57.77030563354492],
            [8.269600868225098, 57.77030563354492],
            [8.269600868225098, 57.8525505065918],
            [8.039071083068848, 57.8525505065918],
            [8.039071083068848, 57.77030563354492]
          ]
        ]
      }
    },
    {
      "type": "Feature",
      "properties": {
        "query_id": 217,
        "query_type": "nearest",
        "lat_min": 55.769569,
        "lat_max": 55.789566,
        "lon_min": 10.705011,
        "lon_max": 10.725012,
        "time_start": 208384256.0,
        "time_end": 234951168.0
      },
      "geometry": {
        "type": "Polygon",
        "coordinates": [
          [
            [10.705011367797852, 55.769569396972656],
            [10.725011825561523, 55.769569396972656],
            [10.725011825561523, 55.78956604003906],
            [10.705011367797852, 55.78956604003906],
            [10.705011367797852, 55.769569396972656]
          ]
        ]
      }
    },
    {
      "type": "Feature",
      "properties": {
        "query_id": 218,
        "query_type": "intersection",
        "lat_min": 57.937836,
        "lat_max": 57.975159,
        "lon_min": 9.642236,
        "lon_max": 9.721179,
        "time_start": 2450840.5,
        "time_end": 13876300.0
      },
      "geometry": {
        "type": "Polygon",
        "coordinates": [
          [
            [9.64223575592041, 57.937835693359375],
            [9.721179008483887, 57.937835693359375],
            [9.721179008483887, 57.97515869140625],
            [9.64223575592041, 57.97515869140625],
            [9.64223575592041, 57.937835693359375]
          ]
        ]
      }
    },
    {
      "type": "Feature",
      "properties": {
        "query_id": 219,
        "query_type": "range",
        "lat_min": 54.912663,
        "lat_max": 55.008968,
        "lon_min": 10.884405,
        "lon_max": 11.088095,
        "time_start": 166740304.0,
        "time_end": 181282096.0
      },
      "geometry": {
        "type": "Polygon",
        "coordinates": [
          [
            [10.884405136108398, 54.912662506103516],
            [11.088094711303711, 54.912662506103516],
            [11.088094711303711, 55.008968353271484],
            [10.884405136108398, 55.008968353271484],
            [10.884405136108398, 54.912662506103516]
          ]
        ]
      }
    },
    {
      "type": "Feature",
      "properties": {
        "query_id": 220,
        "query_type": "aggregation",
        "lat_min": 56.185421,
        "lat_max": 56.249386,
        "lon_min": 12.481064,
        "lon_max": 12.660364,
        "time_start": 10402306.0,
        "time_end": 17972598.0
      },
      "geometry": {
        "type": "Polygon",
        "coordinates": [
          [
            [12.481063842773438, 56.185420989990234],
            [12.660364151000977, 56.185420989990234],
            [12.660364151000977, 56.249385833740234],
            [12.481063842773438, 56.249385833740234],
            [12.481063842773438, 56.185420989990234]
          ]
        ]
      }
    },
    {
      "type": "Feature",
      "properties": {
        "query_id": 221,
        "query_type": "aggregation",
        "lat_min": 55.505619,
        "lat_max": 55.563496,
        "lon_min": 14.660416,
        "lon_max": 14.822651,
        "time_start": 207562352.0,
        "time_end": 211603312.0
      },
      "geometry": {
        "type": "Polygon",
        "coordinates": [
          [
            [14.660415649414062, 55.505619049072266],
            [14.822650909423828, 55.505619049072266],
            [14.822650909423828, 55.56349563598633],
            [14.660415649414062, 55.56349563598633],
            [14.660415649414062, 55.505619049072266]
          ]
        ]
      }
    },
    {
      "type": "Feature",
      "properties": {
        "query_id": 222,
        "query_type": "range",
        "lat_min": 55.441364,
        "lat_max": 55.467937,
        "lon_min": 14.802266,
        "lon_max": 14.858474,
        "time_start": 161760576.0,
        "time_end": 167710464.0
      },
      "geometry": {
        "type": "Polygon",
        "coordinates": [
          [
            [14.802266120910645, 55.44136428833008],
            [14.858473777770996, 55.44136428833008],
            [14.858473777770996, 55.46793746948242],
            [14.802266120910645, 55.46793746948242],
            [14.802266120910645, 55.44136428833008]
          ]
        ]
      }
    },
    {
      "type": "Feature",
      "properties": {
        "query_id": 223,
        "query_type": "aggregation",
        "lat_min": 57.367779,
        "lat_max": 57.389896,
        "lon_min": 8.132418,
        "lon_max": 8.194418,
        "time_start": 70748432.0,
        "time_end": 94121424.0
      },
      "geometry": {
        "type": "Polygon",
        "coordinates": [
          [
            [8.132417678833008, 57.36777877807617],
            [8.194417953491211, 57.36777877807617],
            [8.194417953491211, 57.389896392822266],
            [8.132417678833008, 57.389896392822266],
            [8.132417678833008, 57.36777877807617]
          ]
        ]
      }
    },
    {
      "type": "Feature",
      "properties": {
        "query_id": 224,
        "query_type": "aggregation",
        "lat_min": 56.773148,
        "lat_max": 56.869705,
        "lon_min": 14.413201,
        "lon_max": 14.683862,
        "time_start": 51108384.0,
        "time_end": 73406016.0
      },
      "geometry": {
        "type": "Polygon",
        "coordinates": [
          [
            [14.413201332092285, 56.77314758300781],
            [14.68386173248291, 56.77314758300781],
            [14.68386173248291, 56.86970520019531],
            [14.413201332092285, 56.86970520019531],
            [14.413201332092285, 56.77314758300781]
          ]
        ]
      }
    },
    {
      "type": "Feature",
      "properties": {
        "query_id": 225,
        "query_type": "range",
        "lat_min": 55.962055,
        "lat_max": 56.103588,
        "lon_min": 12.469922,
        "lon_max": 12.769263,
        "time_start": 232142752.0,
        "time_end": 255221952.0
      },
      "geometry": {
        "type": "Polygon",
        "coordinates": [
          [
            [12.469922065734863, 55.96205520629883],
            [12.76926326751709, 55.96205520629883],
            [12.76926326751709, 56.10358810424805],
            [12.469922065734863, 56.10358810424805],
            [12.469922065734863, 55.96205520629883]
          ]
        ]
      }
    },
    {
      "type": "Feature",
      "properties": {
        "query_id": 226,
        "query_type": "intersection",
        "lat_min": 57.510902,
        "lat_max": 57.659935,
        "lon_min": 11.529206,
        "lon_max": 11.844403,
        "time_start": 72453056.0,
        "time_end": 94441984.0
      },
      "geometry": {
        "type": "Polygon",
        "coordinates": [
          [
            [11.529206275939941, 57.510902404785156],
            [11.844403266906738, 57.510902404785156],
            [11.844403266906738, 57.659934997558594],
            [11.529206275939941, 57.659934997558594],
            [11.529206275939941, 57.510902404785156]
          ]
        ]
      }
    },
    {
      "type": "Feature",
      "properties": {
        "query_id": 227,
        "query_type": "nearest",
        "lat_min": 54.721081,
        "lat_max": 54.741077,
        "lon_min": 10.945306,
        "lon_max": 10.965306,
        "time_start": -10897555.0,
        "time_end": 15669355.0
      },
      "geometry": {
        "type": "Polygon",
        "coordinates": [
          [
            [10.945305824279785, 54.7210807800293],
            [10.965306282043457, 54.7210807800293],
            [10.965306282043457, 54.7410774230957],
            [10.945305824279785, 54.7410774230957],
            [10.945305824279785, 54.7210807800293]
          ]
        ]
      }
    },
    {
      "type": "Feature",
      "properties": {
        "query_id": 228,
        "query_type": "intersection",
        "lat_min": 55.936371,
        "lat_max": 56.003296,
        "lon_min": 11.214858,
        "lon_max": 11.356397,
        "time_start": 1166379.0,
        "time_end": 13886985.0
      },
      "geometry": {
        "type": "Polygon",
        "coordinates": [
          [
            [11.214858055114746, 55.936370849609375],
            [11.356396675109863, 55.936370849609375],
            [11.356396675109863, 56.0032958984375],
            [11.214858055114746, 56.0032958984375],
            [11.214858055114746, 55.936370849609375]
          ]
        ]
      }
    },
    {
      "type": "Feature",
      "properties": {
        "query_id": 229,
        "query_type": "aggregation",
        "lat_min": 55.437298,
        "lat_max": 55.525372,
        "lon_min": 8.230208,
        "lon_max": 8.477077,
        "time_start": 40610168.0,
        "time_end": 55134584.0
      },
      "geometry": {
        "type": "Polygon",
        "coordinates": [
          [
            [8.230208396911621, 55.43729782104492],
            [8.477076530456543, 55.43729782104492],
            [8.477076530456543, 55.52537155151367],
            [8.230208396911621, 55.52537155151367],
            [8.230208396911621, 55.43729782104492]
          ]
        ]
      }
    },
    {
      "type": "Feature",
      "properties": {
        "query_id": 230,
        "query_type": "aggregation",
        "lat_min": 54.436081,
        "lat_max": 54.477379,
        "lon_min": 15.523837,
        "lon_max": 15.621243,
        "time_start": 210312848.0,
        "time_end": 217774928.0
      },
      "geometry": {
        "type": "Polygon",
        "coordinates": [
          [
            [15.523837089538574, 54.43608093261719],
            [15.62124252319336, 54.43608093261719],
            [15.62124252319336, 54.477378845214844],
            [15.523837089538574, 54.477378845214844],
            [15.523837089538574, 54.43608093261719]
          ]
        ]
      }
    },
    {
      "type": "Feature",
      "properties": {
        "query_id": 231,
        "query_type": "range",
        "lat_min": 58.119255,
        "lat_max": 58.256706,
        "lon_min": 10.519575,
        "lon_max": 10.810278,
        "time_start": 239352368.0,
        "time_end": 251449904.0
      },
      "geometry": {
        "type": "Polygon",
        "coordinates": [
          [
            [10.519575119018555, 58.11925506591797],
            [10.810277938842773, 58.11925506591797],
            [10.810277938842773, 58.25670623779297],
            [10.519575119018555, 58.25670623779297],
            [10.519575119018555, 58.11925506591797]
          ]
        ]
      }
    },
    {
      "type": "Feature",
      "properties": {
        "query_id": 232,
        "query_type": "nearest",
        "lat_min": 55.119495,
        "lat_max": 55.139492,
        "lon_min": 14.660113,
        "lon_max": 14.680114,
        "time_start": 205105632.0,
        "time_end": 231672544.0
      },
      "geometry": {
        "type": "Polygon",
        "coordinates": [
          [
            [14.660113334655762, 55.1194953918457],
            [14.680113792419434, 55.1194953918457],
            [14.680113792419434, 55.13949203491211],
            [14.660113334655762, 55.13949203491211],
            [14.660113334655762, 55.1194953918457]
          ]
        ]
      }
    },
    {
      "type": "Feature",
      "properties": {
        "query_id": 233,
        "query_type": "intersection",
        "lat_min": 56.050705,
        "lat_max": 56.102768,
        "lon_min": 10.618301,
        "lon_max": 10.728413,
        "time_start": 0.0,
        "time_end": 14182298.0
      },
      "geometry": {
        "type": "Polygon",
        "coordinates": [
          [
            [10.618301391601562, 56.05070495605469],
            [10.728412628173828, 56.05070495605469],
            [10.728412628173828, 56.10276794433594],
            [10.618301391601562, 56.10276794433594],
            [10.618301391601562, 56.05070495605469]
          ]
        ]
      }
    },
    {
      "type": "Feature",
      "properties": {
        "query_id": 234,
        "query_type": "range",
        "lat_min": 54.553497,
        "lat_max": 54.669365,
        "lon_min": 12.13067,
        "lon_max": 12.375726,
        "time_start": 68413192.0,
        "time_end": 81755896.0
      },
      "geometry": {
        "type": "Polygon",
        "coordinates": [
          [
            [12.130669593811035, 54.553497314453125],
            [12.375725746154785, 54.553497314453125],
            [12.375725746154785, 54.66936492919922],
            [12.130669593811035, 54.66936492919922],
            [12.130669593811035, 54.553497314453125]
          ]
        ]
      }
    },
    {
      "type": "Feature",
      "properties": {
        "query_id": 235,
        "query_type": "aggregation",
        "lat_min": 55.262379,
        "lat_max": 55.316914,
        "lon_min": 7.384918,
        "lon_max": 7.537776,
        "time_start": 203874176.0,
        "time_end": 227617056.0
      },
      "geometry": {
        "type": "Polygon",
        "coordinates": [
          [
            [7.384917736053467, 55.26237869262695],
            [7.53777551651001, 55.26237869262695],
            [7.53777551651001, 55.31691360473633],
            [7.384917736053467, 55.31691360473633],
            [7.384917736053467, 55.26237869262695]
          ]
        ]
      }
    },
    {
      "type": "Feature",
      "properties": {
        "query_id": 236,
        "query_type": "intersection",
        "lat_min": 57.739281,
        "lat_max": 57.836418,
        "lon_min": 9.849515,
        "lon_max": 10.054952,
        "time_start": 53171084.0,
        "time_end": 61818748.0
      },
      "geometry": {
        "type": "Polygon",
        "coordinates": [
          [
            [9.849514961242676, 57.739280700683594],
            [10.054951667785645, 57.739280700683594],
            [10.054951667785645, 57.83641815185547],
            [9.849514961242676, 57.83641815185547],
            [9.849514961242676, 57.739280700683594]
          ]
        ]
      }
    },
    {
      "type": "Feature",
      "properties": {
        "query_id": 237,
        "query_type": "nearest",
        "lat_min": 56.088097,
        "lat_max": 56.108093,
        "lon_min": 12.608363,
        "lon_max": 12.628364,
        "time_start": 94072320.0,
        "time_end": 120639232.0
      },
      "geometry": {
        "type": "Polygon",
        "coordinates": [
          [
            [12.608363151550293, 56.088096618652344],
            [12.628363609313965, 56.088096618652344],
            [12.628363609313965, 56.10809326171875],
            [12.608363151550293, 56.10809326171875],
            [12.608363151550293, 56.088096618652344]
          ]
        ]
      }
    },
    {
      "type": "Feature",
      "properties": {
        "query_id": 238,
        "query_type": "range",
        "lat_min": 56.615421,
        "lat_max": 56.688702,
        "lon_min": 12.771427,
        "lon_max": 12.926416,
        "time_start": 172735232.0,
        "time_end": 182900576.0
      },
      "geometry": {
        "type": "Polygon",
        "coordinates": [
          [
            [12.771427154541016, 56.615421295166016],
            [12.926416397094727, 56.615421295166016],
            [12.926416397094727, 56.68870162963867],
            [12.771427154541016, 56.68870162963867],
            [12.771427154541016, 56.615421295166016]
          ]
        ]
      }
    },
    {
      "type": "Feature",
      "properties": {
        "query_id": 239,
        "query_type": "nearest",
        "lat_min": 56.028042,
        "lat_max": 56.048038,
        "lon_min": 10.733354,
        "lon_max": 10.753354,
        "time_start": 152087824.0,
        "time_end": 178654736.0
      },
      "geometry": {
        "type": "Polygon",
        "coordinates": [
          [
            [10.733353614807129, 56.02804183959961],
            [10.7533540725708, 56.02804183959961],
            [10.7533540725708, 56.048038482666016],
            [10.733353614807129, 56.048038482666016],
            [10.733353614807129, 56.02804183959961]
          ]
        ]
      }
    },
    {
      "type": "Feature",
      "properties": {
        "query_id": 240,
        "query_type": "aggregation",
        "lat_min": 54.822399,
        "lat_max": 54.891071,
        "lon_min": 9.768431,
        "lon_max": 9.96093,
        "time_start": 220096480.0,
        "time_end": 229812288.0
      },
      "geometry": {
        "type": "Polygon",
        "coordinates": [
          [
            [9.768430709838867, 54.8223991394043],
            [9.960929870605469, 54.8223991394043],
            [9.960929870605469, 54.89107131958008],
            [9.768430709838867, 54.89107131958008],
            [9.768430709838867, 54.8223991394043]
          ]
        ]
      }
    },
    {
      "type": "Feature",
      "properties": {
        "query_id": 241,
        "query_type": "range",
        "lat_min": 57.780266,
        "lat_max": 57.821854,
        "lon_min": 9.829931,
        "lon_max": 9.917892,
        "time_start": 32517876.0,
        "time_end": 45931164.0
      },
      "geometry": {
        "type": "Polygon",
        "coordinates": [
          [
            [9.829931259155273, 57.78026580810547],
            [9.917892456054688, 57.78026580810547],
            [9.917892456054688, 57.82185363769531],
            [9.829931259155273, 57.82185363769531],
            [9.829931259155273, 57.78026580810547]
          ]
        ]
      }
    },
    {
      "type": "Feature",
      "properties": {
        "query_id": 242,
        "query_type": "nearest",
        "lat_min": 57.298645,
        "lat_max": 57.318642,
        "lon_min": 11.620434,
        "lon_max": 11.640434,
        "time_start": -9696295.0,
        "time_end": 16870616.0
      },
      "geometry": {
        "type": "Polygon",
        "coordinates": [
          [
            [11.620433807373047, 57.29864501953125],
            [11.640434265136719, 57.29864501953125],
            [11.640434265136719, 57.318641662597656],
            [11.620433807373047, 57.318641662597656],
            [11.620433807373047, 57.29864501953125]
          ]
        ]
      }
    },
    {
      "type": "Feature",
      "properties": {
        "query_id": 243,
        "query_type": "nearest",
        "lat_min": 55.305119,
        "lat_max": 55.325115,
        "lon_min": 14.244288,
        "lon_max": 14.264289,
        "time_start": 100916880.0,
        "time_end": 127483792.0
      },
      "geometry": {
        "type": "Polygon",
        "coordinates": [
          [
            [14.244288444519043, 55.305118560791016],
            [14.264288902282715, 55.305118560791016],
            [14.264288902282715, 55.32511520385742],
            [14.244288444519043, 55.32511520385742],
            [14.244288444519043, 55.305118560791016]
          ]
        ]
      }
    },
    {
      "type": "Feature",
      "properties": {
        "query_id": 244,
        "query_type": "nearest",
        "lat_min": 55.309605,
        "lat_max": 55.329601,
        "lon_min": 13.096679,
        "lon_max": 13.116679,
        "time_start": 24552964.0,
        "time_end": 51119876.0
      },
      "geometry": {
        "type": "Polygon",
        "coordinates": [
          [
            [13.096678733825684, 55.30960464477539],
            [13.116679191589355, 55.30960464477539],
            [13.116679191589355, 55.3296012878418],
            [13.096678733825684, 55.3296012878418],
            [13.096678733825684, 55.30960464477539]
          ]
        ]
      }
    },
    {
      "type": "Feature",
      "properties": {
        "query_id": 245,
        "query_type": "aggregation",
        "lat_min": 56.003376,
        "lat_max": 56.02496,
        "lon_min": 7.39583,
        "lon_max": 7.456326,
        "time_start": 153306224.0,
        "time_end": 172548304.0
      },
      "geometry": {
        "type": "Polygon",
        "coordinates": [
          [
            [7.395830154418945, 56.00337600708008],
            [7.456325531005859, 56.00337600708008],
            [7.456325531005859, 56.024959564208984],
            [7.395830154418945, 56.024959564208984],
            [7.395830154418945, 56.00337600708008]
          ]
        ]
      }
    },
    {
      "type": "Feature",
      "properties": {
        "query_id": 246,
        "query_type": "aggregation",
        "lat_min": 57.215721,
        "lat_max": 57.285629,
        "lon_min": 6.602198,
        "lon_max": 6.798159,
        "time_start": 211269120.0,
        "time_end": 223041088.0
      },
      "geometry": {
        "type": "Polygon",
        "coordinates": [
          [
            [6.602197647094727, 57.215721130371094],
            [6.798158645629883, 57.215721130371094],
            [6.798158645629883, 57.28562927246094],
            [6.602197647094727, 57.28562927246094],
            [6.602197647094727, 57.215721130371094]
          ]
        ]
      }
    },
    {
      "type": "Feature",
      "properties": {
        "query_id": 247,
        "query_type": "aggregation",
        "lat_min": 57.092266,
        "lat_max": 57.114643,
        "lon_min": 8.23933,
        "lon_max": 8.302046,
        "time_start": 134149768.0,
        "time_end": 143110624.0
      },
      "geometry": {
        "type": "Polygon",
        "coordinates": [
          [
            [8.239330291748047, 57.09226608276367],
            [8.302045822143555, 57.09226608276367],
            [8.302045822143555, 57.11464309692383],
            [8.239330291748047, 57.11464309692383],
            [8.239330291748047, 57.09226608276367]
          ]
        ]
      }
    },
    {
      "type": "Feature",
      "properties": {
        "query_id": 248,
        "query_type": "nearest",
        "lat_min": 54.506416,
        "lat_max": 54.526413,
        "lon_min": 12.309921,
        "lon_max": 12.329922,
        "time_start": 75105664.0,
        "time_end": 101672576.0
      },
      "geometry": {
        "type": "Polygon",
        "coordinates": [
          [
            [12.309921264648438, 54.50641632080078],
            [12.32992172241211, 54.50641632080078],
            [12.32992172241211, 54.52641296386719],
            [12.309921264648438, 54.52641296386719],
            [12.309921264648438, 54.50641632080078]
          ]
        ]
      }
    },
    {
      "type": "Feature",
      "properties": {
        "query_id": 249,
        "query_type": "aggregation",
        "lat_min": 54.896774,
        "lat_max": 54.939415,
        "lon_min": 5.898088,
        "lon_max": 6.01762,
        "time_start": 65213076.0,
        "time_end": 80655752.0
      },
      "geometry": {
        "type": "Polygon",
        "coordinates": [
          [
            [5.898087978363037, 54.89677429199219],
            [6.017619609832764, 54.89677429199219],
            [6.017619609832764, 54.939414978027344],
            [5.898087978363037, 54.939414978027344],
            [5.898087978363037, 54.89677429199219]
          ]
        ]
      }
    },
    {
      "type": "Feature",
      "properties": {
        "query_id": 250,
        "query_type": "aggregation",
        "lat_min": 56.073669,
        "lat_max": 56.145752,
        "lon_min": 5.197157,
        "lon_max": 5.399202,
        "time_start": 26236088.0,
        "time_end": 51934856.0
      },
      "geometry": {
        "type": "Polygon",
        "coordinates": [
          [
            [5.197157382965088, 56.07366943359375],
            [5.3992018699646, 56.07366943359375],
            [5.3992018699646, 56.145751953125],
            [5.197157382965088, 56.145751953125],
            [5.197157382965088, 56.07366943359375]
          ]
        ]
      }
    },
    {
      "type": "Feature",
      "properties": {
        "query_id": 251,
        "query_type": "intersection",
        "lat_min": 57.1436,
        "lat_max": 57.272942,
        "lon_min": 11.429745,
        "lon_max": 11.703295,
        "time_start": 144473600.0,
        "time_end": 163105536.0
      },
      "geometry": {
        "type": "Polygon",
        "coordinates": [
          [
            [11.429744720458984, 57.14360046386719],
            [11.70329475402832, 57.14360046386719],
            [11.70329475402832, 57.27294158935547],
            [11.429744720458984, 57.27294158935547],
            [11.429744720458984, 57.14360046386719]
          ]
        ]
      }
    },
    {
      "type": "Feature",
      "properties": {
        "query_id": 252,
        "query_type": "aggregation",
        "lat_min": 54.521496,
        "lat_max": 54.601421,
        "lon_min": 12.420702,
        "lon_max": 12.644741,
        "time_start": 246179872.0,
        "time_end": 265669088.0
      },
      "geometry": {
        "type": "Polygon",
        "coordinates": [
          [
            [12.42070198059082, 54.5214958190918],
            [12.64474105834961, 54.5214958190918],
            [12.64474105834961, 54.60142135620117],
            [12.42070198059082, 54.60142135620117],
            [12.42070198059082, 54.5214958190918]
          ]
        ]
      }
    },
    {
      "type": "Feature",
      "properties": {
        "query_id": 253,
        "query_type": "nearest",
        "lat_min": 56.427071,
        "lat_max": 56.447067,
        "lon_min": 10.963927,
        "lon_max": 10.983928,
        "time_start": 46369324.0,
        "time_end": 72936232.0
      },
      "geometry": {
        "type": "Polygon",
        "coordinates": [
          [
            [10.963927268981934, 56.42707061767578],
            [10.983927726745605, 56.42707061767578],
            [10.983927726745605, 56.44706726074219],
            [10.963927268981934, 56.44706726074219],
            [10.963927268981934, 56.42707061767578]
          ]
        ]
      }
    },
    {
      "type": "Feature",
      "properties": {
        "query_id": 254,
        "query_type": "range",
        "lat_min": 56.86908,
        "lat_max": 57.006584,
        "lon_min": 11.880262,
        "lon_max": 12.171072,
        "time_start": 195298064.0,
        "time_end": 208879504.0
      },
      "geometry": {
        "type": "Polygon",
        "coordinates": [
          [
            [11.88026237487793, 56.86907958984375],
            [12.171072006225586, 56.86907958984375],
            [12.171072006225586, 57.00658416748047],
            [11.88026237487793, 57.00658416748047],
            [11.88026237487793, 56.86907958984375]
          ]
        ]
      }
    },
    {
      "type": "Feature",
      "properties": {
        "query_id": 255,
        "query_type": "range",
        "lat_min": 57.6908,
        "lat_max": 57.832478,
        "lon_min": 9.664667,
        "lon_max": 9.964317,
        "time_start": 160228368.0,
        "time_end": 164433456.0
      },
      "geometry": {
        "type": "Polygon",
        "coordinates": [
          [
            [9.664667129516602, 57.690799713134766],
            [9.964317321777344, 57.690799713134766],
            [9.964317321777344, 57.83247756958008],
            [9.664667129516602, 57.83247756958008],
            [9.664667129516602, 57.690799713134766]
          ]
        ]
      }
    },
    {
      "type": "Feature",
      "properties": {
        "query_id": 256,
        "query_type": "nearest",
        "lat_min": 54.618057,
        "lat_max": 54.638054,
        "lon_min": 14.765559,
        "lon_max": 14.78556,
        "time_start": 104410504.0,
        "time_end": 130977416.0
      },
      "geometry": {
        "type": "Polygon",
        "coordinates": [
          [
            [14.765559196472168, 54.61805725097656],
            [14.78555965423584, 54.61805725097656],
            [14.78555965423584, 54.63805389404297],
            [14.765559196472168, 54.63805389404297],
            [14.765559196472168, 54.61805725097656]
          ]
        ]
      }
    },
    {
      "type": "Feature",
      "properties": {
        "query_id": 257,
        "query_type": "nearest",
        "lat_min": 57.774429,
        "lat_max": 57.794426,
        "lon_min": 10.789354,
        "lon_max": 10.809355,
        "time_start": 80125328.0,
        "time_end": 106692240.0
      },
      "geometry": {
        "type": "Polygon",
        "coordinates": [
          [
            [10.78935432434082, 57.77442932128906],
            [10.809354782104492, 57.77442932128906],
            [10.809354782104492, 57.79442596435547],
            [10.78935432434082, 57.79442596435547],
            [10.78935432434082, 57.77442932128906]
          ]
        ]
      }
    },
    {
      "type": "Feature",
      "properties": {
        "query_id": 258,
        "query_type": "nearest",
        "lat_min": 55.04921,
        "lat_max": 55.069206,
        "lon_min": 11.419353,
        "lon_max": 11.439354,
        "time_start": 27098824.0,
        "time_end": 53665736.0
      },
      "geometry": {
        "type": "Polygon",
        "coordinates": [
          [
            [11.419353485107422, 55.04920959472656],
            [11.439353942871094, 55.04920959472656],
            [11.439353942871094, 55.06920623779297],
            [11.419353485107422, 55.06920623779297],
            [11.419353485107422, 55.04920959472656]
          ]
        ]
      }
    },
    {
      "type": "Feature",
      "properties": {
        "query_id": 259,
        "query_type": "range",
        "lat_min": 56.431984,
        "lat_max": 56.515526,
        "lon_min": 11.523183,
        "lon_max": 11.699872,
        "time_start": 201076000.0,
        "time_end": 211740512.0
      },
      "geometry": {
        "type": "Polygon",
        "coordinates": [
          [
            [11.52318286895752, 56.431983947753906],
            [11.699872016906738, 56.431983947753906],
            [11.699872016906738, 56.515525817871094],
            [11.52318286895752, 56.515525817871094],
            [11.52318286895752, 56.431983947753906]
          ]
        ]
      }
    },
    {
      "type": "Feature",
      "properties": {
        "query_id": 260,
        "query_type": "range",
        "lat_min": 55.102554,
        "lat_max": 55.2519,
        "lon_min": 14.043825,
        "lon_max": 14.359684,
        "time_start": 144687312.0,
        "time_end": 148454320.0
      },
      "geometry": {
        "type": "Polygon",
        "coordinates": [
          [
            [14.043825149536133, 55.10255432128906],
            [14.359683990478516, 55.10255432128906],
            [14.359683990478516, 55.25189971923828],
            [14.043825149536133, 55.25189971923828],
            [14.043825149536133, 55.10255432128906]
          ]
        ]
      }
    },
    {
      "type": "Feature",
      "properties": {
        "query_id": 261,
        "query_type": "nearest",
        "lat_min": 57.284306,
        "lat_max": 57.304302,
        "lon_min": 11.879011,
        "lon_max": 11.899012,
        "time_start": 26427964.0,
        "time_end": 52994876.0
      },
      "geometry": {
        "type": "Polygon",
        "coordinates": [
          [
            [11.879011154174805, 57.284305572509766],
            [11.899011611938477, 57.284305572509766],
            [11.899011611938477, 57.30430221557617],
            [11.879011154174805, 57.30430221557617],
            [11.879011154174805, 57.284305572509766]
          ]
        ]
      }
    },
    {
      "type": "Feature",
      "properties": {
        "query_id": 262,
        "query_type": "intersection",
        "lat_min": 57.894855,
        "lat_max": 58.041279,
        "lon_min": 9.313357,
        "lon_max": 9.623036,
        "time_start": 241897488.0,
        "time_end": 257106800.0
      },
      "geometry": {
        "type": "Polygon",
        "coordinates": [
          [
            [9.31335735321045, 57.89485549926758],
            [9.62303638458252, 57.89485549926758],
            [9.62303638458252, 58.04127883911133],
            [9.31335735321045, 58.04127883911133],
            [9.31335735321045, 57.89485549926758]
          ]
        ]
      }
    },
    {
      "type": "Feature",
      "properties": {
        "query_id": 263,
        "query_type": "aggregation",
        "lat_min": 55.629978,
        "lat_max": 55.700283,
        "lon_min": 13.299158,
        "lon_max": 13.496229,
        "time_start": 214840432.0,
        "time_end": 234303792.0
      },
      "geometry": {
        "type": "Polygon",
        "coordinates": [
          [
            [13.299158096313477, 55.62997817993164],
            [13.49622917175293, 55.62997817993164],
            [13.49622917175293, 55.70028305053711],
            [13.299158096313477, 55.70028305053711],
            [13.299158096313477, 55.62997817993164]
          ]
        ]
      }
    },
    {
      "type": "Feature",
      "properties": {
        "query_id": 264,
        "query_type": "range",
        "lat_min": 54.877956,
        "lat_max": 54.896847,
        "lon_min": 12.52874,
        "lon_max": 12.568686,
        "time_start": 139694368.0,
        "time_end": 164990016.0
      },
      "geometry": {
        "type": "Polygon",
        "coordinates": [
          [
            [12.528739929199219, 54.87795639038086],
            [12.568685531616211, 54.87795639038086],
            [12.568685531616211, 54.896846771240234],
            [12.528739929199219, 54.896846771240234],
            [12.528739929199219, 54.87795639038086]
          ]
        ]
      }
    },
    {
      "type": "Feature",
      "properties": {
        "query_id": 265,
        "query_type": "aggregation",
        "lat_min": 57.332695,
        "lat_max": 57.413513,
        "lon_min": 13.708437,
        "lon_max": 13.934969,
        "time_start": 237009632.0,
        "time_end": 254953984.0
      },
      "geometry": {
        "type": "Polygon",
        "coordinates": [
          [
            [13.708436965942383, 57.33269500732422],
            [13.934968948364258, 57.33269500732422],
            [13.934968948364258, 57.41351318359375],
            [13.708436965942383, 57.41351318359375],
            [13.708436965942383, 57.33269500732422]
          ]
        ]
      }
    },
    {
      "type": "Feature",
      "properties": {
        "query_id": 266,
        "query_type": "aggregation",
        "lat_min": 57.556759,
        "lat_max": 57.645733,
        "lon_min": 15.307471,
        "lon_max": 15.556863,
        "time_start": 179305488.0,
        "time_end": 185151600.0
      },
      "geometry": {
        "type": "Polygon",
        "coordinates": [
          [
            [15.30747127532959, 57.556758880615234],
            [15.556862831115723, 57.556758880615234],
            [15.556862831115723, 57.64573287963867],
            [15.30747127532959, 57.64573287963867],
            [15.30747127532959, 57.556758880615234]
          ]
        ]
      }
    },
    {
      "type": "Feature",
      "properties": {
        "query_id": 267,
        "query_type": "aggregation",
        "lat_min": 57.570835,
        "lat_max": 57.608013,
        "lon_min": 12.676752,
        "lon_max": 12.780966,
        "time_start": 78591552.0,
        "time_end": 102896656.0
      },
      "geometry": {
        "type": "Polygon",
        "coordinates": [
          [
            [12.676752090454102, 57.57083511352539],
            [12.780965805053711, 57.57083511352539],
            [12.780965805053711, 57.60801315307617],
            [12.676752090454102, 57.60801315307617],
            [12.676752090454102, 57.57083511352539]
          ]
        ]
      }
    },
    {
      "type": "Feature",
      "properties": {
        "query_id": 268,
        "query_type": "range",
        "lat_min": 55.726917,
        "lat_max": 55.763729,
        "lon_min": 10.464756,
        "lon_max": 10.542608,
        "time_start": 207770928.0,
        "time_end": 231825520.0
      },
      "geometry": {
        "type": "Polygon",
        "coordinates": [
          [
            [10.46475601196289, 55.7269172668457],
            [10.542608261108398, 55.7269172668457],
            [10.542608261108398, 55.763729095458984],
            [10.46475601196289, 55.763729095458984],
            [10.46475601196289, 55.7269172668457]
          ]
        ]
      }
    },
    {
      "type": "Feature",
      "properties": {
        "query_id": 269,
        "query_type": "range",
        "lat_min": 55.901993,
        "lat_max": 56.03614,
        "lon_min": 12.54589,
        "lon_max": 12.82961,
        "time_start": 0.0,
        "time_end": 23588506.0
      },
      "geometry": {
        "type": "Polygon",
        "coordinates": [
          [
            [12.545889854431152, 55.90199279785156],
            [12.829609870910645, 55.90199279785156],
            [12.829609870910645, 56.03614044189453],
            [12.545889854431152, 56.03614044189453],
            [12.545889854431152, 55.90199279785156]
          ]
        ]
      }
    },
    {
      "type": "Feature",
      "properties": {
        "query_id": 270,
        "query_type": "aggregation",
        "lat_min": 57.010471,
        "lat_max": 57.10899,
        "lon_min": 8.491722,
        "lon_max": 8.76786,
        "time_start": 49151956.0,
        "time_end": 51885844.0
      },
      "geometry": {
        "type": "Polygon",
        "coordinates": [
          [
            [8.491722106933594, 57.01047134399414],
            [8.767860412597656, 57.01047134399414],
            [8.767860412597656, 57.10898971557617],
            [8.491722106933594, 57.10898971557617],
            [8.491722106933594, 57.01047134399414]
          ]
        ]
      }
    },
    {
      "type": "Feature",
      "properties": {
        "query_id": 271,
        "query_type": "aggregation",
        "lat_min": 54.668041,
        "lat_max": 54.699093,
        "lon_min": 7.143629,
        "lon_max": 7.230662,
        "time_start": 150976336.0,
        "time_end": 175161840.0
      },
      "geometry": {
        "type": "Polygon",
        "coordinates": [
          [
            [7.1436285972595215, 54.66804122924805],
            [7.230661869049072, 54.66804122924805],
            [7.230661869049072, 54.699092864990234],
            [7.1436285972595215, 54.699092864990234],
            [7.1436285972595215, 54.66804122924805]
          ]
        ]
      }
    },
    {
      "type": "Feature",
      "properties": {
        "query_id": 272,
        "query_type": "intersection",
        "lat_min": 57.684635,
        "lat_max": 57.745274,
        "lon_min": 10.522913,
        "lon_max": 10.651157,
        "time_start": 226273392.0,
        "time_end": 236817712.0
      },
      "geometry": {
        "type": "Polygon",
        "coordinates": [
          [
            [10.522912979125977, 57.684635162353516],
            [10.65115737915039, 57.684635162353516],
            [10.65115737915039, 57.74527359008789],
            [10.522912979125977, 57.74527359008789],
            [10.522912979125977, 57.684635162353516]
          ]
        ]
      }
    },
    {
      "type": "Feature",
      "properties": {
        "query_id": 273,
        "query_type": "intersection",
        "lat_min": 55.389652,
        "lat_max": 55.53455,
        "lon_min": 8.168542,
        "lon_max": 8.474992,
        "time_start": 95299832.0,
        "time_end": 116721480.0
      },
      "geometry": {
        "type": "Polygon",
        "coordinates": [
          [
            [8.16854190826416, 55.389652252197266],
            [8.474991798400879, 55.389652252197266],
            [8.474991798400879, 55.534549713134766],
            [8.16854190826416, 55.534549713134766],
            [8.16854190826416, 55.389652252197266]
          ]
        ]
      }
    },
    {
      "type": "Feature",
      "properties": {
        "query_id": 274,
        "query_type": "aggregation",
        "lat_min": 56.442509,
        "lat_max": 56.473423,
        "lon_min": 8.419676,
        "lon_max": 8.506338,
        "time_start": 110911616.0,
        "time_end": 117693296.0
      },
      "geometry": {
        "type": "Polygon",
        "coordinates": [
          [
            [8.419675827026367, 56.442508697509766],
            [8.506338119506836, 56.442508697509766],
            [8.506338119506836, 56.47342300415039],
            [8.419675827026367, 56.47342300415039],
            [8.419675827026367, 56.442508697509766]
          ]
        ]
      }
    },
    {
      "type": "Feature",
      "properties": {
        "query_id": 275,
        "query_type": "nearest",
        "lat_min": 54.54998,
        "lat_max": 54.569977,
        "lon_min": 11.290749,
        "lon_max": 11.310749,
        "time_start": 99230824.0,
        "time_end": 125797736.0
      },
      "geometry": {
        "type": "Polygon",
        "coordinates": [
          [
            [11.290748596191406, 54.54998016357422],
            [11.310749053955078, 54.54998016357422],
            [11.310749053955078, 54.569976806640625],
            [11.290748596191406, 54.569976806640625],
            [11.290748596191406, 54.54998016357422]
          ]
        ]
      }
    },
    {
      "type": "Feature",
      "properties": {
        "query_id": 276,
        "query_type": "nearest",
        "lat_min": 57.792328,
        "lat_max": 57.812325,
        "lon_min": 10.760072,
        "lon_max": 10.780072,
        "time_start": 149596560.0,
        "time_end": 176163472.0
      },
      "geometry": {
        "type": "Polygon",
        "coordinates": [
          [
            [10.760071754455566, 57.792327880859375],
            [10.780072212219238, 57.792327880859375],
            [10.780072212219238, 57.81232452392578],
            [10.760071754455566, 57.81232452392578],
            [10.760071754455566, 57.792327880859375]
          ]
        ]
      }
    },
    {
      "type": "Feature",
      "properties": {
        "query_id": 277,
        "query_type": "intersection",
        "lat_min": 55.440174,
        "lat_max": 55.586895,
        "lon_min": 12.561556,
        "lon_max": 12.87187,
        "time_start": 241704288.0,
        "time_end": 260497024.0
      },
      "geometry": {
        "type": "Polygon",
        "coordinates": [
          [
            [12.561555862426758, 55.4401741027832],
            [12.871870040893555, 55.4401741027832],
            [12.871870040893555, 55.58689498901367],
            [12.561555862426758, 55.58689498901367],
            [12.561555862426758, 55.4401741027832]
          ]
        ]
      }
    },
    {
      "type": "Feature",
      "properties": {
        "query_id": 278,
        "query_type": "intersection",
        "lat_min": 57.657341,
        "lat_max": 57.765495,
        "lon_min": 9.298532,
        "lon_max": 9.527273,
        "time_start": 71545536.0,
        "time_end": 88223456.0
      },
      "geometry": {
        "type": "Polygon",
        "coordinates": [
          [
            [9.298532485961914, 57.65734100341797],
            [9.527273178100586, 57.65734100341797],
            [9.527273178100586, 57.76549530029297],
            [9.298532485961914, 57.76549530029297],
            [9.298532485961914, 57.65734100341797]
          ]
        ]
      }
    },
    {
      "type": "Feature",
      "properties": {
        "query_id": 279,
        "query_type": "intersection",
        "lat_min": 58.121021,
        "lat_max": 58.20731,
        "lon_min": 11.027236,
        "lon_max": 11.209729,
        "time_start": 256697744.0,
        "time_end": 265669088.0
      },
      "geometry": {
        "type": "Polygon",
        "coordinates": [
          [
            [11.027235984802246, 58.12102127075195],
            [11.209729194641113, 58.12102127075195],
            [11.209729194641113, 58.20730972290039],
            [11.027235984802246, 58.20730972290039],
            [11.027235984802246, 58.12102127075195]
          ]
        ]
      }
    },
    {
      "type": "Feature",
      "properties": {
        "query_id": 280,
        "query_type": "nearest",
        "lat_min": 56.281181,
        "lat_max": 56.301178,
        "lon_min": 11.466507,
        "lon_max": 11.486507,
        "time_start": 195609424.0,
        "time_end": 222176336.0
      },
      "geometry": {
        "type": "Polygon",
        "coordinates": [
          [
            [11.466506958007812, 56.28118133544922],
            [11.486507415771484, 56.28118133544922],
            [11.486507415771484, 56.301177978515625],
            [11.466506958007812, 56.301177978515625],
            [11.466506958007812, 56.28118133544922]
          ]
        ]
      }
    },
    {
      "type": "Feature",
      "properties": {
        "query_id": 281,
        "query_type": "intersection",
        "lat_min": 55.60841,
        "lat_max": 55.756565,
        "lon_min": 12.758691,
        "lon_max": 13.072024,
        "time_start": 244103136.0,
        "time_end": 259582624.0
      },
      "geometry": {
        "type": "Polygon",
        "coordinates": [
          [
            [12.75869083404541, 55.6084098815918],
            [13.07202434539795, 55.6084098815918],
            [13.07202434539795, 55.75656509399414],
            [12.75869083404541, 55.75656509399414],
            [12.75869083404541, 55.6084098815918]
          ]
        ]
      }
    },
    {
      "type": "Feature",
      "properties": {
        "query_id": 282,
        "query_type": "range",
        "lat_min": 54.960354,
        "lat_max": 55.103893,
        "lon_min": 15.644328,
        "lon_max": 15.947911,
        "time_start": 171813552.0,
        "time_end": 189667664.0
      },
      "geometry": {
        "type": "Polygon",
        "coordinates": [
          [
            [15.644328117370605, 54.96035385131836],
            [15.947911262512207, 54.96035385131836],
            [15.947911262512207, 55.1038932800293],
            [15.644328117370605, 55.1038932800293],
            [15.644328117370605, 54.96035385131836]
          ]
        ]
      }
    },
    {
      "type": "Feature",
      "properties": {
        "query_id": 283,
        "query_type": "nearest",
        "lat_min": 57.85487,
        "lat_max": 57.874866,
        "lon_min": 8.945401,
        "lon_max": 8.965402,
        "time_start": 131399584.0,
        "time_end": 157966496.0
      },
      "geometry": {
        "type": "Polygon",
        "coordinates": [
          [
            [8.945401191711426, 57.8548698425293],
            [8.965401649475098, 57.8548698425293],
            [8.965401649475098, 57.8748664855957],
            [8.945401191711426, 57.8748664855957],
            [8.945401191711426, 57.8548698425293]
          ]
        ]
      }
    },
    {
      "type": "Feature",
      "properties": {
        "query_id": 284,
        "query_type": "aggregation",
        "lat_min": 56.607166,
        "lat_max": 56.640484,
        "lon_min": 12.114674,
        "lon_max": 12.208063,
        "time_start": 166444000.0,
        "time_end": 180375648.0
      },
      "geometry": {
        "type": "Polygon",
        "coordinates": [
          [
            [12.114673614501953, 56.6071662902832],
            [12.208063125610352, 56.6071662902832],
            [12.208063125610352, 56.64048385620117],
            [12.114673614501953, 56.64048385620117],
            [12.114673614501953, 56.6071662902832]
          ]
        ]
      }
    },
    {
      "type": "Feature",
      "properties": {
        "query_id": 285,
        "query_type": "nearest",
        "lat_min": 55.892479,
        "lat_max": 55.912476,
        "lon_min": 11.389115,
        "lon_max": 11.409116,
        "time_start": 15831245.0,
        "time_end": 42398156.0
      },
      "geometry": {
        "type": "Polygon",
        "coordinates": [
          [
            [11.389115333557129, 55.892478942871094],
            [11.4091157913208, 55.892478942871094],
            [11.4091157913208, 55.9124755859375],
            [11.389115333557129, 55.9124755859375],
            [11.389115333557129, 55.892478942871094]
          ]
        ]
      }
    },
    {
      "type": "Feature",
      "properties": {
        "query_id": 286,
        "query_type": "nearest",
        "lat_min": 56.453625,
        "lat_max": 56.473621,
        "lon_min": 4.531126,
        "lon_max": 4.551127,
        "time_start": 69761648.0,
        "time_end": 96328560.0
      },
      "geometry": {
        "type": "Polygon",
        "coordinates": [
          [
            [4.531126499176025, 56.4536247253418],
            [4.551126956939697, 56.4536247253418],
            [4.551126956939697, 56.4736213684082],
            [4.531126499176025, 56.4736213684082],
            [4.531126499176025, 56.4536247253418]
          ]
        ]
      }
    },
    {
      "type": "Feature",
      "properties": {
        "query_id": 287,
        "query_type": "nearest",
        "lat_min": 54.923515,
        "lat_max": 54.943512,
        "lon_min": 13.222794,
        "lon_max": 13.242794,
        "time_start": 160802592.0,
        "time_end": 187369504.0
      },
      "geometry": {
        "type": "Polygon",
        "coordinates": [
          [
            [13.222793579101562, 54.92351531982422],
            [13.242794036865234, 54.92351531982422],
            [13.242794036865234, 54.943511962890625],
            [13.222793579101562, 54.943511962890625],
            [13.222793579101562, 54.92351531982422]
          ]
        ]
      }
    },
    {
      "type": "Feature",
      "properties": {
        "query_id": 288,
        "query_type": "nearest",
        "lat_min": 54.558567,
        "lat_max": 54.578564,
        "lon_min": 13.852831,
        "lon_max": 13.872831,
        "time_start": 167128688.0,
        "time_end": 193695600.0
      },
      "geometry": {
        "type": "Polygon",
        "coordinates": [
          [
            [13.85283088684082, 54.55856704711914],
            [13.872831344604492, 54.55856704711914],
            [13.872831344604492, 54.57856369018555],
            [13.85283088684082, 54.57856369018555],
            [13.85283088684082, 54.55856704711914]
          ]
        ]
      }
    },
    {
      "type": "Feature",
      "properties": {
        "query_id": 289,
        "query_type": "nearest",
        "lat_min": 54.585808,
        "lat_max": 54.605804,
        "lon_min": 11.333942,
        "lon_max": 11.353943,
        "time_start": 90449224.0,
        "time_end": 117016136.0
      },
      "geometry": {
        "type": "Polygon",
        "coordinates": [
          [
            [11.333942413330078, 54.58580780029297],
            [11.35394287109375, 54.58580780029297],
            [11.35394287109375, 54.605804443359375],
            [11.333942413330078, 54.605804443359375],
            [11.333942413330078, 54.58580780029297]
          ]
        ]
      }
    },
    {
      "type": "Feature",
      "properties": {
        "query_id": 290,
        "query_type": "intersection",
        "lat_min": 55.499683,
        "lat_max": 55.567028,
        "lon_min": 7.326087,
        "lon_max": 7.468524,
        "time_start": 0.0,
        "time_end": 18479954.0
      },
      "geometry": {
        "type": "Polygon",
        "coordinates": [
          [
            [7.326086521148682, 55.49968338012695],
            [7.4685235023498535, 55.49968338012695],
            [7.4685235023498535, 55.5670280456543],
            [7.326086521148682, 55.5670280456543],
            [7.326086521148682, 55.49968338012695]
          ]
        ]
      }
    },
    {
      "type": "Feature",
      "properties": {
        "query_id": 291,
        "query_type": "nearest",
        "lat_min": 56.574879,
        "lat_max": 56.594875,
        "lon_min": 10.721763,
        "lon_max": 10.741763,
        "time_start": 92558528.0,
        "time_end": 119125440.0
      },
      "geometry": {
        "type": "Polygon",
        "coordinates": [
          [
            [10.721762657165527, 56.57487869262695],
            [10.7417631149292, 56.57487869262695],
            [10.7417631149292, 56.59487533569336],
            [10.721762657165527, 56.59487533569336],
            [10.721762657165527, 56.57487869262695]
          ]
        ]
      }
    },
    {
      "type": "Feature",
      "properties": {
        "query_id": 292,
        "query_type": "aggregation",
        "lat_min": 55.531338,
        "lat_max": 55.627331,
        "lon_min": 9.372304,
        "lon_max": 9.641377,
        "time_start": 95239760.0,
        "time_end": 112110704.0
      },
      "geometry": {
        "type": "Polygon",
        "coordinates": [
          [
            [9.37230396270752, 55.53133773803711],
            [9.641377449035645, 55.53133773803711],
            [9.641377449035645, 55.6273307800293],
            [9.37230396270752, 55.6273307800293],
            [9.37230396270752, 55.53133773803711]
          ]
        ]
      }
    },
    {
      "type": "Feature",
      "properties": {
        "query_id": 293,
        "query_type": "nearest",
        "lat_min": 55.811287,
        "lat_max": 55.831284,
        "lon_min": 12.636064,
        "lon_max": 12.656064,
        "time_start": 53285884.0,
        "time_end": 79852792.0
      },
      "geometry": {
        "type": "Polygon",
        "coordinates": [
          [
            [12.636063575744629, 55.81128692626953],
            [12.6560640335083, 55.81128692626953],
            [12.6560640335083, 55.83128356933594],
            [12.636063575744629, 55.83128356933594],
            [12.636063575744629, 55.81128692626953]
          ]
        ]
      }
    },
    {
      "type": "Feature",
      "properties": {
        "query_id": 294,
        "query_type": "range",
        "lat_min": 54.727013,
        "lat_max": 54.789574,
        "lon_min": 12.597915,
        "lon_max": 12.730226,
        "time_start": 136683776.0,
        "time_end": 143975872.0
      },
      "geometry": {
        "type": "Polygon",
        "coordinates": [
          [
            [12.597914695739746, 54.727012634277344],
            [12.730225563049316, 54.727012634277344],
            [12.730225563049316, 54.789573669433594],
            [12.597914695739746, 54.789573669433594],
            [12.597914695739746, 54.727012634277344]
          ]
        ]
      }
    },
    {
      "type": "Feature",
      "properties": {
        "query_id": 295,
        "query_type": "intersection",
        "lat_min": 55.163761,
        "lat_max": 55.253162,
        "lon_min": 14.177822,
        "lon_max": 14.366898,
        "time_start": 16733491.0,
        "time_end": 24253540.0
      },
      "geometry": {
        "type": "Polygon",
        "coordinates": [
          [
            [14.17782211303711, 55.163761138916016],
            [14.366897583007812, 55.163761138916016],
            [14.366897583007812, 55.2531623840332],
            [14.17782211303711, 55.2531623840332],
            [14.17782211303711, 55.163761138916016]
          ]
        ]
      }
    },
    {
      "type": "Feature",
      "properties": {
        "query_id": 296,
        "query_type": "aggregation",
        "lat_min": 54.521332,
        "lat_max": 54.615929,
        "lon_min": 7.119678,
        "lon_max": 7.384822,
        "time_start": 105026344.0,
        "time_end": 120250040.0
      },
      "geometry": {
        "type": "Polygon",
        "coordinates": [
          [
            [7.119677543640137, 54.521331787109375],
            [7.384821891784668, 54.521331787109375],
            [7.384821891784668, 54.615928649902344],
            [7.119677543640137, 54.615928649902344],
            [7.119677543640137, 54.521331787109375]
          ]
        ]
      }
    },
    {
      "type": "Feature",
      "properties": {
        "query_id": 297,
        "query_type": "range",
        "lat_min": 54.58342,
        "lat_max": 54.691788,
        "lon_min": 13.946368,
        "lon_max": 14.175569,
        "time_start": 107675384.0,
        "time_end": 117045560.0
      },
      "geometry": {
        "type": "Polygon",
        "coordinates": [
          [
            [13.946368217468262, 54.58341979980469],
            [14.175568580627441, 54.58341979980469],
            [14.175568580627441, 54.69178771972656],
            [13.946368217468262, 54.69178771972656],
            [13.946368217468262, 54.58341979980469]
          ]
        ]
      }
    },
    {
      "type": "Feature",
      "properties": {
        "query_id": 298,
        "query_type": "aggregation",
        "lat_min": 56.529125,
        "lat_max": 56.541706,
        "lon_min": 6.510375,
        "lon_max": 6.545633,
        "time_start": 255244384.0,
        "time_end": 261474432.0
      },
      "geometry": {
        "type": "Polygon",
        "coordinates": [
          [
            [6.510374546051025, 56.52912521362305],
            [6.545632839202881, 56.52912521362305],
            [6.545632839202881, 56.54170608520508],
            [6.510374546051025, 56.54170608520508],
            [6.510374546051025, 56.52912521362305]
          ]
        ]
      }
    },
    {
      "type": "Feature",
      "properties": {
        "query_id": 299,
        "query_type": "nearest",
        "lat_min": 56.669003,
        "lat_max": 56.688999,
        "lon_min": 11.915871,
        "lon_max": 11.935871,
        "time_start": 124284848.0,
        "time_end": 150851760.0
      },
      "geometry": {
        "type": "Polygon",
        "coordinates": [
          [
            [11.915870666503906, 56.669002532958984],
            [11.935871124267578, 56.669002532958984],
            [11.935871124267578, 56.68899917602539],
            [11.915870666503906, 56.68899917602539],
            [11.915870666503906, 56.669002532958984]
          ]
        ]
      }
    },
    {
      "type": "Feature",
      "properties": {
        "query_id": 300,
        "query_type": "range",
        "lat_min": 57.389107,
        "lat_max": 57.481071,
        "lon_min": 10.534767,
        "lon_max": 10.729267,
        "time_start": 74834080.0,
        "time_end": 81099424.0
      },
      "geometry": {
        "type": "Polygon",
        "coordinates": [
          [
            [10.534767150878906, 57.38910675048828],
            [10.729267120361328, 57.38910675048828],
            [10.729267120361328, 57.48107147216797],
            [10.534767150878906, 57.48107147216797],
            [10.534767150878906, 57.38910675048828]
          ]
        ]
      }
    },
    {
      "type": "Feature",
      "properties": {
        "query_id": 301,
        "query_type": "range",
        "lat_min": 57.573181,
        "lat_max": 57.637474,
        "lon_min": 9.16894,
        "lon_max": 9.304911,
        "time_start": 251241888.0,
        "time_end": 257880736.0
      },
      "geometry": {
        "type": "Polygon",
        "coordinates": [
          [
            [9.168939590454102, 57.57318115234375],
            [9.304910659790039, 57.57318115234375],
            [9.304910659790039, 57.637474060058594],
            [9.168939590454102, 57.637474060058594],
            [9.168939590454102, 57.57318115234375]
          ]
        ]
      }
    },
    {
      "type": "Feature",
      "properties": {
        "query_id": 302,
        "query_type": "nearest",
        "lat_min": 54.586075,
        "lat_max": 54.606071,
        "lon_min": 14.695254,
        "lon_max": 14.715255,
        "time_start": 7664405.0,
        "time_end": 34231316.0
      },
      "geometry": {
        "type": "Polygon",
        "coordinates": [
          [
            [14.6952543258667, 54.58607482910156],
            [14.715254783630371, 54.58607482910156],
            [14.715254783630371, 54.60607147216797],
            [14.6952543258667, 54.60607147216797],
            [14.6952543258667, 54.58607482910156]
          ]
        ]
      }
    },
    {
      "type": "Feature",
      "properties": {
        "query_id": 303,
        "query_type": "intersection",
        "lat_min": 55.260986,
        "lat_max": 55.395706,
        "lon_min": 14.425375,
        "lon_max": 14.7103,
        "time_start": 118286360.0,
        "time_end": 126650136.0
      },
      "geometry": {
        "type": "Polygon",
        "coordinates": [
          [
            [14.425374984741211, 55.260986328125],
            [14.71030044555664, 55.260986328125],
            [14.71030044555664, 55.39570617675781],
            [14.425374984741211, 55.39570617675781],
            [14.425374984741211, 55.260986328125]
          ]
        ]
      }
    },
    {
      "type": "Feature",
      "properties": {
        "query_id": 304,
        "query_type": "intersection",
        "lat_min": 58.161087,
        "lat_max": 58.196587,
        "lon_min": 9.683421,
        "lon_max": 9.75851,
        "time_start": 8054403.0,
        "time_end": 25761476.0
      },
      "geometry": {
        "type": "Polygon",
        "coordinates": [
          [
            [9.68342113494873, 58.16108703613281],
            [9.758509635925293, 58.16108703613281],
            [9.758509635925293, 58.19658660888672],
            [9.68342113494873, 58.19658660888672],
            [9.68342113494873, 58.16108703613281]
          ]
        ]
      }
    },
    {
      "type": "Feature",
      "properties": {
        "query_id": 305,
        "query_type": "nearest",
        "lat_min": 57.545647,
        "lat_max": 57.565643,
        "lon_min": 11.404362,
        "lon_max": 11.424362,
        "time_start": 72061984.0,
        "time_end": 98628896.0
      },
      "geometry": {
        "type": "Polygon",
        "coordinates": [
          [
            [11.404361724853516, 57.54564666748047],
            [11.424362182617188, 57.54564666748047],
            [11.424362182617188, 57.565643310546875],
            [11.404361724853516, 57.565643310546875],
            [11.404361724853516, 57.54564666748047]
          ]
        ]
      }
    },
    {
      "type": "Feature",
      "properties": {
        "query_id": 306,
        "query_type": "nearest",
        "lat_min": 55.427185,
        "lat_max": 55.447182,
        "lon_min": 10.9058,
        "lon_max": 10.9258,
        "time_start": 138966368.0,
        "time_end": 165533280.0
      },
      "geometry": {
        "type": "Polygon",
        "coordinates": [
          [
            [10.905799865722656, 55.42718505859375],
            [10.925800323486328, 55.42718505859375],
            [10.925800323486328, 55.447181701660156],
            [10.905799865722656, 55.447181701660156],
            [10.905799865722656, 55.42718505859375]
          ]
        ]
      }
    },
    {
      "type": "Feature",
      "properties": {
        "query_id": 307,
        "query_type": "range",
        "lat_min": 57.802551,
        "lat_max": 57.899193,
        "lon_min": 10.063745,
        "lon_max": 10.26813,
        "time_start": 185311008.0,
        "time_end": 196704640.0
      },
      "geometry": {
        "type": "Polygon",
        "coordinates": [
          [
            [10.06374454498291, 57.80255126953125],
            [10.2681303024292, 57.80255126953125],
            [10.2681303024292, 57.899192810058594],
            [10.06374454498291, 57.899192810058594],
            [10.06374454498291, 57.80255126953125]
          ]
        ]
      }
    },
    {
      "type": "Feature",
      "properties": {
        "query_id": 308,
        "query_type": "intersection",
        "lat_min": 57.502541,
        "lat_max": 57.577797,
        "lon_min": 8.466669,
        "lon_max": 8.625832,
        "time_start": 190633824.0,
        "time_end": 215327712.0
      },
      "geometry": {
        "type": "Polygon",
        "coordinates": [
          [
            [8.466669082641602, 57.502540588378906],
            [8.625831604003906, 57.502540588378906],
            [8.625831604003906, 57.577796936035156],
            [8.466669082641602, 57.577796936035156],
            [8.466669082641602, 57.502540588378906]
          ]
        ]
      }
    },
    {
      "type": "Feature",
      "properties": {
        "query_id": 309,
        "query_type": "nearest",
        "lat_min": 57.246693,
        "lat_max": 57.266689,
        "lon_min": 8.348953,
        "lon_max": 8.368954,
        "time_start": 66097200.0,
        "time_end": 92664112.0
      },
      "geometry": {
        "type": "Polygon",
        "coordinates": [
          [
            [8.348953247070312, 57.2466926574707],
            [8.368953704833984, 57.2466926574707],
            [8.368953704833984, 57.26668930053711],
            [8.348953247070312, 57.26668930053711],
            [8.348953247070312, 57.2466926574707]
          ]
        ]
      }
    },
    {
      "type": "Feature",
      "properties": {
        "query_id": 310,
        "query_type": "range",
        "lat_min": 55.108635,
        "lat_max": 55.140999,
        "lon_min": 14.602716,
        "lon_max": 14.671167,
        "time_start": 52668504.0,
        "time_end": 78779168.0
      },
      "geometry": {
        "type": "Polygon",
        "coordinates": [
          [
            [14.602716445922852, 55.10863494873047],
            [14.671167373657227, 55.10863494873047],
            [14.671167373657227, 55.14099884033203],
            [14.602716445922852, 55.14099884033203],
            [14.602716445922852, 55.10863494873047]
          ]
        ]
      }
    },
    {
      "type": "Feature",
      "properties": {
        "query_id": 311,
        "query_type": "aggregation",
        "lat_min": 55.87674,
        "lat_max": 55.981079,
        "lon_min": 13.651007,
        "lon_max": 13.943478,
        "time_start": 164302896.0,
        "time_end": 176474064.0
      },
      "geometry": {
        "type": "Polygon",
        "coordinates": [
          [
            [13.651006698608398, 55.876739501953125],
            [13.943477630615234, 55.876739501953125],
            [13.943477630615234, 55.9810791015625],
            [13.651006698608398, 55.9810791015625],
            [13.651006698608398, 55.876739501953125]
          ]
        ]
      }
    },
    {
      "type": "Feature",
      "properties": {
        "query_id": 312,
        "query_type": "aggregation",
        "lat_min": 54.835945,
        "lat_max": 54.947723,
        "lon_min": 15.179193,
        "lon_max": 15.492502,
        "time_start": 39236896.0,
        "time_end": 53581216.0
      },
      "geometry": {
        "type": "Polygon",
        "coordinates": [
          [
            [15.179193496704102, 54.83594512939453],
            [15.492502212524414, 54.83594512939453],
            [15.492502212524414, 54.947723388671875],
            [15.179193496704102, 54.947723388671875],
            [15.179193496704102, 54.83594512939453]
          ]
        ]
      }
    },
    {
      "type": "Feature",
      "properties": {
        "query_id": 313,
        "query_type": "intersection",
        "lat_min": 57.528145,
        "lat_max": 57.658096,
        "lon_min": 9.822379,
        "lon_max": 10.097226,
        "time_start": 152408608.0,
        "time_end": 169524256.0
      },
      "geometry": {
        "type": "Polygon",
        "coordinates": [
          [
            [9.822379112243652, 57.52814483642578],
            [10.0972261428833, 57.52814483642578],
            [10.0972261428833, 57.65809631347656],
            [9.822379112243652, 57.65809631347656],
            [9.822379112243652, 57.52814483642578]
          ]
        ]
      }
    },
    {
      "type": "Feature",
      "properties": {
        "query_id": 314,
        "query_type": "aggregation",
        "lat_min": 55.587811,
        "lat_max": 55.62402,
        "lon_min": 13.003989,
        "lon_max": 13.105485,
        "time_start": 203578096.0,
        "time_end": 229804080.0
      },
      "geometry": {
        "type": "Polygon",
        "coordinates": [
          [
            [13.003989219665527, 55.58781051635742],
            [13.105484962463379, 55.58781051635742],
            [13.105484962463379, 55.624019622802734],
            [13.003989219665527, 55.624019622802734],
            [13.003989219665527, 55.58781051635742]
          ]
        ]
      }
    },
    {
      "type": "Feature",
      "properties": {
        "query_id": 315,
        "query_type": "nearest",
        "lat_min": 55.411873,
        "lat_max": 55.43187,
        "lon_min": 10.998675,
        "lon_max": 11.018676,
        "time_start": 191564096.0,
        "time_end": 218131008.0
      },
      "geometry": {
        "type": "Polygon",
        "coordinates": [
          [
            [10.998675346374512, 55.41187286376953],
            [11.018675804138184, 55.41187286376953],
            [11.018675804138184, 55.43186950683594],
            [10.998675346374512, 55.43186950683594],
            [10.998675346374512, 55.41187286376953]
          ]
        ]
      }
    },
    {
      "type": "Feature",
      "properties": {
        "query_id": 316,
        "query_type": "nearest",
        "lat_min": 57.421982,
        "lat_max": 57.441978,
        "lon_min": 11.433527,
        "lon_max": 11.453527,
        "time_start": 238570080.0,
        "time_end": 265136992.0
      },
      "geometry": {
        "type": "Polygon",
        "coordinates": [
          [
            [11.433526992797852, 57.42198181152344],
            [11.453527450561523, 57.42198181152344],
            [11.453527450561523, 57.441978454589844],
            [11.433526992797852, 57.441978454589844],
            [11.433526992797852, 57.42198181152344]
          ]
        ]
      }
    },
    {
      "type": "Feature",
      "properties": {
        "query_id": 317,
        "query_type": "intersection",
        "lat_min": 56.666813,
        "lat_max": 56.781765,
        "lon_min": 7.60509,
        "lon_max": 7.848204,
        "time_start": 215951872.0,
        "time_end": 223089824.0
      },
      "geometry": {
        "type": "Polygon",
        "coordinates": [
          [
            [7.6050896644592285, 56.666812896728516],
            [7.848204135894775, 56.666812896728516],
            [7.848204135894775, 56.78176498413086],
            [7.6050896644592285, 56.78176498413086],
            [7.6050896644592285, 56.666812896728516]
          ]
        ]
      }
    },
    {
      "type": "Feature",
      "properties": {
        "query_id": 318,
        "query_type": "intersection",
        "lat_min": 56.124344,
        "lat_max": 56.165695,
        "lon_min": 12.40731,
        "lon_max": 12.494766,
        "time_start": 31894712.0,
        "time_end": 42198696.0
      },
      "geometry": {
        "type": "Polygon",
        "coordinates": [
          [
            [12.407310485839844, 56.12434387207031],
            [12.494766235351562, 56.12434387207031],
            [12.494766235351562, 56.16569519042969],
            [12.407310485839844, 56.16569519042969],
            [12.407310485839844, 56.12434387207031]
          ]
        ]
      }
    },
    {
      "type": "Feature",
      "properties": {
        "query_id": 319,
        "query_type": "range",
        "lat_min": 54.683193,
        "lat_max": 54.710835,
        "lon_min": 8.603134,
        "lon_max": 8.661596,
        "time_start": 175892672.0,
        "time_end": 182227904.0
      },
      "geometry": {
        "type": "Polygon",
        "coordinates": [
          [
            [8.603134155273438, 54.68319320678711],
            [8.661596298217773, 54.68319320678711],
            [8.661596298217773, 54.71083450317383],
            [8.603134155273438, 54.71083450317383],
            [8.603134155273438, 54.68319320678711]
          ]
        ]
      }
    },
    {
      "type": "Feature",
      "properties": {
        "query_id": 320,
        "query_type": "aggregation",
        "lat_min": 54.946964,
        "lat_max": 55.025532,
        "lon_min": 14.429765,
        "lon_max": 14.649987,
        "time_start": 18316870.0,
        "time_end": 38733424.0
      },
      "geometry": {
        "type": "Polygon",
        "coordinates": [
          [
            [14.429764747619629, 54.946964263916016],
            [14.64998722076416, 54.946964263916016],
            [14.64998722076416, 55.02553176879883],
            [14.429764747619629, 55.02553176879883],
            [14.429764747619629, 54.946964263916016]
          ]
        ]
      }
    },
    {
      "type": "Feature",
      "properties": {
        "query_id": 321,
        "query_type": "range",
        "lat_min": 55.173527,
        "lat_max": 55.192501,
        "lon_min": 13.842999,
        "lon_max": 13.883125,
        "time_start": 9928418.0,
        "time_end": 31682678.0
      },
      "geometry": {
        "type": "Polygon",
        "coordinates": [
          [
            [13.842998504638672, 55.173526763916016],
            [13.883125305175781, 55.173526763916016],
            [13.883125305175781, 55.192501068115234],
            [13.842998504638672, 55.192501068115234],
            [13.842998504638672, 55.173526763916016]
          ]
        ]
      }
    },
    {
      "type": "Feature",
      "properties": {
        "query_id": 322,
        "query_type": "range",
        "lat_min": 54.578098,
        "lat_max": 54.709438,
        "lon_min": 10.933542,
        "lon_max": 11.211321,
        "time_start": 31276952.0,
        "time_end": 56883864.0
      },
      "geometry": {
        "type": "Polygon",
        "coordinates": [
          [
            [10.933542251586914, 54.57809829711914],
            [11.211320877075195, 54.57809829711914],
            [11.211320877075195, 54.70943832397461],
            [10.933542251586914, 54.70943832397461],
            [10.933542251586914, 54.57809829711914]
          ]
        ]
      }
    },
    {
      "type": "Feature",
      "properties": {
        "query_id": 323,
        "query_type": "range",
        "lat_min": 55.281937,
        "lat_max": 55.325081,
        "lon_min": 13.038233,
        "lon_max": 13.129482,
        "time_start": 176983936.0,
        "time_end": 200006080.0
      },
      "geometry": {
        "type": "Polygon",
        "coordinates": [
          [
            [13.038232803344727, 55.28193664550781],
            [13.12948226928711, 55.28193664550781],
            [13.12948226928711, 55.32508087158203],
            [13.038232803344727, 55.32508087158203],
            [13.038232803344727, 55.28193664550781]
          ]
        ]
      }
    },
    {
      "type": "Feature",
      "properties": {
        "query_id": 324,
        "query_type": "nearest",
        "lat_min": 56.143703,
        "lat_max": 56.1637,
        "lon_min": 10.224946,
        "lon_max": 10.244946,
        "time_start": 233292480.0,
        "time_end": 259859392.0
      },
      "geometry": {
        "type": "Polygon",
        "coordinates": [
          [
            [10.224946022033691, 56.14370346069336],
            [10.244946479797363, 56.14370346069336],
            [10.244946479797363, 56.163700103759766],
            [10.224946022033691, 56.163700103759766],
            [10.224946022033691, 56.14370346069336]
          ]
        ]
      }
    },
    {
      "type": "Feature",
      "properties": {
        "query_id": 325,
        "query_type": "nearest",
        "lat_min": 54.70475,
        "lat_max": 54.724747,
        "lon_min": 10.102773,
        "lon_max": 10.122773,
        "time_start": 235479008.0,
        "time_end": 262045920.0
      },
      "geometry": {
        "type": "Polygon",
        "coordinates": [
          [
            [10.10277271270752, 54.704750061035156],
            [10.122773170471191, 54.704750061035156],
            [10.122773170471191, 54.72474670410156],
            [10.10277271270752, 54.72474670410156],
            [10.10277271270752, 54.704750061035156]
          ]
        ]
      }
    },
    {
      "type": "Feature",
      "properties": {
        "query_id": 326,
        "query_type": "range",
        "lat_min": 56.728466,
        "lat_max": 56.8298,
        "lon_min": 7.500906,
        "lon_max": 7.715225,
        "time_start": 252486736.0,
        "time_end": 255707088.0
      },
      "geometry": {
        "type": "Polygon",
        "coordinates": [
          [
            [7.500905513763428, 56.72846603393555],
            [7.715224742889404, 56.72846603393555],
            [7.715224742889404, 56.82979965209961],
            [7.500905513763428, 56.82979965209961],
            [7.500905513763428, 56.72846603393555]
          ]
        ]
      }
    },
    {
      "type": "Feature",
      "properties": {
        "query_id": 327,
        "query_type": "aggregation",
        "lat_min": 55.542004,
        "lat_max": 55.648617,
        "lon_min": 7.359786,
        "lon_max": 7.658612,
        "time_start": 70997160.0,
        "time_end": 74367736.0
      },
      "geometry": {
        "type": "Polygon",
        "coordinates": [
          [
            [7.359786033630371, 55.5420036315918],
            [7.658612251281738, 55.5420036315918],
            [7.658612251281738, 55.648616790771484],
            [7.359786033630371, 55.648616790771484],
            [7.359786033630371, 55.5420036315918]
          ]
        ]
      }
    },
    {
      "type": "Feature",
      "properties": {
        "query_id": 328,
        "query_type": "intersection",
        "lat_min": 55.553547,
        "lat_max": 55.605221,
        "lon_min": 12.636069,
        "lon_max": 12.74536,
        "time_start": 143524752.0,
        "time_end": 147701552.0
      },
      "geometry": {
        "type": "Polygon",
        "coordinates": [
          [
            [12.636069297790527, 55.55354690551758],
            [12.745360374450684, 55.55354690551758],
            [12.745360374450684, 55.605220794677734],
            [12.636069297790527, 55.605220794677734],
            [12.636069297790527, 55.55354690551758]
          ]
        ]
      }
    },
    {
      "type": "Feature",
      "properties": {
        "query_id": 329,
        "query_type": "range",
        "lat_min": 54.981911,
        "lat_max": 55.117592,
        "lon_min": 13.828466,
        "lon_max": 14.115423,
        "time_start": 48150080.0,
        "time_end": 70958016.0
      },
      "geometry": {
        "type": "Polygon",
        "coordinates": [
          [
            [13.828466415405273, 54.981910705566406],
            [14.115423202514648, 54.981910705566406],
            [14.115423202514648, 55.117591857910156],
            [13.828466415405273, 55.117591857910156],
            [13.828466415405273, 54.981910705566406]
          ]
        ]
      }
    },
    {
      "type": "Feature",
      "properties": {
        "query_id": 330,
        "query_type": "aggregation",
        "lat_min": 57.553513,
        "lat_max": 57.619041,
        "lon_min": 11.98984,
        "lon_max": 12.173525,
        "time_start": 136718672.0,
        "time_end": 147247536.0
      },
      "geometry": {
        "type": "Polygon",
        "coordinates": [
          [
            [11.989839553833008, 57.55351257324219],
            [12.173524856567383, 57.55351257324219],
            [12.173524856567383, 57.619041442871094],
            [11.989839553833008, 57.619041442871094],
            [11.989839553833008, 57.55351257324219]
          ]
        ]
      }
    },
    {
      "type": "Feature",
      "properties": {
        "query_id": 331,
        "query_type": "intersection",
        "lat_min": 57.735497,
        "lat_max": 57.803703,
        "lon_min": 10.711443,
        "lon_max": 10.855692,
        "time_start": 219567248.0,
        "time_end": 236692240.0
      },
      "geometry": {
        "type": "Polygon",
        "coordinates": [
          [
            [10.711442947387695, 57.735496520996094],
            [10.855691909790039, 57.735496520996094],
            [10.855691909790039, 57.80370330810547],
            [10.711442947387695, 57.80370330810547],
            [10.711442947387695, 57.735496520996094]
          ]
        ]
      }
    },
    {
      "type": "Feature",
      "properties": {
        "query_id": 332,
        "query_type": "nearest",
        "lat_min": 54.506035,
        "lat_max": 54.526031,
        "lon_min": 11.8843,
        "lon_max": 11.904301,
        "time_start": 67896960.0,
        "time_end": 94463872.0
      },
      "geometry": {
        "type": "Polygon",
        "coordinates": [
          [
            [11.884300231933594, 54.50603485107422],
            [11.904300689697266, 54.50603485107422],
            [11.904300689697266, 54.526031494140625],
            [11.884300231933594, 54.526031494140625],
            [11.884300231933594, 54.50603485107422]
          ]
        ]
      }
    },
    {
      "type": "Feature",
      "properties": {
        "query_id": 333,
        "query_type": "nearest",
        "lat_min": 55.459175,
        "lat_max": 55.479172,
        "lon_min": 8.346266,
        "lon_max": 8.366266,
        "time_start": 200129280.0,
        "time_end": 226696192.0
      },
      "geometry": {
        "type": "Polygon",
        "coordinates": [
          [
            [8.34626579284668, 55.45917510986328],
            [8.366266250610352, 55.45917510986328],
            [8.366266250610352, 55.47917175292969],
            [8.34626579284668, 55.47917175292969],
            [8.34626579284668, 55.45917510986328]
          ]
        ]
      }
    },
    {
      "type": "Feature",
      "properties": {
        "query_id": 334,
        "query_type": "nearest",
        "lat_min": 57.559429,
        "lat_max": 57.579426,
        "lon_min": 9.2457,
        "lon_max": 9.2657,
        "time_start": 18044344.0,
        "time_end": 44611256.0
      },
      "geometry": {
        "type": "Polygon",
        "coordinates": [
          [
            [9.245699882507324, 57.55942916870117],
            [9.265700340270996, 57.55942916870117],
            [9.265700340270996, 57.57942581176758],
            [9.245699882507324, 57.57942581176758],
            [9.245699882507324, 57.55942916870117]
          ]
        ]
      }
    },
    {
      "type": "Feature",
      "properties": {
        "query_id": 335,
        "query_type": "range",
        "lat_min": 57.681946,
        "lat_max": 57.740463,
        "lon_min": 11.634005,
        "lon_max": 11.757769,
        "time_start": 143621760.0,
        "time_end": 152363200.0
      },
      "geometry": {
        "type": "Polygon",
        "coordinates": [
          [
            [11.634004592895508, 57.68194580078125],
            [11.757768630981445, 57.68194580078125],
            [11.757768630981445, 57.74046325683594],
            [11.634004592895508, 57.74046325683594],
            [11.634004592895508, 57.68194580078125]
          ]
        ]
      }
    },
    {
      "type": "Feature",
      "properties": {
        "query_id": 336,
        "query_type": "intersection",
        "lat_min": 55.02652,
        "lat_max": 55.094543,
        "lon_min": 10.546088,
        "lon_max": 10.689958,
        "time_start": 152777296.0,
        "time_end": 170131056.0
      },
      "geometry": {
        "type": "Polygon",
        "coordinates": [
          [
            [10.546088218688965, 55.026519775390625],
            [10.689957618713379, 55.026519775390625],
            [10.689957618713379, 55.09454345703125],
            [10.546088218688965, 55.09454345703125],
            [10.546088218688965, 55.026519775390625]
          ]
        ]
      }
    },
    {
      "type": "Feature",
      "properties": {
        "query_id": 337,
        "query_type": "range",
        "lat_min": 54.846943,
        "lat_max": 54.902454,
        "lon_min": 10.951583,
        "lon_max": 11.068984,
        "time_start": 199381056.0,
        "time_end": 205569120.0
      },
      "geometry": {
        "type": "Polygon",
        "coordinates": [
          [
            [10.951582908630371, 54.84694290161133],
            [11.068984031677246, 54.84694290161133],
            [11.068984031677246, 54.9024543762207],
            [10.951582908630371, 54.9024543762207],
            [10.951582908630371, 54.84694290161133]
          ]
        ]
      }
    },
    {
      "type": "Feature",
      "properties": {
        "query_id": 338,
        "query_type": "intersection",
        "lat_min": 55.507992,
        "lat_max": 55.607311,
        "lon_min": 9.634628,
        "lon_max": 9.844681,
        "time_start": 141660736.0,
        "time_end": 151032352.0
      },
      "geometry": {
        "type": "Polygon",
        "coordinates": [
          [
            [9.634628295898438, 55.507991790771484],
            [9.844680786132812, 55.507991790771484],
            [9.844680786132812, 55.6073112487793],
            [9.634628295898438, 55.6073112487793],
            [9.634628295898438, 55.507991790771484]
          ]
        ]
      }
    },
    {
      "type": "Feature",
      "properties": {
        "query_id": 339,
        "query_type": "nearest",
        "lat_min": 55.108788,
        "lat_max": 55.128784,
        "lon_min": 14.187605,
        "lon_max": 14.207605,
        "time_start": 76905840.0,
        "time_end": 103472752.0
      },
      "geometry": {
        "type": "Polygon",
        "coordinates": [
          [
            [14.187604904174805, 55.108787536621094],
            [14.207605361938477, 55.108787536621094],
            [14.207605361938477, 55.1287841796875],
            [14.187604904174805, 55.1287841796875],
            [14.187604904174805, 55.108787536621094]
          ]
        ]
      }
    },
    {
      "type": "Feature",
      "properties": {
        "query_id": 340,
        "query_type": "aggregation",
        "lat_min": 56.91626,
        "lat_max": 57.018013,
        "lon_min": 8.202157,
        "lon_max": 8.487365,
        "time_start": 153917312.0,
        "time_end": 169567904.0
      },
      "geometry": {
        "type": "Polygon",
        "coordinates": [
          [
            [8.202157020568848, 56.916259765625],
            [8.487364768981934, 56.916259765625],
            [8.487364768981934, 57.01801300048828],
            [8.202157020568848, 57.01801300048828],
            [8.202157020568848, 56.916259765625]
          ]
        ]
      }
    },
    {
      "type": "Feature",
      "properties": {
        "query_id": 341,
        "query_type": "intersection",
        "lat_min": 56.732731,
        "lat_max": 56.790775,
        "lon_min": 7.538628,
        "lon_max": 7.661386,
        "time_start": 11617076.0,
        "time_end": 29429116.0
      },
      "geometry": {
        "type": "Polygon",
        "coordinates": [
          [
            [7.538628101348877, 56.732730865478516],
            [7.661386013031006, 56.732730865478516],
            [7.661386013031006, 56.790775299072266],
            [7.538628101348877, 56.790775299072266],
            [7.538628101348877, 56.732730865478516]
          ]
        ]
      }
    },
    {
      "type": "Feature",
      "properties": {
        "query_id": 342,
        "query_type": "intersection",
        "lat_min": 57.559139,
        "lat_max": 57.676899,
        "lon_min": 11.544146,
        "lon_max": 11.793194,
        "time_start": 104375464.0,
        "time_end": 126873000.0
      },
      "geometry": {
        "type": "Polygon",
        "coordinates": [
          [
            [11.544145584106445, 57.559139251708984],
            [11.793193817138672, 57.559139251708984],
            [11.793193817138672, 57.67689895629883],
            [11.544145584106445, 57.67689895629883],
            [11.544145584106445, 57.559139251708984]
          ]
        ]
      }
    },
    {
      "type": "Feature",
      "properties": {
        "query_id": 343,
        "query_type": "intersection",
        "lat_min": 54.443707,
        "lat_max": 54.546535,
        "lon_min": 11.359688,
        "lon_max": 11.577162,
        "time_start": 100424032.0,
        "time_end": 122318128.0
      },
      "geometry": {
        "type": "Polygon",
        "coordinates": [
          [
            [11.359687805175781, 54.44370651245117],
            [11.57716178894043, 54.44370651245117],
            [11.57716178894043, 54.54653549194336],
            [11.359687805175781, 54.54653549194336],
            [11.359687805175781, 54.44370651245117]
          ]
        ]
      }
    },
    {
      "type": "Feature",
      "properties": {
        "query_id": 344,
        "query_type": "aggregation",
        "lat_min": 56.297142,
        "lat_max": 56.372459,
        "lon_min": 5.119098,
        "lon_max": 5.295479,
        "time_start": 206138624.0,
        "time_end": 219076640.0
      },
      "geometry": {
        "type": "Polygon",
        "coordinates": [
          [
            [5.119097709655762, 56.297142028808594],
            [5.295478820800781, 56.297142028808594],
            [5.295478820800781, 56.372459411621094],
            [5.119097709655762, 56.372459411621094],
            [5.119097709655762, 56.297142028808594]
          ]
        ]
      }
    },
    {
      "type": "Feature",
      "properties": {
        "query_id": 345,
        "query_type": "nearest",
        "lat_min": 55.188393,
        "lat_max": 55.208389,
        "lon_min": 11.007315,
        "lon_max": 11.027315,
        "time_start": 95286424.0,
        "time_end": 121853336.0
      },
      "geometry": {
        "type": "Polygon",
        "coordinates": [
          [
            [11.007314682006836, 55.188392639160156],
            [11.027315139770508, 55.188392639160156],
            [11.027315139770508, 55.20838928222656],
            [11.007314682006836, 55.20838928222656],
            [11.007314682006836, 55.188392639160156]
          ]
        ]
      }
    },
    {
      "type": "Feature",
      "properties": {
        "query_id": 346,
        "query_type": "nearest",
        "lat_min": 57.352829,
        "lat_max": 57.372826,
        "lon_min": 8.821647,
        "lon_max": 8.841647,
        "time_start": 65089808.0,
        "time_end": 91656720.0
      },
      "geometry": {
        "type": "Polygon",
        "coordinates": [
          [
            [8.821646690368652, 57.35282897949219],
            [8.841647148132324, 57.35282897949219],
            [8.841647148132324, 57.372825622558594],
            [8.821646690368652, 57.372825622558594],
            [8.821646690368652, 57.35282897949219]
          ]
        ]
      }
    },
    {
      "type": "Feature",
      "properties": {
        "query_id": 347,
        "query_type": "range",
        "lat_min": 54.99247,
        "lat_max": 55.0429,
        "lon_min": 13.713867,
        "lon_max": 13.820526,
        "time_start": 9205971.0,
        "time_end": 23008316.0
      },
      "geometry": {
        "type": "Polygon",
        "coordinates": [
          [
            [13.7138671875, 54.992469787597656],
            [13.820526123046875, 54.992469787597656],
            [13.820526123046875, 55.04290008544922],
            [13.7138671875, 55.04290008544922],
            [13.7138671875, 54.992469787597656]
          ]
        ]
      }
    },
    {
      "type": "Feature",
      "properties": {
        "query_id": 348,
        "query_type": "aggregation",
        "lat_min": 54.537926,
        "lat_max": 54.642273,
        "lon_min": 10.07792,
        "lon_max": 10.370402,
        "time_start": 258166368.0,
        "time_end": 265669088.0
      },
      "geometry": {
        "type": "Polygon",
        "coordinates": [
          [
            [10.077919960021973, 54.537925720214844],
            [10.370402336120605, 54.537925720214844],
            [10.370402336120605, 54.64227294921875],
            [10.077919960021973, 54.64227294921875],
            [10.077919960021973, 54.537925720214844]
          ]
        ]
      }
    },
    {
      "type": "Feature",
      "properties": {
        "query_id": 349,
        "query_type": "nearest",
        "lat_min": 54.815742,
        "lat_max": 54.835739,
        "lon_min": 13.986156,
        "lon_max": 14.006156,
        "time_start": 117505864.0,
        "time_end": 144072768.0
      },
      "geometry": {
        "type": "Polygon",
        "coordinates": [
          [
            [13.98615550994873, 54.81574249267578],
            [14.006155967712402, 54.81574249267578],
            [14.006155967712402, 54.83573913574219],
            [13.98615550994873, 54.83573913574219],
            [13.98615550994873, 54.81574249267578]
          ]
        ]
      }
    },
    {
      "type": "Feature",
      "properties": {
        "query_id": 350,
        "query_type": "intersection",
        "lat_min": 54.683548,
        "lat_max": 54.738571,
        "lon_min": 12.781862,
        "lon_max": 12.898241,
        "time_start": 110114448.0,
        "time_end": 130429920.0
      },
      "geometry": {
        "type": "Polygon",
        "coordinates": [
          [
            [12.781862258911133, 54.68354797363281],
            [12.89824104309082, 54.68354797363281],
            [12.89824104309082, 54.73857116699219],
            [12.781862258911133, 54.73857116699219],
            [12.781862258911133, 54.68354797363281]
          ]
        ]
      }
    },
    {
      "type": "Feature",
      "properties": {
        "query_id": 351,
        "query_type": "range",
        "lat_min": 54.697563,
        "lat_max": 54.719536,
        "lon_min": 13.148036,
        "lon_max": 13.194501,
        "time_start": 23938096.0,
        "time_end": 48816960.0
      },
      "geometry": {
        "type": "Polygon",
        "coordinates": [
          [
            [13.148036003112793, 54.69756317138672],
            [13.194500923156738, 54.69756317138672],
            [13.194500923156738, 54.71953582763672],
            [13.148036003112793, 54.71953582763672],
            [13.148036003112793, 54.69756317138672]
          ]
        ]
      }
    },
    {
      "type": "Feature",
      "properties": {
        "query_id": 352,
        "query_type": "intersection",
        "lat_min": 55.587788,
        "lat_max": 55.701931,
        "lon_min": 12.569172,
        "lon_max": 12.810585,
        "time_start": 160561296.0,
        "time_end": 181356880.0
      },
      "geometry": {
        "type": "Polygon",
        "coordinates": [
          [
            [12.569171905517578, 55.58778762817383],
            [12.810585021972656, 55.58778762817383],
            [12.810585021972656, 55.70193099975586],
            [12.569171905517578, 55.70193099975586],
            [12.569171905517578, 55.58778762817383]
          ]
        ]
      }
    },
    {
      "type": "Feature",
      "properties": {
        "query_id": 353,
        "query_type": "range",
        "lat_min": 56.812019,
        "lat_max": 56.858498,
        "lon_min": 10.900564,
        "lon_max": 10.998859,
        "time_start": 45771436.0,
        "time_end": 59205380.0
      },
      "geometry": {
        "type": "Polygon",
        "coordinates": [
          [
            [10.900564193725586, 56.81201934814453],
            [10.998859405517578, 56.81201934814453],
            [10.998859405517578, 56.858497619628906],
            [10.900564193725586, 56.858497619628906],
            [10.900564193725586, 56.81201934814453]
          ]
        ]
      }
    },
    {
      "type": "Feature",
      "properties": {
        "query_id": 354,
        "query_type": "range",
        "lat_min": 56.22261,
        "lat_max": 56.327156,
        "lon_min": 12.299589,
        "lon_max": 12.5207,
        "time_start": 0.0,
        "time_end": 19789144.0
      },
      "geometry": {
        "type": "Polygon",
        "coordinates": [
          [
            [12.299589157104492, 56.22261047363281],
            [12.520700454711914, 56.22261047363281],
            [12.520700454711914, 56.32715606689453],
            [12.299589157104492, 56.32715606689453],
            [12.299589157104492, 56.22261047363281]
          ]
        ]
      }
    },
    {
      "type": "Feature",
      "properties": {
        "query_id": 355,
        "query_type": "range",
        "lat_min": 54.267067,
        "lat_max": 54.3088,
        "lon_min": 12.043337,
        "lon_max": 12.131599,
        "time_start": 99181640.0,
        "time_end": 123916680.0
      },
      "geometry": {
        "type": "Polygon",
        "coordinates": [
          [
            [12.043336868286133, 54.267066955566406],
            [12.131599426269531, 54.267066955566406],
            [12.131599426269531, 54.308799743652344],
            [12.043336868286133, 54.308799743652344],
            [12.043336868286133, 54.267066955566406]
          ]
        ]
      }
    },
    {
      "type": "Feature",
      "properties": {
        "query_id": 356,
        "query_type": "intersection",
        "lat_min": 56.424614,
        "lat_max": 56.544083,
        "lon_min": 11.496568,
        "lon_max": 11.749242,
        "time_start": 125138424.0,
        "time_end": 146369264.0
      },
      "geometry": {
        "type": "Polygon",
        "coordinates": [
          [
            [11.496567726135254, 56.42461395263672],
            [11.749241828918457, 56.42461395263672],
            [11.749241828918457, 56.54408264160156],
            [11.496567726135254, 56.54408264160156],
            [11.496567726135254, 56.42461395263672]
          ]
        ]
      }
    },
    {
      "type": "Feature",
      "properties": {
        "query_id": 357,
        "query_type": "nearest",
        "lat_min": 55.398987,
        "lat_max": 55.418983,
        "lon_min": 14.597699,
        "lon_max": 14.6177,
        "time_start": 144925088.0,
        "time_end": 171492000.0
      },
      "geometry": {
        "type": "Polygon",
        "coordinates": [
          [
            [14.597699165344238, 55.39898681640625],
            [14.61769962310791, 55.39898681640625],
            [14.61769962310791, 55.418983459472656],
            [14.597699165344238, 55.418983459472656],
            [14.597699165344238, 55.39898681640625]
          ]
        ]
      }
    },
    {
      "type": "Feature",
      "properties": {
        "query_id": 358,
        "query_type": "intersection",
        "lat_min": 54.896629,
        "lat_max": 54.912804,
        "lon_min": 13.50558,
        "lon_max": 13.53979,
        "time_start": 186263056.0,
        "time_end": 204224848.0
      },
      "geometry": {
        "type": "Polygon",
        "coordinates": [
          [
            [13.505579948425293, 54.896629333496094],
            [13.539790153503418, 54.896629333496094],
            [13.539790153503418, 54.912803649902344],
            [13.505579948425293, 54.912803649902344],
            [13.505579948425293, 54.896629333496094]
          ]
        ]
      }
    },
    {
      "type": "Feature",
      "properties": {
        "query_id": 359,
        "query_type": "aggregation",
        "lat_min": 55.063263,
        "lat_max": 55.103363,
        "lon_min": 9.805432,
        "lon_max": 9.917842,
        "time_start": 90852712.0,
        "time_end": 117231960.0
      },
      "geometry": {
        "type": "Polygon",
        "coordinates": [
          [
            [9.805432319641113, 55.063262939453125],
            [9.917841911315918, 55.063262939453125],
            [9.917841911315918, 55.103363037109375],
            [9.805432319641113, 55.103363037109375],
            [9.805432319641113, 55.063262939453125]
          ]
        ]
      }
    },
    {
      "type": "Feature",
      "properties": {
        "query_id": 360,
        "query_type": "nearest",
        "lat_min": 54.587582,
        "lat_max": 54.607578,
        "lon_min": 11.285007,
        "lon_max": 11.305007,
        "time_start": 109631224.0,
        "time_end": 136198128.0
      },
      "geometry": {
        "type": "Polygon",
        "coordinates": [
          [
            [11.285006523132324, 54.587581634521484],
            [11.305006980895996, 54.587581634521484],
            [11.305006980895996, 54.60757827758789],
            [11.285006523132324, 54.60757827758789],
            [11.285006523132324, 54.587581634521484]
          ]
        ]
      }
    },
    {
      "type": "Feature",
      "properties": {
        "query_id": 361,
        "query_type": "intersection",
        "lat_min": 57.591492,
        "lat_max": 57.622719,
        "lon_min": 11.345874,
        "lon_max": 11.411922,
        "time_start": 170477536.0,
        "time_end": 180055808.0
      },
      "geometry": {
        "type": "Polygon",
        "coordinates": [
          [
            [11.345873832702637, 57.59149169921875],
            [11.411921501159668, 57.59149169921875],
            [11.411921501159668, 57.622718811035156],
            [11.345873832702637, 57.622718811035156],
            [11.345873832702637, 57.59149169921875]
          ]
        ]
      }
    },
    {
      "type": "Feature",
      "properties": {
        "query_id": 362,
        "query_type": "aggregation",
        "lat_min": 56.130737,
        "lat_max": 56.179848,
        "lon_min": 13.086335,
        "lon_max": 13.224002,
        "time_start": 257506000.0,
        "time_end": 265669088.0
      },
      "geometry": {
        "type": "Polygon",
        "coordinates": [
          [
            [13.086335182189941, 56.1307373046875],
            [13.22400188446045, 56.1307373046875],
            [13.22400188446045, 56.179847717285156],
            [13.086335182189941, 56.179847717285156],
            [13.086335182189941, 56.1307373046875]
          ]
        ]
      }
    },
    {
      "type": "Feature",
      "properties": {
        "query_id": 363,
        "query_type": "intersection",
        "lat_min": 54.574715,
        "lat_max": 54.621719,
        "lon_min": 10.949174,
        "lon_max": 11.048587,
        "time_start": 43534832.0,
        "time_end": 64800296.0
      },
      "geometry": {
        "type": "Polygon",
        "coordinates": [
          [
            [10.949173927307129, 54.57471466064453],
            [11.04858684539795, 54.57471466064453],
            [11.04858684539795, 54.62171936035156],
            [10.949173927307129, 54.62171936035156],
            [10.949173927307129, 54.57471466064453]
          ]
        ]
      }
    },
    {
      "type": "Feature",
      "properties": {
        "query_id": 364,
        "query_type": "nearest",
        "lat_min": 54.466518,
        "lat_max": 54.486515,
        "lon_min": 11.250884,
        "lon_max": 11.270885,
        "time_start": 231773344.0,
        "time_end": 258340256.0
      },
      "geometry": {
        "type": "Polygon",
        "coordinates": [
          [
            [11.250884056091309, 54.46651840209961],
            [11.27088451385498, 54.46651840209961],
            [11.27088451385498, 54.486515045166016],
            [11.250884056091309, 54.486515045166016],
            [11.250884056091309, 54.46651840209961]
          ]
        ]
      }
    },
    {
      "type": "Feature",
      "properties": {
        "query_id": 365,
        "query_type": "intersection",
        "lat_min": 57.542702,
        "lat_max": 57.664429,
        "lon_min": 8.80211,
        "lon_max": 9.059556,
        "time_start": 29515072.0,
        "time_end": 39626696.0
      },
      "geometry": {
        "type": "Polygon",
        "coordinates": [
          [
            [8.802109718322754, 57.542701721191406],
            [9.059556007385254, 57.542701721191406],
            [9.059556007385254, 57.6644287109375],
            [8.802109718322754, 57.6644287109375],
            [8.802109718322754, 57.542701721191406]
          ]
        ]
      }
    },
    {
      "type": "Feature",
      "properties": {
        "query_id": 366,
        "query_type": "intersection",
        "lat_min": 54.416473,
        "lat_max": 54.557808,
        "lon_min": 11.350651,
        "lon_max": 11.649559,
        "time_start": 61769504.0,
        "time_end": 65604616.0
      },
      "geometry": {
        "type": "Polygon",
        "coordinates": [
          [
            [11.350650787353516, 54.416473388671875],
            [11.649559020996094, 54.416473388671875],
            [11.649559020996094, 54.55780792236328],
            [11.350650787353516, 54.55780792236328],
            [11.350650787353516, 54.416473388671875]
          ]
        ]
      }
    },
    {
      "type": "Feature",
      "properties": {
        "query_id": 367,
        "query_type": "aggregation",
        "lat_min": 56.690746,
        "lat_max": 56.741741,
        "lon_min": 9.925244,
        "lon_max": 10.068181,
        "time_start": 241582192.0,
        "time_end": 248386384.0
      },
      "geometry": {
        "type": "Polygon",
        "coordinates": [
          [
            [9.925244331359863, 56.69074630737305],
            [10.068181037902832, 56.69074630737305],
            [10.068181037902832, 56.74174118041992],
            [9.925244331359863, 56.74174118041992],
            [9.925244331359863, 56.69074630737305]
          ]
        ]
      }
    },
    {
      "type": "Feature",
      "properties": {
        "query_id": 368,
        "query_type": "intersection",
        "lat_min": 57.627495,
        "lat_max": 57.769913,
        "lon_min": 10.558955,
        "lon_max": 10.860158,
        "time_start": 0.0,
        "time_end": 12048290.0
      },
      "geometry": {
        "type": "Polygon",
        "coordinates": [
          [
            [10.558955192565918, 57.62749481201172],
            [10.86015796661377, 57.62749481201172],
            [10.86015796661377, 57.76991271972656],
            [10.558955192565918, 57.76991271972656],
            [10.558955192565918, 57.62749481201172]
          ]
        ]
      }
    },
    {
      "type": "Feature",
      "properties": {
        "query_id": 369,
        "query_type": "range",
        "lat_min": 55.990005,
        "lat_max": 56.079063,
        "lon_min": 12.56858,
        "lon_max": 12.756927,
        "time_start": 99142352.0,
        "time_end": 117396496.0
      },
      "geometry": {
        "type": "Polygon",
        "coordinates": [
          [
            [12.56857967376709, 55.99000549316406],
            [12.756926536560059, 55.99000549316406],
            [12.756926536560059, 56.079063415527344],
            [12.56857967376709, 56.079063415527344],
            [12.56857967376709, 55.99000549316406]
          ]
        ]
      }
    },
    {
      "type": "Feature",
      "properties": {
        "query_id": 370,
        "query_type": "nearest",
        "lat_min": 55.136795,
        "lat_max": 55.156792,
        "lon_min": 14.619597,
        "lon_max": 14.639598,
        "time_start": 205378016.0,
        "time_end": 231944928.0
      },
      "geometry": {
        "type": "Polygon",
        "coordinates": [
          [
            [14.619597434997559, 55.13679504394531],
            [14.63959789276123, 55.13679504394531],
            [14.63959789276123, 55.15679168701172],
            [14.619597434997559, 55.15679168701172],
            [14.619597434997559, 55.13679504394531]
          ]
        ]
      }
    },
    {
      "type": "Feature",
      "properties": {
        "query_id": 371,
        "query_type": "intersection",
        "lat_min": 57.350132,
        "lat_max": 57.368092,
        "lon_min": 11.593333,
        "lon_max": 11.63131,
        "time_start": 60265260.0,
        "time_end": 81588640.0
      },
      "geometry": {
        "type": "Polygon",
        "coordinates": [
          [
            [11.59333324432373, 57.35013198852539],
            [11.63131046295166, 57.35013198852539],
            [11.63131046295166, 57.36809158325195],
            [11.59333324432373, 57.36809158325195],
            [11.59333324432373, 57.35013198852539]
          ]
        ]
      }
    },
    {
      "type": "Feature",
      "properties": {
        "query_id": 372,
        "query_type": "intersection",
        "lat_min": 54.535046,
        "lat_max": 54.679325,
        "lon_min": 10.013337,
        "lon_max": 10.318479,
        "time_start": 230140976.0,
        "time_end": 245877136.0
      },
      "geometry": {
        "type": "Polygon",
        "coordinates": [
          [
            [10.013337135314941, 54.5350456237793],
            [10.31847858428955, 54.5350456237793],
            [10.31847858428955, 54.679325103759766],
            [10.013337135314941, 54.679325103759766],
            [10.013337135314941, 54.5350456237793]
          ]
        ]
      }
    },
    {
      "type": "Feature",
      "properties": {
        "query_id": 373,
        "query_type": "intersection",
        "lat_min": 54.263908,
        "lat_max": 54.361435,
        "lon_min": 13.993937,
        "lon_max": 14.200197,
        "time_start": 127037912.0,
        "time_end": 152372560.0
      },
      "geometry": {
        "type": "Polygon",
        "coordinates": [
          [
            [13.993936538696289, 54.26390838623047],
            [14.200197219848633, 54.26390838623047],
            [14.200197219848633, 54.36143493652344],
            [13.993936538696289, 54.36143493652344],
            [13.993936538696289, 54.26390838623047]
          ]
        ]
      }
    },
    {
      "type": "Feature",
      "properties": {
        "query_id": 374,
        "query_type": "intersection",
        "lat_min": 54.716026,
        "lat_max": 54.834259,
        "lon_min": 8.230563,
        "lon_max": 8.480626,
        "time_start": 135986688.0,
        "time_end": 152256000.0
      },
      "geometry": {
        "type": "Polygon",
        "coordinates": [
          [
            [8.230563163757324, 54.716026306152344],
            [8.480626106262207, 54.716026306152344],
            [8.480626106262207, 54.834259033203125],
            [8.230563163757324, 54.834259033203125],
            [8.230563163757324, 54.716026306152344]
          ]
        ]
      }
    },
    {
      "type": "Feature",
      "properties": {
        "query_id": 375,
        "query_type": "intersection",
        "lat_min": 55.701862,
        "lat_max": 55.798069,
        "lon_min": 10.577427,
        "lon_max": 10.780897,
        "time_start": 27344054.0,
        "time_end": 43886424.0
      },
      "geometry": {
        "type": "Polygon",
        "coordinates": [
          [
            [10.57742691040039, 55.70186233520508],
            [10.78089714050293, 55.70186233520508],
            [10.78089714050293, 55.79806900024414],
            [10.57742691040039, 55.79806900024414],
            [10.57742691040039, 55.70186233520508]
          ]
        ]
      }
    },
    {
      "type": "Feature",
      "properties": {
        "query_id": 376,
        "query_type": "aggregation",
        "lat_min": 56.441254,
        "lat_max": 56.543839,
        "lon_min": 15.258043,
        "lon_max": 15.545589,
        "time_start": 116249656.0,
        "time_end": 126829720.0
      },
      "geometry": {
        "type": "Polygon",
        "coordinates": [
          [
            [15.25804328918457, 56.441253662109375],
            [15.545589447021484, 56.441253662109375],
            [15.545589447021484, 56.54383850097656],
            [15.25804328918457, 56.54383850097656],
            [15.25804328918457, 56.441253662109375]
          ]
        ]
      }
    },
    {
      "type": "Feature",
      "properties": {
        "query_id": 377,
        "query_type": "aggregation",
        "lat_min": 55.795303,
        "lat_max": 55.83091,
        "lon_min": 6.18292,
        "lon_max": 6.282728,
        "time_start": 183600304.0,
        "time_end": 207923888.0
      },
      "geometry": {
        "type": "Polygon",
        "coordinates": [
          [
            [6.182920455932617, 55.79530334472656],
            [6.28272819519043, 55.79530334472656],
            [6.28272819519043, 55.830909729003906],
            [6.182920455932617, 55.830909729003906],
            [6.182920455932617, 55.79530334472656]
          ]
        ]
      }
    },
    {
      "type": "Feature",
      "properties": {
        "query_id": 378,
        "query_type": "intersection",
        "lat_min": 54.537003,
        "lat_max": 54.607018,
        "lon_min": 12.148859,
        "lon_max": 12.29693,
        "time_start": 250743792.0,
        "time_end": 254046448.0
      },
      "geometry": {
        "type": "Polygon",
        "coordinates": [
          [
            [12.148859024047852, 54.53700256347656],
            [12.296930313110352, 54.53700256347656],
            [12.296930313110352, 54.607017517089844],
            [12.148859024047852, 54.607017517089844],
            [12.148859024047852, 54.53700256347656]
          ]
        ]
      }
    },
    {
      "type": "Feature",
      "properties": {
        "query_id": 379,
        "query_type": "range",
        "lat_min": 55.451176,
        "lat_max": 55.559063,
        "lon_min": 14.868694,
        "lon_max": 15.09687,
        "time_start": 187016256.0,
        "time_end": 200949728.0
      },
      "geometry": {
        "type": "Polygon",
        "coordinates": [
          [
            [14.868694305419922, 55.451175689697266],
            [15.096870422363281, 55.451175689697266],
            [15.096870422363281, 55.55906295776367],
            [14.868694305419922, 55.55906295776367],
            [14.868694305419922, 55.451175689697266]
          ]
        ]
      }
    },
    {
      "type": "Feature",
      "properties": {
        "query_id": 380,
        "query_type": "nearest",
        "lat_min": 54.650505,
        "lat_max": 54.670502,
        "lon_min": 12.431703,
        "lon_max": 12.451703,
        "time_start": 66510128.0,
        "time_end": 93077040.0
      },
      "geometry": {
        "type": "Polygon",
        "coordinates": [
          [
            [12.431702613830566, 54.65050506591797],
            [12.451703071594238, 54.65050506591797],
            [12.451703071594238, 54.670501708984375],
            [12.431702613830566, 54.670501708984375],
            [12.431702613830566, 54.65050506591797]
          ]
        ]
      }
    },
    {
      "type": "Feature",
      "properties": {
        "query_id": 381,
        "query_type": "intersection",
        "lat_min": 56.357616,
        "lat_max": 56.467411,
        "lon_min": 12.299906,
        "lon_max": 12.53211,
        "time_start": 88593624.0,
        "time_end": 95290184.0
      },
      "geometry": {
        "type": "Polygon",
        "coordinates": [
          [
            [12.299905776977539, 56.35761642456055],
            [12.532110214233398, 56.35761642456055],
            [12.532110214233398, 56.467411041259766],
            [12.299905776977539, 56.467411041259766],
            [12.299905776977539, 56.35761642456055]
          ]
        ]
      }
    },
    {
      "type": "Feature",
      "properties": {
        "query_id": 382,
        "query_type": "aggregation",
        "lat_min": 54.620361,
        "lat_max": 54.686462,
        "lon_min": 11.536134,
        "lon_max": 11.721423,
        "time_start": 110844768.0,
        "time_end": 119263824.0
      },
      "geometry": {
        "type": "Polygon",
        "coordinates": [
          [
            [11.536133766174316, 54.620361328125],
            [11.721423149108887, 54.620361328125],
            [11.721423149108887, 54.68646240234375],
            [11.536133766174316, 54.68646240234375],
            [11.536133766174316, 54.620361328125]
          ]
        ]
      }
    },
    {
      "type": "Feature",
      "properties": {
        "query_id": 383,
        "query_type": "nearest",
        "lat_min": 55.365089,
        "lat_max": 55.385086,
        "lon_min": 14.473749,
        "lon_max": 14.49375,
        "time_start": 184801744.0,
        "time_end": 211368656.0
      },
      "geometry": {
        "type": "Polygon",
        "coordinates": [
          [
            [14.473749160766602, 55.365089416503906],
            [14.493749618530273, 55.365089416503906],
            [14.493749618530273, 55.38508605957031],
            [14.473749160766602, 55.38508605957031],
            [14.473749160766602, 55.365089416503906]
          ]
        ]
      }
    },
    {
      "type": "Feature",
      "properties": {
        "query_id": 384,
        "query_type": "aggregation",
        "lat_min": 54.967266,
        "lat_max": 55.018909,
        "lon_min": 10.949985,
        "lon_max": 11.094743,
        "time_start": 148090000.0,
        "time_end": 162847312.0
      },
      "geometry": {
        "type": "Polygon",
        "coordinates": [
          [
            [10.949984550476074, 54.96726608276367],
            [11.094742774963379, 54.96726608276367],
            [11.094742774963379, 55.0189094543457],
            [10.949984550476074, 55.0189094543457],
            [10.949984550476074, 54.96726608276367]
          ]
        ]
      }
    },
    {
      "type": "Feature",
      "properties": {
        "query_id": 385,
        "query_type": "range",
        "lat_min": 57.644833,
        "lat_max": 57.785061,
        "lon_min": 10.438753,
        "lon_max": 10.735331,
        "time_start": 65829148.0,
        "time_end": 89333664.0
      },
      "geometry": {
        "type": "Polygon",
        "coordinates": [
          [
            [10.438753128051758, 57.644832611083984],
            [10.735330581665039, 57.644832611083984],
            [10.735330581665039, 57.78506088256836],
            [10.438753128051758, 57.78506088256836],
            [10.438753128051758, 57.644832611083984]
          ]
        ]
      }
    },
    {
      "type": "Feature",
      "properties": {
        "query_id": 386,
        "query_type": "range",
        "lat_min": 54.966255,
        "lat_max": 55.007744,
        "lon_min": 10.44313,
        "lon_max": 10.530871,
        "time_start": 126605056.0,
        "time_end": 150612672.0
      },
      "geometry": {
        "type": "Polygon",
        "coordinates": [
          [
            [10.443129539489746, 54.96625518798828],
            [10.530871391296387, 54.96625518798828],
            [10.530871391296387, 55.00774383544922],
            [10.443129539489746, 55.00774383544922],
            [10.443129539489746, 54.96625518798828]
          ]
        ]
      }
    },
    {
      "type": "Feature",
      "properties": {
        "query_id": 387,
        "query_type": "intersection",
        "lat_min": 54.988716,
        "lat_max": 55.117546,
        "lon_min": 10.022339,
        "lon_max": 10.294811,
        "time_start": 238208608.0,
        "time_end": 249217856.0
      },
      "geometry": {
        "type": "Polygon",
        "coordinates": [
          [
            [10.0223388671875, 54.98871612548828],
            [10.294811248779297, 54.98871612548828],
            [10.294811248779297, 55.11754608154297],
            [10.0223388671875, 55.11754608154297],
            [10.0223388671875, 54.98871612548828]
          ]
        ]
      }
    },
    {
      "type": "Feature",
      "properties": {
        "query_id": 388,
        "query_type": "range",
        "lat_min": 54.828083,
        "lat_max": 54.968914,
        "lon_min": 10.268237,
        "lon_max": 10.566096,
        "time_start": 167756944.0,
        "time_end": 179751568.0
      },
      "geometry": {
        "type": "Polygon",
        "coordinates": [
          [
            [10.268237113952637, 54.82808303833008],
            [10.566096305847168, 54.82808303833008],
            [10.566096305847168, 54.96891403198242],
            [10.268237113952637, 54.96891403198242],
            [10.268237113952637, 54.82808303833008]
          ]
        ]
      }
    },
    {
      "type": "Feature",
      "properties": {
        "query_id": 389,
        "query_type": "nearest",
        "lat_min": 55.968147,
        "lat_max": 55.988144,
        "lon_min": 12.706429,
        "lon_max": 12.72643,
        "time_start": 238306752.0,
        "time_end": 264873664.0
      },
      "geometry": {
        "type": "Polygon",
        "coordinates": [
          [
            [12.706429481506348, 55.96814727783203],
            [12.72642993927002, 55.96814727783203],
            [12.72642993927002, 55.98814392089844],
            [12.706429481506348, 55.98814392089844],
            [12.706429481506348, 55.96814727783203]
          ]
        ]
      }
    },
    {
      "type": "Feature",
      "properties": {
        "query_id": 390,
        "query_type": "nearest",
        "lat_min": 57.804951,
        "lat_max": 57.824947,
        "lon_min": 10.215673,
        "lon_max": 10.235674,
        "time_start": 31212184.0,
        "time_end": 57779096.0
      },
      "geometry": {
        "type": "Polygon",
        "coordinates": [
          [
            [10.215673446655273, 57.80495071411133],
            [10.235673904418945, 57.80495071411133],
            [10.235673904418945, 57.824947357177734],
            [10.215673446655273, 57.824947357177734],
            [10.215673446655273, 57.80495071411133]
          ]
        ]
      }
    },
    {
      "type": "Feature",
      "properties": {
        "query_id": 391,
        "query_type": "aggregation",
        "lat_min": 56.167965,
        "lat_max": 56.218807,
        "lon_min": 9.413156,
        "lon_max": 9.555669,
        "time_start": 78770064.0,
        "time_end": 87540576.0
      },
      "geometry": {
        "type": "Polygon",
        "coordinates": [
          [
            [9.413155555725098, 56.167964935302734],
            [9.555668830871582, 56.167964935302734],
            [9.555668830871582, 56.218807220458984],
            [9.413155555725098, 56.218807220458984],
            [9.413155555725098, 56.167964935302734]
          ]
        ]
      }
    },
    {
      "type": "Feature",
      "properties": {
        "query_id": 392,
        "query_type": "intersection",
        "lat_min": 57.176662,
        "lat_max": 57.225117,
        "lon_min": 7.958536,
        "lon_max": 8.06102,
        "time_start": 166580592.0,
        "time_end": 173833360.0
      },
      "geometry": {
        "type": "Polygon",
        "coordinates": [
          [
            [7.958536148071289, 57.17666244506836],
            [8.061019897460938, 57.17666244506836],
            [8.061019897460938, 57.22511672973633],
            [7.958536148071289, 57.22511672973633],
            [7.958536148071289, 57.17666244506836]
          ]
        ]
      }
    },
    {
      "type": "Feature",
      "properties": {
        "query_id": 393,
        "query_type": "nearest",
        "lat_min": 57.531761,
        "lat_max": 57.551758,
        "lon_min": 8.40362,
        "lon_max": 8.42362,
        "time_start": 227026384.0,
        "time_end": 253593296.0
      },
      "geometry": {
        "type": "Polygon",
        "coordinates": [
          [
            [8.403619766235352, 57.531761169433594],
            [8.423620223999023, 57.531761169433594],
            [8.423620223999023, 57.5517578125],
            [8.403619766235352, 57.5517578125],
            [8.403619766235352, 57.531761169433594]
          ]
        ]
      }
    },
    {
      "type": "Feature",
      "properties": {
        "query_id": 394,
        "query_type": "aggregation",
        "lat_min": 57.474464,
        "lat_max": 57.488014,
        "lon_min": 10.816144,
        "lon_max": 10.854127,
        "time_start": 105280264.0,
        "time_end": 128532920.0
      },
      "geometry": {
        "type": "Polygon",
        "coordinates": [
          [
            [10.816143989562988, 57.474464416503906],
            [10.854126930236816, 57.474464416503906],
            [10.854126930236816, 57.488014221191406],
            [10.816143989562988, 57.488014221191406],
            [10.816143989562988, 57.474464416503906]
          ]
        ]
      }
    },
    {
      "type": "Feature",
      "properties": {
        "query_id": 395,
        "query_type": "intersection",
        "lat_min": 56.911453,
        "lat_max": 56.96978,
        "lon_min": 11.725236,
        "lon_max": 11.848588,
        "time_start": 63344216.0,
        "time_end": 73234792.0
      },
      "geometry": {
        "type": "Polygon",
        "coordinates": [
          [
            [11.725235939025879, 56.91145324707031],
            [11.848587989807129, 56.91145324707031],
            [11.848587989807129, 56.96977996826172],
            [11.725235939025879, 56.96977996826172],
            [11.725235939025879, 56.91145324707031]
          ]
        ]
      }
    },
    {
      "type": "Feature",
      "properties": {
        "query_id": 396,
        "query_type": "intersection",
        "lat_min": 57.617645,
        "lat_max": 57.692444,
        "lon_min": 11.666101,
        "lon_max": 11.824304,
        "time_start": 18264896.0,
        "time_end": 27001356.0
      },
      "geometry": {
        "type": "Polygon",
        "coordinates": [
          [
            [11.66610050201416, 57.617645263671875],
            [11.82430362701416, 57.617645263671875],
            [11.82430362701416, 57.69244384765625],
            [11.66610050201416, 57.69244384765625],
            [11.66610050201416, 57.617645263671875]
          ]
        ]
      }
    },
    {
      "type": "Feature",
      "properties": {
        "query_id": 397,
        "query_type": "intersection",
        "lat_min": 57.653763,
        "lat_max": 57.753593,
        "lon_min": 11.834481,
        "lon_max": 12.045619,
        "time_start": 227969632.0,
        "time_end": 248052960.0
      },
      "geometry": {
        "type": "Polygon",
        "coordinates": [
          [
            [11.834481239318848, 57.65376281738281],
            [12.045619010925293, 57.65376281738281],
            [12.045619010925293, 57.75359344482422],
            [11.834481239318848, 57.75359344482422],
            [11.834481239318848, 57.65376281738281]
          ]
        ]
      }
    },
    {
      "type": "Feature",
      "properties": {
        "query_id": 398,
        "query_type": "intersection",
        "lat_min": 56.047417,
        "lat_max": 56.155228,
        "lon_min": 12.433549,
        "lon_max": 12.661571,
        "time_start": 244377952.0,
        "time_end": 265669088.0
      },
      "geometry": {
        "type": "Polygon",
        "coordinates": [
          [
            [12.433548927307129, 56.04741668701172],
            [12.66157054901123, 56.04741668701172],
            [12.66157054901123, 56.15522766113281],
            [12.433548927307129, 56.15522766113281],
            [12.433548927307129, 56.04741668701172]
          ]
        ]
      }
    },
    {
      "type": "Feature",
      "properties": {
        "query_id": 399,
        "query_type": "aggregation",
        "lat_min": 57.215981,
        "lat_max": 57.300926,
        "lon_min": 11.361605,
        "lon_max": 11.599705,
        "time_start": 204119632.0,
        "time_end": 225881104.0
      },
      "geometry": {
        "type": "Polygon",
        "coordinates": [
          [
            [11.361604690551758, 57.215980529785156],
            [11.59970474243164, 57.215980529785156],
            [11.59970474243164, 57.300926208496094],
            [11.361604690551758, 57.300926208496094],
            [11.361604690551758, 57.215980529785156]
          ]
        ]
      }
    },
    {
      "type": "Feature",
      "properties": {
        "query_id": 400,
        "query_type": "nearest",
        "lat_min": 55.939636,
        "lat_max": 55.959633,
        "lon_min": 11.162113,
        "lon_max": 11.182114,
        "time_start": 152178848.0,
        "time_end": 178745760.0
      },
      "geometry": {
        "type": "Polygon",
        "coordinates": [
          [
            [11.162113189697266, 55.93963623046875],
            [11.182113647460938, 55.93963623046875],
            [11.182113647460938, 55.959632873535156],
            [11.162113189697266, 55.959632873535156],
            [11.162113189697266, 55.93963623046875]
          ]
        ]
      }
    },
    {
      "type": "Feature",
      "properties": {
        "query_id": 401,
        "query_type": "intersection",
        "lat_min": 54.756741,
        "lat_max": 54.780064,
        "lon_min": 10.854405,
        "lon_max": 10.903739,
        "time_start": 156212144.0,
        "time_end": 170181968.0
      },
      "geometry": {
        "type": "Polygon",
        "coordinates": [
          [
            [10.854405403137207, 54.75674057006836],
            [10.903738975524902, 54.75674057006836],
            [10.903738975524902, 54.78006362915039],
            [10.854405403137207, 54.78006362915039],
            [10.854405403137207, 54.75674057006836]
          ]
        ]
      }
    },
    {
      "type": "Feature",
      "properties": {
        "query_id": 402,
        "query_type": "range",
        "lat_min": 56.519783,
        "lat_max": 56.56694,
        "lon_min": 12.148183,
        "lon_max": 12.24791,
        "time_start": 173152240.0,
        "time_end": 198833040.0
      },
      "geometry": {
        "type": "Polygon",
        "coordinates": [
          [
            [12.14818286895752, 56.51978302001953],
            [12.247910499572754, 56.51978302001953],
            [12.247910499572754, 56.56694030761719],
            [12.14818286895752, 56.56694030761719],
            [12.14818286895752, 56.51978302001953]
          ]
        ]
      }
    },
    {
      "type": "Feature",
      "properties": {
        "query_id": 403,
        "query_type": "range",
        "lat_min": 57.100353,
        "lat_max": 57.238628,
        "lon_min": 11.751355,
        "lon_max": 12.043805,
        "time_start": 111680120.0,
        "time_end": 125284696.0
      },
      "geometry": {
        "type": "Polygon",
        "coordinates": [
          [
            [11.751355171203613, 57.1003532409668],
            [12.043805122375488, 57.1003532409668],
            [12.043805122375488, 57.23862838745117],
            [11.751355171203613, 57.23862838745117],
            [11.751355171203613, 57.1003532409668]
          ]
        ]
      }
    },
    {
      "type": "Feature",
      "properties": {
        "query_id": 404,
        "query_type": "nearest",
        "lat_min": 57.81308,
        "lat_max": 57.833076,
        "lon_min": 10.68884,
        "lon_max": 10.70884,
        "time_start": 163516864.0,
        "time_end": 190083776.0
      },
      "geometry": {
        "type": "Polygon",
        "coordinates": [
          [
            [10.68883991241455, 57.813079833984375],
            [10.708840370178223, 57.813079833984375],
            [10.708840370178223, 57.83307647705078],
            [10.68883991241455, 57.83307647705078],
            [10.68883991241455, 57.813079833984375]
          ]
        ]
      }
    },
    {
      "type": "Feature",
      "properties": {
        "query_id": 405,
        "query_type": "nearest",
        "lat_min": 57.691204,
        "lat_max": 57.711201,
        "lon_min": 11.569536,
        "lon_max": 11.589537,
        "time_start": 143036160.0,
        "time_end": 169603072.0
      },
      "geometry": {
        "type": "Polygon",
        "coordinates": [
          [
            [11.569536209106445, 57.69120407104492],
            [11.589536666870117, 57.69120407104492],
            [11.589536666870117, 57.71120071411133],
            [11.569536209106445, 57.71120071411133],
            [11.569536209106445, 57.69120407104492]
          ]
        ]
      }
    },
    {
      "type": "Feature",
      "properties": {
        "query_id": 406,
        "query_type": "range",
        "lat_min": 57.605965,
        "lat_max": 57.694229,
        "lon_min": 11.697054,
        "lon_max": 11.88373,
        "time_start": 195702704.0,
        "time_end": 206141392.0
      },
      "geometry": {
        "type": "Polygon",
        "coordinates": [
          [
            [11.697053909301758, 57.60596466064453],
            [11.883729934692383, 57.60596466064453],
            [11.883729934692383, 57.69422912597656],
            [11.697053909301758, 57.69422912597656],
            [11.697053909301758, 57.60596466064453]
          ]
        ]
      }
    },
    {
      "type": "Feature",
      "properties": {
        "query_id": 407,
        "query_type": "range",
        "lat_min": 55.189747,
        "lat_max": 55.231518,
        "lon_min": 11.196758,
        "lon_max": 11.285109,
        "time_start": 72685680.0,
        "time_end": 78059648.0
      },
      "geometry": {
        "type": "Polygon",
        "coordinates": [
          [
            [11.196758270263672, 55.18974685668945],
            [11.28510856628418, 55.18974685668945],
            [11.28510856628418, 55.23151779174805],
            [11.196758270263672, 55.23151779174805],
            [11.196758270263672, 55.18974685668945]
          ]
        ]
      }
    },
    {
      "type": "Feature",
      "properties": {
        "query_id": 408,
        "query_type": "range",
        "lat_min": 55.996746,
        "lat_max": 56.094517,
        "lon_min": 12.584099,
        "lon_max": 12.790882,
        "time_start": 68059384.0,
        "time_end": 75924248.0
      },
      "geometry": {
        "type": "Polygon",
        "coordinates": [
          [
            [12.584098815917969, 55.99674606323242],
            [12.790882110595703, 55.99674606323242],
            [12.790882110595703, 56.09451675415039],
            [12.584098815917969, 56.09451675415039],
            [12.584098815917969, 55.99674606323242]
          ]
        ]
      }
    },
    {
      "type": "Feature",
      "properties": {
        "query_id": 409,
        "query_type": "range",
        "lat_min": 56.633015,
        "lat_max": 56.781651,
        "lon_min": 9.02732,
        "lon_max": 9.34168,
        "time_start": 195420576.0,
        "time_end": 217574016.0
      },
      "geometry": {
        "type": "Polygon",
        "coordinates": [
          [
            [9.02731990814209, 56.63301467895508],
            [9.341679573059082, 56.63301467895508],
            [9.341679573059082, 56.78165054321289],
            [9.02731990814209, 56.78165054321289],
            [9.02731990814209, 56.63301467895508]
          ]
        ]
      }
    },
    {
      "type": "Feature",
      "properties": {
        "query_id": 410,
        "query_type": "aggregation",
        "lat_min": 56.779766,
        "lat_max": 56.799351,
        "lon_min": 8.097477,
        "lon_max": 8.152372,
        "time_start": 221642304.0,
        "time_end": 244014784.0
      },
      "geometry": {
        "type": "Polygon",
        "coordinates": [
          [
            [8.097476959228516, 56.77976608276367],
            [8.152372360229492, 56.77976608276367],
            [8.152372360229492, 56.79935073852539],
            [8.097476959228516, 56.79935073852539],
            [8.097476959228516, 56.77976608276367]
          ]
        ]
      }
    },
    {
      "type": "Feature",
      "properties": {
        "query_id": 411,
        "query_type": "nearest",
        "lat_min": 57.454449,
        "lat_max": 57.474445,
        "lon_min": 9.38038,
        "lon_max": 9.40038,
        "time_start": 178625.0,
        "time_end": 26745536.0
      },
      "geometry": {
        "type": "Polygon",
        "coordinates": [
          [
            [9.380379676818848, 57.45444869995117],
            [9.40038013458252, 57.45444869995117],
            [9.40038013458252, 57.47444534301758],
            [9.380379676818848, 57.47444534301758],
            [9.380379676818848, 57.45444869995117]
          ]
        ]
      }
    },
    {
      "type": "Feature",
      "properties": {
        "query_id": 412,
        "query_type": "aggregation",
        "lat_min": 57.607464,
        "lat_max": 57.714733,
        "lon_min": 6.514236,
        "lon_max": 6.814914,
        "time_start": 4017416.0,
        "time_end": 23351358.0
      },
      "geometry": {
        "type": "Polygon",
        "coordinates": [
          [
            [6.5142364501953125, 57.60746383666992],
            [6.814913749694824, 57.60746383666992],
            [6.814913749694824, 57.7147331237793],
            [6.5142364501953125, 57.7147331237793],
            [6.5142364501953125, 57.60746383666992]
          ]
        ]
      }
    },
    {
      "type": "Feature",
      "properties": {
        "query_id": 413,
        "query_type": "aggregation",
        "lat_min": 57.018604,
        "lat_max": 57.064556,
        "lon_min": 7.373266,
        "lon_max": 7.50206,
        "time_start": 185464096.0,
        "time_end": 195580672.0
      },
      "geometry": {
        "type": "Polygon",
        "coordinates": [
          [
            [7.373266220092773, 57.01860427856445],
            [7.5020599365234375, 57.01860427856445],
            [7.5020599365234375, 57.06455612182617],
            [7.373266220092773, 57.06455612182617],
            [7.373266220092773, 57.01860427856445]
          ]
        ]
      }
    },
    {
      "type": "Feature",
      "properties": {
        "query_id": 414,
        "query_type": "intersection",
        "lat_min": 56.692234,
        "lat_max": 56.711689,
        "lon_min": 8.201307,
        "lon_max": 8.242453,
        "time_start": 252414928.0,
        "time_end": 258324016.0
      },
      "geometry": {
        "type": "Polygon",
        "coordinates": [
          [
            [8.20130729675293, 56.69223403930664],
            [8.242452621459961, 56.69223403930664],
            [8.242452621459961, 56.71168899536133],
            [8.20130729675293, 56.71168899536133],
            [8.20130729675293, 56.69223403930664]
          ]
        ]
      }
    },
    {
      "type": "Feature",
      "properties": {
        "query_id": 415,
        "query_type": "nearest",
        "lat_min": 55.901104,
        "lat_max": 55.921101,
        "lon_min": 10.034265,
        "lon_max": 10.054265,
        "time_start": 192660240.0,
        "time_end": 219227152.0
      },
      "geometry": {
        "type": "Polygon",
        "coordinates": [
          [
            [10.03426456451416, 55.90110397338867],
            [10.054265022277832, 55.90110397338867],
            [10.054265022277832, 55.92110061645508],
            [10.03426456451416, 55.92110061645508],
            [10.03426456451416, 55.90110397338867]
          ]
        ]
      }
    },
    {
      "type": "Feature",
      "properties": {
        "query_id": 416,
        "query_type": "intersection",
        "lat_min": 54.790024,
        "lat_max": 54.871986,
        "lon_min": 11.035729,
        "lon_max": 11.209081,
        "time_start": 116268224.0,
        "time_end": 124147024.0
      },
      "geometry": {
        "type": "Polygon",
        "coordinates": [
          [
            [11.03572940826416, 54.79002380371094],
            [11.209080696105957, 54.79002380371094],
            [11.209080696105957, 54.871986389160156],
            [11.03572940826416, 54.871986389160156],
            [11.03572940826416, 54.79002380371094]
          ]
        ]
      }
    },
    {
      "type": "Feature",
      "properties": {
        "query_id": 417,
        "query_type": "range",
        "lat_min": 55.013351,
        "lat_max": 55.054016,
        "lon_min": 8.417863,
        "lon_max": 8.503867,
        "time_start": 50024360.0,
        "time_end": 54480792.0
      },
      "geometry": {
        "type": "Polygon",
        "coordinates": [
          [
            [8.417862892150879, 55.01335144042969],
            [8.503867149353027, 55.01335144042969],
            [8.503867149353027, 55.05401611328125],
            [8.417862892150879, 55.05401611328125],
            [8.417862892150879, 55.01335144042969]
          ]
        ]
      }
    },
    {
      "type": "Feature",
      "properties": {
        "query_id": 418,
        "query_type": "aggregation",
        "lat_min": 56.327358,
        "lat_max": 56.438549,
        "lon_min": 13.531617,
        "lon_max": 13.843282,
        "time_start": 173378560.0,
        "time_end": 188589184.0
      },
      "geometry": {
        "type": "Polygon",
        "coordinates": [
          [
            [13.531617164611816, 56.32735824584961],
            [13.843281745910645, 56.32735824584961],
            [13.843281745910645, 56.43854904174805],
            [13.531617164611816, 56.43854904174805],
            [13.531617164611816, 56.32735824584961]
          ]
        ]
      }
    },
    {
      "type": "Feature",
      "properties": {
        "query_id": 419,
        "query_type": "nearest",
        "lat_min": 55.27729,
        "lat_max": 55.297287,
        "lon_min": 5.665346,
        "lon_max": 5.685347,
        "time_start": 202517648.0,
        "time_end": 229084560.0
      },
      "geometry": {
        "type": "Polygon",
        "coordinates": [
          [
            [5.665346145629883, 55.27729034423828],
            [5.685346603393555, 55.27729034423828],
            [5.685346603393555, 55.29728698730469],
            [5.665346145629883, 55.29728698730469],
            [5.665346145629883, 55.27729034423828]
          ]
        ]
      }
    },
    {
      "type": "Feature",
      "properties": {
        "query_id": 420,
        "query_type": "intersection",
        "lat_min": 57.295231,
        "lat_max": 57.408306,
        "lon_min": 8.839396,
        "lon_max": 9.078539,
        "time_start": 66374184.0,
        "time_end": 82573720.0
      },
      "geometry": {
        "type": "Polygon",
        "coordinates": [
          [
            [8.839395523071289, 57.295230865478516],
            [9.07853889465332, 57.295230865478516],
            [9.07853889465332, 57.40830612182617],
            [8.839395523071289, 57.40830612182617],
            [8.839395523071289, 57.295230865478516]
          ]
        ]
      }
    },
    {
      "type": "Feature",
      "properties": {
        "query_id": 421,
        "query_type": "range",
        "lat_min": 57.695461,
        "lat_max": 57.753422,
        "lon_min": 10.056409,
        "lon_max": 10.178998,
        "time_start": 13170162.0,
        "time_end": 26829170.0
      },
      "geometry": {
        "type": "Polygon",
        "coordinates": [
          [
            [10.056408882141113, 57.69546127319336],
            [10.178997993469238, 57.69546127319336],
            [10.178997993469238, 57.753421783447266],
            [10.056408882141113, 57.753421783447266],
            [10.056408882141113, 57.69546127319336]
          ]
        ]
      }
    },
    {
      "type": "Feature",
      "properties": {
        "query_id": 422,
        "query_type": "intersection",
        "lat_min": 57.519077,
        "lat_max": 57.622257,
        "lon_min": 11.537381,
        "lon_max": 11.755599,
        "time_start": 139584752.0,
        "time_end": 158426384.0
      },
      "geometry": {
        "type": "Polygon",
        "coordinates": [
          [
            [11.537381172180176, 57.51907730102539],
            [11.755599021911621, 57.51907730102539],
            [11.755599021911621, 57.622257232666016],
            [11.537381172180176, 57.622257232666016],
            [11.537381172180176, 57.51907730102539]
          ]
        ]
      }
    },
    {
      "type": "Feature",
      "properties": {
        "query_id": 423,
        "query_type": "aggregation",
        "lat_min": 57.34959,
        "lat_max": 57.440891,
        "lon_min": 9.166059,
        "lon_max": 9.421985,
        "time_start": 229332496.0,
        "time_end": 241540880.0
      },
      "geometry": {
        "type": "Polygon",
        "coordinates": [
          [
            [9.166058540344238, 57.34959030151367],
            [9.421984672546387, 57.34959030151367],
            [9.421984672546387, 57.44089126586914],
            [9.166058540344238, 57.44089126586914],
            [9.166058540344238, 57.34959030151367]
          ]
        ]
      }
    },
    {
      "type": "Feature",
      "properties": {
        "query_id": 424,
        "query_type": "nearest",
        "lat_min": 56.081947,
        "lat_max": 56.101944,
        "lon_min": 12.692454,
        "lon_max": 12.712455,
        "time_start": 94201200.0,
        "time_end": 120768112.0
      },
      "geometry": {
        "type": "Polygon",
        "coordinates": [
          [
            [12.69245433807373, 56.081947326660156],
            [12.712454795837402, 56.081947326660156],
            [12.712454795837402, 56.10194396972656],
            [12.69245433807373, 56.10194396972656],
            [12.69245433807373, 56.081947326660156]
          ]
        ]
      }
    },
    {
      "type": "Feature",
      "properties": {
        "query_id": 425,
        "query_type": "intersection",
        "lat_min": 54.602772,
        "lat_max": 54.738369,
        "lon_min": 14.542047,
        "lon_max": 14.828828,
        "time_start": 151476256.0,
        "time_end": 161943360.0
      },
      "geometry": {
        "type": "Polygon",
        "coordinates": [
          [
            [14.542046546936035, 54.6027717590332],
            [14.828827857971191, 54.6027717590332],
            [14.828827857971191, 54.73836898803711],
            [14.542046546936035, 54.73836898803711],
            [14.542046546936035, 54.6027717590332]
          ]
        ]
      }
    },
    {
      "type": "Feature",
      "properties": {
        "query_id": 426,
        "query_type": "aggregation",
        "lat_min": 55.083157,
        "lat_max": 55.141903,
        "lon_min": 15.463389,
        "lon_max": 15.621243,
        "time_start": 78250640.0,
        "time_end": 90430512.0
      },
      "geometry": {
        "type": "Polygon",
        "coordinates": [
          [
            [15.46338939666748, 55.08315658569336],
            [15.62124252319336, 55.08315658569336],
            [15.62124252319336, 55.141902923583984],
            [15.46338939666748, 55.141902923583984],
            [15.46338939666748, 55.08315658569336]
          ]
        ]
      }
    },
    {
      "type": "Feature",
      "properties": {
        "query_id": 427,
        "query_type": "aggregation",
        "lat_min": 55.738361,
        "lat_max": 55.79887,
        "lon_min": 12.44626,
        "lon_max": 12.615862,
        "time_start": 86077824.0,
        "time_end": 97449024.0
      },
      "geometry": {
        "type": "Polygon",
        "coordinates": [
          [
            [12.446260452270508, 55.73836135864258],
            [12.615861892700195, 55.73836135864258],
            [12.615861892700195, 55.79887008666992],
            [12.446260452270508, 55.79887008666992],
            [12.446260452270508, 55.73836135864258]
          ]
        ]
      }
    },
    {
      "type": "Feature",
      "properties": {
        "query_id": 428,
        "query_type": "nearest",
        "lat_min": 54.443398,
        "lat_max": 54.463394,
        "lon_min": 11.70209,
        "lon_max": 11.722091,
        "time_start": 172636032.0,
        "time_end": 199202944.0
      },
      "geometry": {
        "type": "Polygon",
        "coordinates": [
          [
            [11.7020902633667, 54.443397521972656],
            [11.722090721130371, 54.443397521972656],
            [11.722090721130371, 54.46339416503906],
            [11.7020902633667, 54.46339416503906],
            [11.7020902633667, 54.443397521972656]
          ]
        ]
      }
    },
    {
      "type": "Feature",
      "properties": {
        "query_id": 429,
        "query_type": "aggregation",
        "lat_min": 57.189304,
        "lat_max": 57.292934,
        "lon_min": 13.92054,
        "lon_max": 14.211021,
        "time_start": 43271432.0,
        "time_end": 68053520.0
      },
      "geometry": {
        "type": "Polygon",
        "coordinates": [
          [
            [13.920539855957031, 57.18930435180664],
            [14.211021423339844, 57.18930435180664],
            [14.211021423339844, 57.29293441772461],
            [13.920539855957031, 57.29293441772461],
            [13.920539855957031, 57.18930435180664]
          ]
        ]
      }
    },
    {
      "type": "Feature",
      "properties": {
        "query_id": 430,
        "query_type": "aggregation",
        "lat_min": 55.326855,
        "lat_max": 55.422016,
        "lon_min": 10.598987,
        "lon_max": 10.865714,
        "time_start": 34484228.0,
        "time_end": 54935540.0
      },
      "geometry": {
        "type": "Polygon",
        "coordinates": [
          [
            [10.598986625671387, 55.32685470581055],
            [10.865714073181152, 55.32685470581055],
            [10.865714073181152, 55.42201614379883],
            [10.598986625671387, 55.42201614379883],
            [10.598986625671387, 55.32685470581055]
          ]
        ]
      }
    },
    {
      "type": "Feature",
      "properties": {
        "query_id": 431,
        "query_type": "range",
        "lat_min": 56.58939,
        "lat_max": 56.639385,
        "lon_min": 11.760048,
        "lon_max": 11.865786,
        "time_start": 239875600.0,
        "time_end": 253382928.0
      },
      "geometry": {
        "type": "Polygon",
        "coordinates": [
          [
            [11.760047912597656, 56.58938980102539],
            [11.865785598754883, 56.58938980102539],
            [11.865785598754883, 56.63938522338867],
            [11.760047912597656, 56.63938522338867],
            [11.760047912597656, 56.58938980102539]
          ]
        ]
      }
    },
    {
      "type": "Feature",
      "properties": {
        "query_id": 432,
        "query_type": "aggregation",
        "lat_min": 55.021355,
        "lat_max": 55.076614,
        "lon_min": 7.158108,
        "lon_max": 7.313004,
        "time_start": 116426776.0,
        "time_end": 125843560.0
      },
      "geometry": {
        "type": "Polygon",
        "coordinates": [
          [
            [7.158107757568359, 55.02135467529297],
            [7.3130035400390625, 55.02135467529297],
            [7.3130035400390625, 55.07661437988281],
            [7.158107757568359, 55.07661437988281],
            [7.158107757568359, 55.02135467529297]
          ]
        ]
      }
    },
    {
      "type": "Feature",
      "properties": {
        "query_id": 433,
        "query_type": "intersection",
        "lat_min": 55.703083,
        "lat_max": 55.80975,
        "lon_min": 11.21398,
        "lon_max": 11.439575,
        "time_start": 53973472.0,
        "time_end": 72035504.0
      },
      "geometry": {
        "type": "Polygon",
        "coordinates": [
          [
            [11.213979721069336, 55.70308303833008],
            [11.4395751953125, 55.70308303833008],
            [11.4395751953125, 55.809749603271484],
            [11.213979721069336, 55.809749603271484],
            [11.213979721069336, 55.70308303833008]
          ]
        ]
      }
    },
    {
      "type": "Feature",
      "properties": {
        "query_id": 434,
        "query_type": "range",
        "lat_min": 54.677197,
        "lat_max": 54.757366,
        "lon_min": 15.672696,
        "lon_max": 15.842257,
        "time_start": 6654310.0,
        "time_end": 25621606.0
      },
      "geometry": {
        "type": "Polygon",
        "coordinates": [
          [
            [15.672696113586426, 54.67719650268555],
            [15.842257499694824, 54.67719650268555],
            [15.842257499694824, 54.75736618041992],
            [15.672696113586426, 54.75736618041992],
            [15.672696113586426, 54.67719650268555]
          ]
        ]
      }
    },
    {
      "type": "Feature",
      "properties": {
        "query_id": 435,
        "query_type": "nearest",
        "lat_min": 55.349049,
        "lat_max": 55.369045,
        "lon_min": 13.14717,
        "lon_max": 13.167171,
        "time_start": 173426944.0,
        "time_end": 199993856.0
      },
      "geometry": {
        "type": "Polygon",
        "coordinates": [
          [
            [13.147170066833496, 55.34904861450195],
            [13.167170524597168, 55.34904861450195],
            [13.167170524597168, 55.36904525756836],
            [13.147170066833496, 55.36904525756836],
            [13.147170066833496, 55.34904861450195]
          ]
        ]
      }
    },
    {
      "type": "Feature",
      "properties": {
        "query_id": 436,
        "query_type": "range",
        "lat_min": 56.69611,
        "lat_max": 56.830288,
        "lon_min": 10.857057,
        "lon_max": 11.140843,
        "time_start": 177826240.0,
        "time_end": 190459616.0
      },
      "geometry": {
        "type": "Polygon",
        "coordinates": [
          [
            [10.857056617736816, 56.696109771728516],
            [11.140843391418457, 56.696109771728516],
            [11.140843391418457, 56.83028793334961],
            [10.857056617736816, 56.83028793334961],
            [10.857056617736816, 56.696109771728516]
          ]
        ]
      }
    },
    {
      "type": "Feature",
      "properties": {
        "query_id": 437,
        "query_type": "aggregation",
        "lat_min": 55.588913,
        "lat_max": 55.600983,
        "lon_min": 6.233592,
        "lon_max": 6.267431,
        "time_start": 143176672.0,
        "time_end": 158270816.0
      },
      "geometry": {
        "type": "Polygon",
        "coordinates": [
          [
            [6.2335920333862305, 55.58891296386719],
            [6.267431259155273, 55.58891296386719],
            [6.267431259155273, 55.600982666015625],
            [6.2335920333862305, 55.600982666015625],
            [6.2335920333862305, 55.58891296386719]
          ]
        ]
      }
    },
    {
      "type": "Feature",
      "properties": {
        "query_id": 438,
        "query_type": "intersection",
        "lat_min": 55.694263,
        "lat_max": 55.765995,
        "lon_min": 12.603535,
        "lon_max": 12.755241,
        "time_start": 238504864.0,
        "time_end": 251797440.0
      },
      "geometry": {
        "type": "Polygon",
        "coordinates": [
          [
            [12.603534698486328, 55.69426345825195],
            [12.755241394042969, 55.69426345825195],
            [12.755241394042969, 55.765995025634766],
            [12.603534698486328, 55.765995025634766],
            [12.603534698486328, 55.69426345825195]
          ]
        ]
      }
    },
    {
      "type": "Feature",
      "properties": {
        "query_id": 439,
        "query_type": "aggregation",
        "lat_min": 56.843513,
        "lat_max": 56.951271,
        "lon_min": 8.242628,
        "lon_max": 8.54467,
        "time_start": 129286456.0,
        "time_end": 133451464.0
      },
      "geometry": {
        "type": "Polygon",
        "coordinates": [
          [
            [8.24262809753418, 56.84351348876953],
            [8.544670104980469, 56.84351348876953],
            [8.544670104980469, 56.951271057128906],
            [8.24262809753418, 56.951271057128906],
            [8.24262809753418, 56.84351348876953]
          ]
        ]
      }
    },
    {
      "type": "Feature",
      "properties": {
        "query_id": 440,
        "query_type": "intersection",
        "lat_min": 55.983677,
        "lat_max": 56.009281,
        "lon_min": 11.412003,
        "lon_max": 11.466148,
        "time_start": 242773568.0,
        "time_end": 252020288.0
      },
      "geometry": {
        "type": "Polygon",
        "coordinates": [
          [
            [11.412002563476562, 55.98367691040039],
            [11.466148376464844, 55.98367691040039],
            [11.466148376464844, 56.009281158447266],
            [11.412002563476562, 56.009281158447266],
            [11.412002563476562, 55.98367691040039]
          ]
        ]
      }
    },
    {
      "type": "Feature",
      "properties": {
        "query_id": 441,
        "query_type": "nearest",
        "lat_min": 57.696316,
        "lat_max": 57.716312,
        "lon_min": 11.751844,
        "lon_max": 11.771845,
        "time_start": 144443408.0,
        "time_end": 171010320.0
      },
      "geometry": {
        "type": "Polygon",
        "coordinates": [
          [
            [11.75184440612793, 57.69631576538086],
            [11.771844863891602, 57.69631576538086],
            [11.771844863891602, 57.716312408447266],
            [11.75184440612793, 57.716312408447266],
            [11.75184440612793, 57.69631576538086]
          ]
        ]
      }
    },
    {
      "type": "Feature",
      "properties": {
        "query_id": 442,
        "query_type": "aggregation",
        "lat_min": 55.32629,
        "lat_max": 55.391918,
        "lon_min": 9.460251,
        "lon_max": 9.644211,
        "time_start": 0.0,
        "time_end": 6155365.5
      },
      "geometry": {
        "type": "Polygon",
        "coordinates": [
          [
            [9.460250854492188, 55.326290130615234],
            [9.644210815429688, 55.326290130615234],
            [9.644210815429688, 55.39191818237305],
            [9.460250854492188, 55.39191818237305],
            [9.460250854492188, 55.326290130615234]
          ]
        ]
      }
    },
    {
      "type": "Feature",
      "properties": {
        "query_id": 443,
        "query_type": "intersection",
        "lat_min": 55.100693,
        "lat_max": 55.22213,
        "lon_min": 14.125842,
        "lon_max": 14.382674,
        "time_start": 121446048.0,
        "time_end": 133366016.0
      },
      "geometry": {
        "type": "Polygon",
        "coordinates": [
          [
            [14.125842094421387, 55.10069274902344],
            [14.382674217224121, 55.10069274902344],
            [14.382674217224121, 55.222129821777344],
            [14.125842094421387, 55.222129821777344],
            [14.125842094421387, 55.10069274902344]
          ]
        ]
      }
    },
    {
      "type": "Feature",
      "properties": {
        "query_id": 444,
        "query_type": "nearest",
        "lat_min": 56.558586,
        "lat_max": 56.578583,
        "lon_min": 10.986279,
        "lon_max": 11.006279,
        "time_start": 59666048.0,
        "time_end": 86232960.0
      },
      "geometry": {
        "type": "Polygon",
        "coordinates": [
          [
            [10.986278533935547, 56.55858612060547],
            [11.006278991699219, 56.55858612060547],
            [11.006278991699219, 56.578582763671875],
            [10.986278533935547, 56.578582763671875],
            [10.986278533935547, 56.55858612060547]
          ]
        ]
      }
    },
    {
      "type": "Feature",
      "properties": {
        "query_id": 445,
        "query_type": "nearest",
        "lat_min": 56.009819,
        "lat_max": 56.029816,
        "lon_min": 12.61748,
        "lon_max": 12.637481,
        "time_start": 195396240.0,
        "time_end": 221963152.0
      },
      "geometry": {
        "type": "Polygon",
        "coordinates": [
          [
            [12.617480278015137, 56.00981903076172],
            [12.637480735778809, 56.00981903076172],
            [12.637480735778809, 56.029815673828125],
            [12.617480278015137, 56.029815673828125],
            [12.617480278015137, 56.00981903076172]
          ]
        ]
      }
    },
    {
      "type": "Feature",
      "properties": {
        "query_id": 446,
        "query_type": "range",
        "lat_min": 56.783504,
        "lat_max": 56.888317,
        "lon_min": 11.68922,
        "lon_max": 11.910894,
        "time_start": 36823632.0,
        "time_end": 63372120.0
      },
      "geometry": {
        "type": "Polygon",
        "coordinates": [
          [
            [11.689220428466797, 56.783504486083984],
            [11.910894393920898, 56.783504486083984],
            [11.910894393920898, 56.8883171081543],
            [11.689220428466797, 56.8883171081543],
            [11.689220428466797, 56.783504486083984]
          ]
        ]
      }
    },
    {
      "type": "Feature",
      "properties": {
        "query_id": 447,
        "query_type": "nearest",
        "lat_min": 56.684807,
        "lat_max": 56.704803,
        "lon_min": 11.469851,
        "lon_max": 11.489852,
        "time_start": 93212880.0,
        "time_end": 119779792.0
      },
      "geometry": {
        "type": "Polygon",
        "coordinates": [
          [
            [11.46985149383545, 56.68480682373047],
            [11.489851951599121, 56.68480682373047],
            [11.489851951599121, 56.704803466796875],
            [11.46985149383545, 56.704803466796875],
            [11.46985149383545, 56.68480682373047]
          ]
        ]
      }
    },
    {
      "type": "Feature",
      "properties": {
        "query_id": 448,
        "query_type": "intersection",
        "lat_min": 56.513031,
        "lat_max": 56.654968,
        "lon_min": 12.410057,
        "lon_max": 12.710243,
        "time_start": 137799232.0,
        "time_end": 163045216.0
      },
      "geometry": {
        "type": "Polygon",
        "coordinates": [
          [
            [12.410057067871094, 56.513031005859375],
            [12.710243225097656, 56.513031005859375],
            [12.710243225097656, 56.65496826171875],
            [12.410057067871094, 56.65496826171875],
            [12.410057067871094, 56.513031005859375]
          ]
        ]
      }
    },
    {
      "type": "Feature",
      "properties": {
        "query_id": 449,
        "query_type": "nearest",
        "lat_min": 56.502037,
        "lat_max": 56.522034,
        "lon_min": 12.269484,
        "lon_max": 12.289484,
        "time_start": 142232768.0,
        "time_end": 168799680.0
      },
      "geometry": {
        "type": "Polygon",
        "coordinates": [
          [
            [12.26948356628418, 56.502037048339844],
            [12.289484024047852, 56.502037048339844],
            [12.289484024047852, 56.52203369140625],
            [12.26948356628418, 56.52203369140625],
            [12.26948356628418, 56.502037048339844]
          ]
        ]
      }
    },
    {
      "type": "Feature",
      "properties": {
        "query_id": 450,
        "query_type": "aggregation",
        "lat_min": 57.809765,
        "lat_max": 57.85181,
        "lon_min": 11.321738,
        "lon_max": 11.439591,
        "time_start": 118792016.0,
        "time_end": 133556192.0
      },
      "geometry": {
        "type": "Polygon",
        "coordinates": [
          [
            [11.321738243103027, 57.80976486206055],
            [11.439591407775879, 57.80976486206055],
            [11.439591407775879, 57.851810455322266],
            [11.321738243103027, 57.851810455322266],
            [11.321738243103027, 57.80976486206055]
          ]
        ]
      }
    },
    {
      "type": "Feature",
      "properties": {
        "query_id": 451,
        "query_type": "aggregation",
        "lat_min": 55.888416,
        "lat_max": 55.903019,
        "lon_min": 14.037674,
        "lon_max": 14.078606,
        "time_start": 190384528.0,
        "time_end": 216635760.0
      },
      "geometry": {
        "type": "Polygon",
        "coordinates": [
          [
            [14.037673950195312, 55.8884162902832],
            [14.078605651855469, 55.8884162902832],
            [14.078605651855469, 55.903018951416016],
            [14.037673950195312, 55.903018951416016],
            [14.037673950195312, 55.8884162902832]
          ]
        ]
      }
    },
    {
      "type": "Feature",
      "properties": {
        "query_id": 452,
        "query_type": "aggregation",
        "lat_min": 55.660332,
        "lat_max": 55.76078,
        "lon_min": 5.215767,
        "lon_max": 5.497314,
        "time_start": 126768080.0,
        "time_end": 146058640.0
      },
      "geometry": {
        "type": "Polygon",
        "coordinates": [
          [
            [5.215766906738281, 55.66033172607422],
            [5.497314453125, 55.66033172607422],
            [5.497314453125, 55.760780334472656],
            [5.215766906738281, 55.760780334472656],
            [5.215766906738281, 55.66033172607422]
          ]
        ]
      }
    },
    {
      "type": "Feature",
      "properties": {
        "query_id": 453,
        "query_type": "intersection",
        "lat_min": 54.65451,
        "lat_max": 54.674149,
        "lon_min": 10.095037,
        "lon_max": 10.136566,
        "time_start": 29552252.0,
        "time_end": 53125748.0
      },
      "geometry": {
        "type": "Polygon",
        "coordinates": [
          [
            [10.095037460327148, 54.654510498046875],
            [10.136566162109375, 54.654510498046875],
            [10.136566162109375, 54.67414855957031],
            [10.095037460327148, 54.67414855957031],
            [10.095037460327148, 54.654510498046875]
          ]
        ]
      }
    },
    {
      "type": "Feature",
      "properties": {
        "query_id": 454,
        "query_type": "intersection",
        "lat_min": 55.056526,
        "lat_max": 55.187798,
        "lon_min": 14.493984,
        "lon_max": 14.771612,
        "time_start": 37409108.0,
        "time_end": 45639716.0
      },
      "geometry": {
        "type": "Polygon",
        "coordinates": [
          [
            [14.49398422241211, 55.05652618408203],
            [14.771612167358398, 55.05652618408203],
            [14.771612167358398, 55.18779754638672],
            [14.49398422241211, 55.18779754638672],
            [14.49398422241211, 55.05652618408203]
          ]
        ]
      }
    },
    {
      "type": "Feature",
      "properties": {
        "query_id": 455,
        "query_type": "nearest",
        "lat_min": 54.784119,
        "lat_max": 54.804115,
        "lon_min": 12.77047,
        "lon_max": 12.79047,
        "time_start": 244027920.0,
        "time_end": 270594816.0
      },
      "geometry": {
        "type": "Polygon",
        "coordinates": [
          [
            [12.770469665527344, 54.78411865234375],
            [12.790470123291016, 54.78411865234375],
            [12.790470123291016, 54.804115295410156],
            [12.770469665527344, 54.804115295410156],
            [12.770469665527344, 54.78411865234375]
          ]
        ]
      }
    },
    {
      "type": "Feature",
      "properties": {
        "query_id": 456,
        "query_type": "range",
        "lat_min": 54.598217,
        "lat_max": 54.725216,
        "lon_min": 12.243639,
        "lon_max": 12.512241,
        "time_start": 159309888.0,
        "time_end": 184453632.0
      },
      "geometry": {
        "type": "Polygon",
        "coordinates": [
          [
            [12.24363899230957, 54.59821701049805],
            [12.51224136352539, 54.59821701049805],
            [12.51224136352539, 54.725215911865234],
            [12.24363899230957, 54.725215911865234],
            [12.24363899230957, 54.59821701049805]
          ]
        ]
      }
    },
    {
      "type": "Feature",
      "properties": {
        "query_id": 457,
        "query_type": "intersection",
        "lat_min": 56.442345,
        "lat_max": 56.52227,
        "lon_min": 4.826089,
        "lon_max": 4.995126,
        "time_start": 71424192.0,
        "time_end": 97505536.0
      },
      "geometry": {
        "type": "Polygon",
        "coordinates": [
          [
            [4.826089382171631, 56.442344665527344],
            [4.995126247406006, 56.442344665527344],
            [4.995126247406006, 56.52227020263672],
            [4.826089382171631, 56.52227020263672],
            [4.826089382171631, 56.442344665527344]
          ]
        ]
      }
    },
    {
      "type": "Feature",
      "properties": {
        "query_id": 458,
        "query_type": "aggregation",
        "lat_min": 57.94928,
        "lat_max": 58.003456,
        "lon_min": 7.724913,
        "lon_max": 7.880039,
        "time_start": 35010716.0,
        "time_end": 56790020.0
      },
      "geometry": {
        "type": "Polygon",
        "coordinates": [
          [
            [7.724913120269775, 57.94927978515625],
            [7.880038738250732, 57.94927978515625],
            [7.880038738250732, 58.003456115722656],
            [7.724913120269775, 58.003456115722656],
            [7.724913120269775, 57.94927978515625]
          ]
        ]
      }
    },
    {
      "type": "Feature",
      "properties": {
        "query_id": 459,
        "query_type": "aggregation",
        "lat_min": 57.490818,
        "lat_max": 57.557003,
        "lon_min": 5.513993,
        "lon_max": 5.699509,
        "time_start": 261930384.0,
        "time_end": 265669088.0
      },
      "geometry": {
        "type": "Polygon",
        "coordinates": [
          [
            [5.513992786407471, 57.49081802368164],
            [5.699509143829346, 57.49081802368164],
            [5.699509143829346, 57.557003021240234],
            [5.513992786407471, 57.557003021240234],
            [5.513992786407471, 57.49081802368164]
          ]
        ]
      }
    },
    {
      "type": "Feature",
      "properties": {
        "query_id": 460,
        "query_type": "aggregation",
        "lat_min": 56.75819,
        "lat_max": 56.848095,
        "lon_min": 7.977319,
        "lon_max": 8.229325,
        "time_start": 80240328.0,
        "time_end": 91264632.0
      },
      "geometry": {
        "type": "Polygon",
        "coordinates": [
          [
            [7.97731876373291, 56.7581901550293],
            [8.229325294494629, 56.7581901550293],
            [8.229325294494629, 56.84809494018555],
            [7.97731876373291, 56.84809494018555],
            [7.97731876373291, 56.7581901550293]
          ]
        ]
      }
    },
    {
      "type": "Feature",
      "properties": {
        "query_id": 461,
        "query_type": "aggregation",
        "lat_min": 55.341755,
        "lat_max": 55.383183,
        "lon_min": 11.726819,
        "lon_max": 11.842937,
        "time_start": 165581840.0,
        "time_end": 179863472.0
      },
      "geometry": {
        "type": "Polygon",
        "coordinates": [
          [
            [11.726819038391113, 55.34175491333008],
            [11.842936515808105, 55.34175491333008],
            [11.842936515808105, 55.383182525634766],
            [11.726819038391113, 55.383182525634766],
            [11.726819038391113, 55.34175491333008]
          ]
        ]
      }
    },
    {
      "type": "Feature",
      "properties": {
        "query_id": 462,
        "query_type": "nearest",
        "lat_min": 54.596691,
        "lat_max": 54.616688,
        "lon_min": 11.241862,
        "lon_max": 11.261863,
        "time_start": 13413365.0,
        "time_end": 39980276.0
      },
      "geometry": {
        "type": "Polygon",
        "coordinates": [
          [
            [11.241862297058105, 54.5966911315918],
            [11.261862754821777, 54.5966911315918],
            [11.261862754821777, 54.6166877746582],
            [11.241862297058105, 54.6166877746582],
            [11.241862297058105, 54.5966911315918]
          ]
        ]
      }
    },
    {
      "type": "Feature",
      "properties": {
        "query_id": 463,
        "query_type": "range",
        "lat_min": 57.158512,
        "lat_max": 57.282619,
        "lon_min": 11.861444,
        "lon_max": 12.12392,
        "time_start": 141757968.0,
        "time_end": 160321840.0
      },
      "geometry": {
        "type": "Polygon",
        "coordinates": [
          [
            [11.861444473266602, 57.158512115478516],
            [12.123920440673828, 57.158512115478516],
            [12.123920440673828, 57.28261947631836],
            [11.861444473266602, 57.28261947631836],
            [11.861444473266602, 57.158512115478516]
          ]
        ]
      }
    },
    {
      "type": "Feature",
      "properties": {
        "query_id": 464,
        "query_type": "intersection",
        "lat_min": 54.463081,
        "lat_max": 54.604828,
        "lon_min": 10.369262,
        "lon_max": 10.669042,
        "time_start": 253416496.0,
        "time_end": 263894352.0
      },
      "geometry": {
        "type": "Polygon",
        "coordinates": [
          [
            [10.369261741638184, 54.46308135986328],
            [10.669041633605957, 54.46308135986328],
            [10.669041633605957, 54.604827880859375],
            [10.369261741638184, 54.604827880859375],
            [10.369261741638184, 54.46308135986328]
          ]
        ]
      }
    },
    {
      "type": "Feature",
      "properties": {
        "query_id": 465,
        "query_type": "nearest",
        "lat_min": 56.695282,
        "lat_max": 56.715279,
        "lon_min": 8.223875,
        "lon_max": 8.243876,
        "time_start": 19621204.0,
        "time_end": 46188116.0
      },
      "geometry": {
        "type": "Polygon",
        "coordinates": [
          [
            [8.223875045776367, 56.695281982421875],
            [8.243875503540039, 56.695281982421875],
            [8.243875503540039, 56.71527862548828],
            [8.223875045776367, 56.71527862548828],
            [8.223875045776367, 56.695281982421875]
          ]
        ]
      }
    },
    {
      "type": "Feature",
      "properties": {
        "query_id": 466,
        "query_type": "nearest",
        "lat_min": 54.170044,
        "lat_max": 54.190041,
        "lon_min": 9.332741,
        "lon_max": 9.352741,
        "time_start": 194911504.0,
        "time_end": 221478416.0
      },
      "geometry": {
        "type": "Polygon",
        "coordinates": [
          [
            [9.332740783691406, 54.1700439453125],
            [9.352741241455078, 54.1700439453125],
            [9.352741241455078, 54.190040588378906],
            [9.332740783691406, 54.190040588378906],
            [9.332740783691406, 54.1700439453125]
          ]
        ]
      }
    },
    {
      "type": "Feature",
      "properties": {
        "query_id": 467,
        "query_type": "range",
        "lat_min": 55.900127,
        "lat_max": 56.040089,
        "lon_min": 11.103006,
        "lon_max": 11.399017,
        "time_start": 82900544.0,
        "time_end": 105333488.0
      },
      "geometry": {
        "type": "Polygon",
        "coordinates": [
          [
            [11.103006362915039, 55.90012741088867],
            [11.399017333984375, 55.90012741088867],
            [11.399017333984375, 56.04008865356445],
            [11.103006362915039, 56.04008865356445],
            [11.103006362915039, 55.90012741088867]
          ]
        ]
      }
    },
    {
      "type": "Feature",
      "properties": {
        "query_id": 468,
        "query_type": "range",
        "lat_min": 57.43166,
        "lat_max": 57.453892,
        "lon_min": 10.526673,
        "lon_max": 10.573688,
        "time_start": 209905728.0,
        "time_end": 227367584.0
      },
      "geometry": {
        "type": "Polygon",
        "coordinates": [
          [
            [10.526673316955566, 57.43165969848633],
            [10.573687553405762, 57.43165969848633],
            [10.573687553405762, 57.45389175415039],
            [10.526673316955566, 57.45389175415039],
            [10.526673316955566, 57.43165969848633]
          ]
        ]
      }
    },
    {
      "type": "Feature",
      "properties": {
        "query_id": 469,
        "query_type": "nearest",
        "lat_min": 57.480858,
        "lat_max": 57.500854,
        "lon_min": 8.769045,
        "lon_max": 8.789045,
        "time_start": 40861684.0,
        "time_end": 67428592.0
      },
      "geometry": {
        "type": "Polygon",
        "coordinates": [
          [
            [8.769044876098633, 57.480857849121094],
            [8.789045333862305, 57.480857849121094],
            [8.789045333862305, 57.5008544921875],
            [8.769044876098633, 57.5008544921875],
            [8.769044876098633, 57.480857849121094]
          ]
        ]
      }
    },
    {
      "type": "Feature",
      "properties": {
        "query_id": 470,
        "query_type": "nearest",
        "lat_min": 57.158195,
        "lat_max": 57.178192,
        "lon_min": 7.69499,
        "lon_max": 7.71499,
        "time_start": 163212480.0,
        "time_end": 189779392.0
      },
      "geometry": {
        "type": "Polygon",
        "coordinates": [
          [
            [7.6949896812438965, 57.15819549560547],
            [7.714990139007568, 57.15819549560547],
            [7.714990139007568, 57.178192138671875],
            [7.6949896812438965, 57.178192138671875],
            [7.6949896812438965, 57.15819549560547]
          ]
        ]
      }
    },
    {
      "type": "Feature",
      "properties": {
        "query_id": 471,
        "query_type": "range",
        "lat_min": 56.835701,
        "lat_max": 56.891594,
        "lon_min": 7.980355,
        "lon_max": 8.098571,
        "time_start": 107062560.0,
        "time_end": 133494288.0
      },
      "geometry": {
        "type": "Polygon",
        "coordinates": [
          [
            [7.980355262756348, 56.83570098876953],
            [8.098570823669434, 56.83570098876953],
            [8.098570823669434, 56.89159393310547],
            [7.980355262756348, 56.89159393310547],
            [7.980355262756348, 56.83570098876953]
          ]
        ]
      }
    },
    {
      "type": "Feature",
      "properties": {
        "query_id": 472,
        "query_type": "intersection",
        "lat_min": 57.523678,
        "lat_max": 57.662304,
        "lon_min": 9.817615,
        "lon_max": 10.110795,
        "time_start": 207610720.0,
        "time_end": 221552640.0
      },
      "geometry": {
        "type": "Polygon",
        "coordinates": [
          [
            [9.817614555358887, 57.523677825927734],
            [10.110795021057129, 57.523677825927734],
            [10.110795021057129, 57.66230392456055],
            [9.817614555358887, 57.66230392456055],
            [9.817614555358887, 57.523677825927734]
          ]
        ]
      }
    },
    {
      "type": "Feature",
      "properties": {
        "query_id": 473,
        "query_type": "intersection",
        "lat_min": 56.51038,
        "lat_max": 56.587337,
        "lon_min": 11.599272,
        "lon_max": 11.762037,
        "time_start": 185703792.0,
        "time_end": 203824880.0
      },
      "geometry": {
        "type": "Polygon",
        "coordinates": [
          [
            [11.599271774291992, 56.510379791259766],
            [11.76203727722168, 56.510379791259766],
            [11.76203727722168, 56.587337493896484],
            [11.599271774291992, 56.587337493896484],
            [11.599271774291992, 56.510379791259766]
          ]
        ]
      }
    },
    {
      "type": "Feature",
      "properties": {
        "query_id": 474,
        "query_type": "intersection",
        "lat_min": 57.01878,
        "lat_max": 57.109432,
        "lon_min": 8.119274,
        "lon_max": 8.310995,
        "time_start": 51788452.0,
        "time_end": 65811508.0
      },
      "geometry": {
        "type": "Polygon",
        "coordinates": [
          [
            [8.119274139404297, 57.01877975463867],
            [8.310995101928711, 57.01877975463867],
            [8.310995101928711, 57.109432220458984],
            [8.119274139404297, 57.109432220458984],
            [8.119274139404297, 57.01877975463867]
          ]
        ]
      }
    },
    {
      "type": "Feature",
      "properties": {
        "query_id": 475,
        "query_type": "aggregation",
        "lat_min": 56.621262,
        "lat_max": 56.687241,
        "lon_min": 5.962615,
        "lon_max": 6.14755,
        "time_start": 9897834.0,
        "time_end": 30729614.0
      },
      "geometry": {
        "type": "Polygon",
        "coordinates": [
          [
            [5.962615489959717, 56.62126159667969],
            [6.147550106048584, 56.62126159667969],
            [6.147550106048584, 56.68724060058594],
            [5.962615489959717, 56.68724060058594],
            [5.962615489959717, 56.62126159667969]
          ]
        ]
      }
    },
    {
      "type": "Feature",
      "properties": {
        "query_id": 476,
        "query_type": "nearest",
        "lat_min": 55.685448,
        "lat_max": 55.705444,
        "lon_min": 10.794595,
        "lon_max": 10.814595,
        "time_start": 208363808.0,
        "time_end": 234930720.0
      },
      "geometry": {
        "type": "Polygon",
        "coordinates": [
          [
            [10.794594764709473, 55.685447692871094],
            [10.814595222473145, 55.685447692871094],
            [10.814595222473145, 55.7054443359375],
            [10.794594764709473, 55.7054443359375],
            [10.794594764709473, 55.685447692871094]
          ]
        ]
      }
    },
    {
      "type": "Feature",
      "properties": {
        "query_id": 477,
        "query_type": "nearest",
        "lat_min": 57.701847,
        "lat_max": 57.721844,
        "lon_min": 9.55762,
        "lon_max": 9.577621,
        "time_start": 93428288.0,
        "time_end": 119995200.0
      },
      "geometry": {
        "type": "Polygon",
        "coordinates": [
          [
            [9.55762004852295, 57.701847076416016],
            [9.577620506286621, 57.701847076416016],
            [9.577620506286621, 57.72184371948242],
            [9.55762004852295, 57.72184371948242],
            [9.55762004852295, 57.701847076416016]
          ]
        ]
      }
    },
    {
      "type": "Feature",
      "properties": {
        "query_id": 478,
        "query_type": "range",
        "lat_min": 57.387585,
        "lat_max": 57.506039,
        "lon_min": 8.122369,
        "lon_max": 8.372897,
        "time_start": 192932096.0,
        "time_end": 212068960.0
      },
      "geometry": {
        "type": "Polygon",
        "coordinates": [
          [
            [8.122368812561035, 57.3875846862793],
            [8.372897148132324, 57.3875846862793],
            [8.372897148132324, 57.506038665771484],
            [8.122368812561035, 57.506038665771484],
            [8.122368812561035, 57.3875846862793]
          ]
        ]
      }
    },
    {
      "type": "Feature",
      "properties": {
        "query_id": 479,
        "query_type": "range",
        "lat_min": 57.670567,
        "lat_max": 57.741665,
        "lon_min": 10.587075,
        "lon_max": 10.737445,
        "time_start": 258224496.0,
        "time_end": 263157584.0
      },
      "geometry": {
        "type": "Polygon",
        "coordinates": [
          [
            [10.587075233459473, 57.67056655883789],
            [10.737444877624512, 57.67056655883789],
            [10.737444877624512, 57.74166488647461],
            [10.587075233459473, 57.74166488647461],
            [10.587075233459473, 57.67056655883789]
          ]
        ]
      }
    },
    {
      "type": "Feature",
      "properties": {
        "query_id": 480,
        "query_type": "intersection",
        "lat_min": 57.415592,
        "lat_max": 57.50407,
        "lon_min": 10.593567,
        "lon_max": 10.780699,
        "time_start": 33427510.0,
        "time_end": 40199520.0
      },
      "geometry": {
        "type": "Polygon",
        "coordinates": [
          [
            [10.59356689453125, 57.415592193603516],
            [10.780698776245117, 57.415592193603516],
            [10.780698776245117, 57.50407028198242],
            [10.59356689453125, 57.50407028198242],
            [10.59356689453125, 57.415592193603516]
          ]
        ]
      }
    },
    {
      "type": "Feature",
      "properties": {
        "query_id": 481,
        "query_type": "range",
        "lat_min": 55.93644,
        "lat_max": 55.962921,
        "lon_min": 11.777459,
        "lon_max": 11.833467,
        "time_start": 213119120.0,
        "time_end": 223093744.0
      },
      "geometry": {
        "type": "Polygon",
        "coordinates": [
          [
            [11.777459144592285, 55.936439514160156],
            [11.833466529846191, 55.936439514160156],
            [11.833466529846191, 55.962921142578125],
            [11.777459144592285, 55.962921142578125],
            [11.777459144592285, 55.936439514160156]
          ]
        ]
      }
    },
    {
      "type": "Feature",
      "properties": {
        "query_id": 482,
        "query_type": "aggregation",
        "lat_min": 56.571877,
        "lat_max": 56.620255,
        "lon_min": 14.221498,
        "lon_max": 14.35711,
        "time_start": 221624208.0,
        "time_end": 226455184.0
      },
      "geometry": {
        "type": "Polygon",
        "coordinates": [
          [
            [14.221497535705566, 56.571876525878906],
            [14.357110023498535, 56.571876525878906],
            [14.357110023498535, 56.62025451660156],
            [14.221497535705566, 56.62025451660156],
            [14.221497535705566, 56.571876525878906]
          ]
        ]
      }
    },
    {
      "type": "Feature",
      "properties": {
        "query_id": 483,
        "query_type": "range",
        "lat_min": 55.593204,
        "lat_max": 55.704578,
        "lon_min": 10.472867,
        "lon_max": 10.708417,
        "time_start": 195980688.0,
        "time_end": 200155792.0
      },
      "geometry": {
        "type": "Polygon",
        "coordinates": [
          [
            [10.472867012023926, 55.593204498291016],
            [10.708416938781738, 55.593204498291016],
            [10.708416938781738, 55.7045783996582],
            [10.472867012023926, 55.7045783996582],
            [10.472867012023926, 55.593204498291016]
          ]
        ]
      }
    },
    {
      "type": "Feature",
      "properties": {
        "query_id": 484,
        "query_type": "nearest",
        "lat_min": 55.100906,
        "lat_max": 55.120903,
        "lon_min": 13.951837,
        "lon_max": 13.971837,
        "time_start": 101033344.0,
        "time_end": 127600256.0
      },
      "geometry": {
        "type": "Polygon",
        "coordinates": [
          [
            [13.951836585998535, 55.10090637207031],
            [13.971837043762207, 55.10090637207031],
            [13.971837043762207, 55.12090301513672],
            [13.951836585998535, 55.12090301513672],
            [13.951836585998535, 55.10090637207031]
          ]
        ]
      }
    },
    {
      "type": "Feature",
      "properties": {
        "query_id": 485,
        "query_type": "nearest",
        "lat_min": 57.330093,
        "lat_max": 57.35009,
        "lon_min": 11.606848,
        "lon_max": 11.626848,
        "time_start": 136890656.0,
        "time_end": 163457568.0
      },
      "geometry": {
        "type": "Polygon",
        "coordinates": [
          [
            [11.606847763061523, 57.33009338378906],
            [11.626848220825195, 57.33009338378906],
            [11.626848220825195, 57.35009002685547],
            [11.606847763061523, 57.35009002685547],
            [11.606847763061523, 57.33009338378906]
          ]
        ]
      }
    },
    {
      "type": "Feature",
      "properties": {
        "query_id": 486,
        "query_type": "range",
        "lat_min": 55.349937,
        "lat_max": 55.374832,
        "lon_min": 13.125611,
        "lon_max": 13.178258,
        "time_start": 14155011.0,
        "time_end": 37347168.0
      },
      "geometry": {
        "type": "Polygon",
        "coordinates": [
          [
            [13.125611305236816, 55.349937438964844],
            [13.178257942199707, 55.349937438964844],
            [13.178257942199707, 55.37483215332031],
            [13.125611305236816, 55.37483215332031],
            [13.125611305236816, 55.349937438964844]
          ]
        ]
      }
    },
    {
      "type": "Feature",
      "properties": {
        "query_id": 487,
        "query_type": "intersection",
        "lat_min": 57.111134,
        "lat_max": 57.132969,
        "lon_min": 8.577775,
        "lon_max": 8.623956,
        "time_start": 192652176.0,
        "time_end": 208985520.0
      },
      "geometry": {
        "type": "Polygon",
        "coordinates": [
          [
            [8.577775001525879, 57.11113357543945],
            [8.623955726623535, 57.11113357543945],
            [8.623955726623535, 57.13296890258789],
            [8.577775001525879, 57.13296890258789],
            [8.577775001525879, 57.11113357543945]
          ]
        ]
      }
    },
    {
      "type": "Feature",
      "properties": {
        "query_id": 488,
        "query_type": "nearest",
        "lat_min": 57.750534,
        "lat_max": 57.770531,
        "lon_min": 10.500522,
        "lon_max": 10.520522,
        "time_start": 227562176.0,
        "time_end": 254129088.0
      },
      "geometry": {
        "type": "Polygon",
        "coordinates": [
          [
            [10.500521659851074, 57.75053405761719],
            [10.520522117614746, 57.75053405761719],
            [10.520522117614746, 57.770530700683594],
            [10.500521659851074, 57.770530700683594],
            [10.500521659851074, 57.75053405761719]
          ]
        ]
      }
    },
    {
      "type": "Feature",
      "properties": {
        "query_id": 489,
        "query_type": "intersection",
        "lat_min": 57.63422,
        "lat_max": 57.744343,
        "lon_min": 11.778214,
        "lon_max": 12.01112,
        "time_start": 79978648.0,
        "time_end": 83254872.0
      },
      "geometry": {
        "type": "Polygon",
        "coordinates": [
          [
            [11.778213500976562, 57.634220123291016],
            [12.011119842529297, 57.634220123291016],
            [12.011119842529297, 57.74434280395508],
            [11.778213500976562, 57.74434280395508],
            [11.778213500976562, 57.634220123291016]
          ]
        ]
      }
    },
    {
      "type": "Feature",
      "properties": {
        "query_id": 490,
        "query_type": "range",
        "lat_min": 57.584751,
        "lat_max": 57.647549,
        "lon_min": 11.728058,
        "lon_max": 11.860872,
        "time_start": 87141408.0,
        "time_end": 93894640.0
      },
      "geometry": {
        "type": "Polygon",
        "coordinates": [
          [
            [11.728057861328125, 57.58475112915039],
            [11.860872268676758, 57.58475112915039],
            [11.860872268676758, 57.64754867553711],
            [11.728057861328125, 57.64754867553711],
            [11.728057861328125, 57.58475112915039]
          ]
        ]
      }
    },
    {
      "type": "Feature",
      "properties": {
        "query_id": 491,
        "query_type": "nearest",
        "lat_min": 54.692818,
        "lat_max": 54.712814,
        "lon_min": 15.943851,
        "lon_max": 15.963851,
        "time_start": 39461164.0,
        "time_end": 66028076.0
      },
      "geometry": {
        "type": "Polygon",
        "coordinates": [
          [
            [15.94385051727295, 54.69281768798828],
            [15.963850975036621, 54.69281768798828],
            [15.963850975036621, 54.71281433105469],
            [15.94385051727295, 54.71281433105469],
            [15.94385051727295, 54.69281768798828]
          ]
        ]
      }
    },
    {
      "type": "Feature",
      "properties": {
        "query_id": 492,
        "query_type": "aggregation",
        "lat_min": 57.198349,
        "lat_max": 57.228355,
        "lon_min": 8.065248,
        "lon_max": 8.149357,
        "time_start": 100805072.0,
        "time_end": 121692336.0
      },
      "geometry": {
        "type": "Polygon",
        "coordinates": [
          [
            [8.065248489379883, 57.19834899902344],
            [8.149356842041016, 57.19834899902344],
            [8.149356842041016, 57.228355407714844],
            [8.065248489379883, 57.228355407714844],
            [8.065248489379883, 57.19834899902344]
          ]
        ]
      }
    },
    {
      "type": "Feature",
      "properties": {
        "query_id": 493,
        "query_type": "intersection",
        "lat_min": 54.368271,
        "lat_max": 54.390182,
        "lon_min": 12.710111,
        "lon_max": 12.756446,
        "time_start": 66143828.0,
        "time_end": 79967040.0
      },
      "geometry": {
        "type": "Polygon",
        "coordinates": [
          [
            [12.710110664367676, 54.36827087402344],
            [12.75644588470459, 54.36827087402344],
            [12.75644588470459, 54.39018249511719],
            [12.710110664367676, 54.39018249511719],
            [12.710110664367676, 54.36827087402344]
          ]
        ]
      }
    },
    {
      "type": "Feature",
      "properties": {
        "query_id": 494,
        "query_type": "aggregation",
        "lat_min": 55.247604,
        "lat_max": 55.314499,
        "lon_min": 6.821534,
        "lon_max": 7.00903,
        "time_start": 234112256.0,
        "time_end": 237789120.0
      },
      "geometry": {
        "type": "Polygon",
        "coordinates": [
          [
            [6.821533679962158, 55.24760437011719],
            [7.009029865264893, 55.24760437011719],
            [7.009029865264893, 55.31449890136719],
            [6.821533679962158, 55.31449890136719],
            [6.821533679962158, 55.24760437011719]
          ]
        ]
      }
    },
    {
      "type": "Feature",
      "properties": {
        "query_id": 495,
        "query_type": "range",
        "lat_min": 56.706638,
        "lat_max": 56.720005,
        "lon_min": 11.911366,
        "lon_max": 11.939629,
        "time_start": 0.0,
        "time_end": 19861340.0
      },
      "geometry": {
        "type": "Polygon",
        "coordinates": [
          [
            [11.911365509033203, 56.70663833618164],
            [11.939628601074219, 56.70663833618164],
            [11.939628601074219, 56.72000503540039],
            [11.911365509033203, 56.72000503540039],
            [11.911365509033203, 56.70663833618164]
          ]
        ]
      }
    },
    {
      "type": "Feature",
      "properties": {
        "query_id": 496,
        "query_type": "nearest",
        "lat_min": 56.31435,
        "lat_max": 56.334347,
        "lon_min": 11.099817,
        "lon_max": 11.119818,
        "time_start": 54631088.0,
        "time_end": 81198000.0
      },
      "geometry": {
        "type": "Polygon",
        "coordinates": [
          [
            [11.099817276000977, 56.31435012817383],
            [11.119817733764648, 56.31435012817383],
            [11.119817733764648, 56.334346771240234],
            [11.099817276000977, 56.334346771240234],
            [11.099817276000977, 56.31435012817383]
          ]
        ]
      }
    },
    {
      "type": "Feature",
      "properties": {
        "query_id": 497,
        "query_type": "range",
        "lat_min": 57.635624,
        "lat_max": 57.692051,
        "lon_min": 11.152619,
        "lon_max": 11.271964,
        "time_start": 60876788.0,
        "time_end": 74749232.0
      },
      "geometry": {
        "type": "Polygon",
        "coordinates": [
          [
            [11.152619361877441, 57.635623931884766],
            [11.271964073181152, 57.635623931884766],
            [11.271964073181152, 57.69205093383789],
            [11.152619361877441, 57.69205093383789],
            [11.152619361877441, 57.635623931884766]
          ]
        ]
      }
    },
    {
      "type": "Feature",
      "properties": {
        "query_id": 498,
        "query_type": "intersection",
        "lat_min": 55.999077,
        "lat_max": 56.116188,
        "lon_min": 10.451227,
        "lon_max": 10.698917,
        "time_start": 205101360.0,
        "time_end": 215320080.0
      },
      "geometry": {
        "type": "Polygon",
        "coordinates": [
          [
            [10.451227188110352, 55.99907684326172],
            [10.698917388916016, 55.99907684326172],
            [10.698917388916016, 56.116188049316406],
            [10.451227188110352, 56.116188049316406],
            [10.451227188110352, 55.99907684326172]
          ]
        ]
      }
    },
    {
      "type": "Feature",
      "properties": {
        "query_id": 499,
        "query_type": "aggregation",
        "lat_min": 57.764824,
        "lat_max": 57.823189,
        "lon_min": 10.929147,
        "lon_max": 11.092742,
        "time_start": 75438424.0,
        "time_end": 87773816.0
      },
      "geometry": {
        "type": "Polygon",
        "coordinates": [
          [
            [10.929146766662598, 57.76482391357422],
            [11.092741966247559, 57.76482391357422],
            [11.092741966247559, 57.82318878173828],
            [10.929146766662598, 57.82318878173828],
            [10.929146766662598, 57.76482391357422]
          ]
        ]
      }
    },
    {
      "type": "Feature",
      "properties": {
        "query_id": 500,
        "query_type": "nearest",
        "lat_min": 57.677185,
        "lat_max": 57.697182,
        "lon_min": 11.903171,
        "lon_max": 11.923171,
        "time_start": 114578768.0,
        "time_end": 141145680.0
      },
      "geometry": {
        "type": "Polygon",
        "coordinates": [
          [
            [11.903170585632324, 57.67718505859375],
            [11.923171043395996, 57.67718505859375],
            [11.923171043395996, 57.697181701660156],
            [11.903170585632324, 57.697181701660156],
            [11.903170585632324, 57.67718505859375]
          ]
        ]
      }
    },
    {
      "type": "Feature",
      "properties": {
        "query_id": 501,
        "query_type": "nearest",
        "lat_min": 55.952469,
        "lat_max": 55.972466,
        "lon_min": 11.81874,
        "lon_max": 11.83874,
        "time_start": 221845264.0,
        "time_end": 248412176.0
      },
      "geometry": {
        "type": "Polygon",
        "coordinates": [
          [
            [11.818739891052246, 55.95246887207031],
            [11.838740348815918, 55.95246887207031],
            [11.838740348815918, 55.97246551513672],
            [11.818739891052246, 55.97246551513672],
            [11.818739891052246, 55.95246887207031]
          ]
        ]
      }
    },
    {
      "type": "Feature",
      "properties": {
        "query_id": 502,
        "query_type": "range",
        "lat_min": 56.448597,
        "lat_max": 56.548557,
        "lon_min": 12.195716,
        "lon_max": 12.407125,
        "time_start": 56227036.0,
        "time_end": 65036188.0
      },
      "geometry": {
        "type": "Polygon",
        "coordinates": [
          [
            [12.19571590423584, 56.4485969543457],
            [12.407124519348145, 56.4485969543457],
            [12.407124519348145, 56.54855728149414],
            [12.19571590423584, 56.54855728149414],
            [12.19571590423584, 56.4485969543457]
          ]
        ]
      }
    },
    {
      "type": "Feature",
      "properties": {
        "query_id": 503,
        "query_type": "range",
        "lat_min": 56.758156,
        "lat_max": 56.787537,
        "lon_min": 7.695971,
        "lon_max": 7.758115,
        "time_start": 14089980.0,
        "time_end": 27601080.0
      },
      "geometry": {
        "type": "Polygon",
        "coordinates": [
          [
            [7.695971488952637, 56.758155822753906],
            [7.758114814758301, 56.758155822753906],
            [7.758114814758301, 56.78753662109375],
            [7.695971488952637, 56.78753662109375],
            [7.695971488952637, 56.758155822753906]
          ]
        ]
      }
    },
    {
      "type": "Feature",
      "properties": {
        "query_id": 504,
        "query_type": "nearest",
        "lat_min": 54.679073,
        "lat_max": 54.69907,
        "lon_min": 10.666832,
        "lon_max": 10.686832,
        "time_start": 20330644.0,
        "time_end": 46897556.0
      },
      "geometry": {
        "type": "Polygon",
        "coordinates": [
          [
            [10.666831970214844, 54.679073333740234],
            [10.686832427978516, 54.679073333740234],
            [10.686832427978516, 54.69906997680664],
            [10.666831970214844, 54.69906997680664],
            [10.666831970214844, 54.679073333740234]
          ]
        ]
      }
    },
    {
      "type": "Feature",
      "properties": {
        "query_id": 505,
        "query_type": "range",
        "lat_min": 57.045502,
        "lat_max": 57.156441,
        "lon_min": 11.566508,
        "lon_max": 11.801147,
        "time_start": 132456848.0,
        "time_end": 139199344.0
      },
      "geometry": {
        "type": "Polygon",
        "coordinates": [
          [
            [11.566508293151855, 57.045501708984375],
            [11.801146507263184, 57.045501708984375],
            [11.801146507263184, 57.15644073486328],
            [11.566508293151855, 57.15644073486328],
            [11.566508293151855, 57.045501708984375]
          ]
        ]
      }
    },
    {
      "type": "Feature",
      "properties": {
        "query_id": 506,
        "query_type": "aggregation",
        "lat_min": 54.291958,
        "lat_max": 54.325306,
        "lon_min": 15.01909,
        "lon_max": 15.112563,
        "time_start": 36473676.0,
        "time_end": 40611044.0
      },
      "geometry": {
        "type": "Polygon",
        "coordinates": [
          [
            [15.019089698791504, 54.29195785522461],
            [15.112563133239746, 54.29195785522461],
            [15.112563133239746, 54.3253059387207],
            [15.019089698791504, 54.3253059387207],
            [15.019089698791504, 54.29195785522461]
          ]
        ]
      }
    },
    {
      "type": "Feature",
      "properties": {
        "query_id": 507,
        "query_type": "intersection",
        "lat_min": 55.737907,
        "lat_max": 55.820496,
        "lon_min": 10.715243,
        "lon_max": 10.889922,
        "time_start": 65298336.0,
        "time_end": 75656384.0
      },
      "geometry": {
        "type": "Polygon",
        "coordinates": [
          [
            [10.715243339538574, 55.73790740966797],
            [10.889922142028809, 55.73790740966797],
            [10.889922142028809, 55.82049560546875],
            [10.715243339538574, 55.82049560546875],
            [10.715243339538574, 55.73790740966797]
          ]
        ]
      }
    },
    {
      "type": "Feature",
      "properties": {
        "query_id": 508,
        "query_type": "range",
        "lat_min": 56.774155,
        "lat_max": 56.794342,
        "lon_min": 7.229403,
        "lon_max": 7.272097,
        "time_start": 232955088.0,
        "time_end": 242860368.0
      },
      "geometry": {
        "type": "Polygon",
        "coordinates": [
          [
            [7.229403495788574, 56.77415466308594],
            [7.272096633911133, 56.77415466308594],
            [7.272096633911133, 56.794342041015625],
            [7.229403495788574, 56.794342041015625],
            [7.229403495788574, 56.77415466308594]
          ]
        ]
      }
    },
    {
      "type": "Feature",
      "properties": {
        "query_id": 509,
        "query_type": "intersection",
        "lat_min": 54.643345,
        "lat_max": 54.657848,
        "lon_min": 8.429309,
        "lon_max": 8.459977,
        "time_start": 121060656.0,
        "time_end": 144751904.0
      },
      "geometry": {
        "type": "Polygon",
        "coordinates": [
          [
            [8.429308891296387, 54.64334487915039],
            [8.459977149963379, 54.64334487915039],
            [8.459977149963379, 54.6578483581543],
            [8.429308891296387, 54.6578483581543],
            [8.429308891296387, 54.64334487915039]
          ]
        ]
      }
    },
    {
      "type": "Feature",
      "properties": {
        "query_id": 510,
        "query_type": "intersection",
        "lat_min": 55.20969,
        "lat_max": 55.249249,
        "lon_min": 12.989101,
        "lon_max": 13.072773,
        "time_start": 40704824.0,
        "time_end": 48013576.0
      },
      "geometry": {
        "type": "Polygon",
        "coordinates": [
          [
            [12.98910140991211, 55.20969009399414],
            [13.072772979736328, 55.20969009399414],
            [13.072772979736328, 55.24924850463867],
            [12.98910140991211, 55.24924850463867],
            [12.98910140991211, 55.20969009399414]
          ]
        ]
      }
    },
    {
      "type": "Feature",
      "properties": {
        "query_id": 511,
        "query_type": "intersection",
        "lat_min": 54.652142,
        "lat_max": 54.758152,
        "lon_min": 8.532522,
        "lon_max": 8.756731,
        "time_start": 53239724.0,
        "time_end": 67280208.0
      },
      "geometry": {
        "type": "Polygon",
        "coordinates": [
          [
            [8.532522201538086, 54.65214157104492],
            [8.756731033325195, 54.65214157104492],
            [8.756731033325195, 54.75815200805664],
            [8.532522201538086, 54.75815200805664],
            [8.532522201538086, 54.65214157104492]
          ]
        ]
      }
    },
    {
      "type": "Feature",
      "properties": {
        "query_id": 512,
        "query_type": "intersection",
        "lat_min": 55.863537,
        "lat_max": 55.952976,
        "lon_min": 12.651716,
        "lon_max": 12.840874,
        "time_start": 29354160.0,
        "time_end": 51142648.0
      },
      "geometry": {
        "type": "Polygon",
        "coordinates": [
          [
            [12.651716232299805, 55.8635368347168],
            [12.840873718261719, 55.8635368347168],
            [12.840873718261719, 55.95297622680664],
            [12.651716232299805, 55.95297622680664],
            [12.651716232299805, 55.8635368347168]
          ]
        ]
      }
    },
    {
      "type": "Feature",
      "properties": {
        "query_id": 513,
        "query_type": "range",
        "lat_min": 54.586201,
        "lat_max": 54.615932,
        "lon_min": 11.268176,
        "lon_max": 11.331058,
        "time_start": 17228688.0,
        "time_end": 41476536.0
      },
      "geometry": {
        "type": "Polygon",
        "coordinates": [
          [
            [11.268176078796387, 54.58620071411133],
            [11.33105754852295, 54.58620071411133],
            [11.33105754852295, 54.61593246459961],
            [11.268176078796387, 54.61593246459961],
            [11.268176078796387, 54.58620071411133]
          ]
        ]
      }
    },
    {
      "type": "Feature",
      "properties": {
        "query_id": 514,
        "query_type": "aggregation",
        "lat_min": 56.985157,
        "lat_max": 57.06831,
        "lon_min": 10.834311,
        "lon_max": 11.067385,
        "time_start": 209434960.0,
        "time_end": 229365360.0
      },
      "geometry": {
        "type": "Polygon",
        "coordinates": [
          [
            [10.834310531616211, 56.98515701293945],
            [11.067384719848633, 56.98515701293945],
            [11.067384719848633, 57.06830978393555],
            [10.834310531616211, 57.06830978393555],
            [10.834310531616211, 56.98515701293945]
          ]
        ]
      }
    },
    {
      "type": "Feature",
      "properties": {
        "query_id": 515,
        "query_type": "range",
        "lat_min": 55.646488,
        "lat_max": 55.705051,
        "lon_min": 12.572241,
        "lon_max": 12.696106,
        "time_start": 18467512.0,
        "time_end": 40063748.0
      },
      "geometry": {
        "type": "Polygon",
        "coordinates": [
          [
            [12.572240829467773, 55.646488189697266],
            [12.69610595703125, 55.646488189697266],
            [12.69610595703125, 55.70505142211914],
            [12.572240829467773, 55.70505142211914],
            [12.572240829467773, 55.646488189697266]
          ]
        ]
      }
    },
    {
      "type": "Feature",
      "properties": {
        "query_id": 516,
        "query_type": "intersection",
        "lat_min": 55.139511,
        "lat_max": 55.262222,
        "lon_min": 12.826121,
        "lon_max": 13.085649,
        "time_start": 24206004.0,
        "time_end": 34204656.0
      },
      "geometry": {
        "type": "Polygon",
        "coordinates": [
          [
            [12.82612133026123, 55.13951110839844],
            [13.085648536682129, 55.13951110839844],
            [13.085648536682129, 55.26222229003906],
            [12.82612133026123, 55.26222229003906],
            [12.82612133026123, 55.13951110839844]
          ]
        ]
      }
    },
    {
      "type": "Feature",
      "properties": {
        "query_id": 517,
        "query_type": "intersection",
        "lat_min": 57.298168,
        "lat_max": 57.362598,
        "lon_min": 11.606033,
        "lon_max": 11.742292,
        "time_start": 4177311.0,
        "time_end": 12019696.0
      },
      "geometry": {
        "type": "Polygon",
        "coordinates": [
          [
            [11.606033325195312, 57.29816818237305],
            [11.742292404174805, 57.29816818237305],
            [11.742292404174805, 57.36259841918945],
            [11.606033325195312, 57.36259841918945],
            [11.606033325195312, 57.29816818237305]
          ]
        ]
      }
    },
    {
      "type": "Feature",
      "properties": {
        "query_id": 518,
        "query_type": "intersection",
        "lat_min": 56.083839,
        "lat_max": 56.231163,
        "lon_min": 12.263208,
        "lon_max": 12.574791,
        "time_start": 65222556.0,
        "time_end": 80180168.0
      },
      "geometry": {
        "type": "Polygon",
        "coordinates": [
          [
            [12.263208389282227, 56.083839416503906],
            [12.574790954589844, 56.083839416503906],
            [12.574790954589844, 56.231163024902344],
            [12.263208389282227, 56.231163024902344],
            [12.263208389282227, 56.083839416503906]
          ]
        ]
      }
    },
    {
      "type": "Feature",
      "properties": {
        "query_id": 519,
        "query_type": "intersection",
        "lat_min": 54.395191,
        "lat_max": 54.515965,
        "lon_min": 11.261833,
        "lon_max": 11.517263,
        "time_start": 54098344.0,
        "time_end": 57228224.0
      },
      "geometry": {
        "type": "Polygon",
        "coordinates": [
          [
            [11.261833190917969, 54.39519119262695],
            [11.517263412475586, 54.39519119262695],
            [11.517263412475586, 54.51596450805664],
            [11.261833190917969, 54.51596450805664],
            [11.261833190917969, 54.39519119262695]
          ]
        ]
      }
    },
    {
      "type": "Feature",
      "properties": {
        "query_id": 520,
        "query_type": "aggregation",
        "lat_min": 54.720203,
        "lat_max": 54.756664,
        "lon_min": 9.25793,
        "lon_max": 9.360135,
        "time_start": 172680192.0,
        "time_end": 188770944.0
      },
      "geometry": {
        "type": "Polygon",
        "coordinates": [
          [
            [9.257929801940918, 54.7202033996582],
            [9.360135078430176, 54.7202033996582],
            [9.360135078430176, 54.75666427612305],
            [9.257929801940918, 54.75666427612305],
            [9.257929801940918, 54.7202033996582]
          ]
        ]
      }
    },
    {
      "type": "Feature",
      "properties": {
        "query_id": 521,
        "query_type": "intersection",
        "lat_min": 57.082546,
        "lat_max": 57.142483,
        "lon_min": 12.171677,
        "lon_max": 12.298439,
        "time_start": 136643072.0,
        "time_end": 147169856.0
      },
      "geometry": {
        "type": "Polygon",
        "coordinates": [
          [
            [12.171676635742188, 57.08254623413086],
            [12.298439025878906, 57.08254623413086],
            [12.298439025878906, 57.14248275756836],
            [12.171676635742188, 57.14248275756836],
            [12.171676635742188, 57.08254623413086]
          ]
        ]
      }
    },
    {
      "type": "Feature",
      "properties": {
        "query_id": 522,
        "query_type": "aggregation",
        "lat_min": 55.151951,
        "lat_max": 55.219547,
        "lon_min": 11.111149,
        "lon_max": 11.300627,
        "time_start": 163734832.0,
        "time_end": 167257904.0
      },
      "geometry": {
        "type": "Polygon",
        "coordinates": [
          [
            [11.111148834228516, 55.15195083618164],
            [11.300626754760742, 55.15195083618164],
            [11.300626754760742, 55.219547271728516],
            [11.111148834228516, 55.219547271728516],
            [11.111148834228516, 55.15195083618164]
          ]
        ]
      }
    },
    {
      "type": "Feature",
      "properties": {
        "query_id": 523,
        "query_type": "nearest",
        "lat_min": 55.334259,
        "lat_max": 55.354256,
        "lon_min": 13.181587,
        "lon_max": 13.201588,
        "time_start": 173359568.0,
        "time_end": 199926480.0
      },
      "geometry": {
        "type": "Polygon",
        "coordinates": [
          [
            [13.181587219238281, 55.334259033203125],
            [13.201587677001953, 55.334259033203125],
            [13.201587677001953, 55.35425567626953],
            [13.181587219238281, 55.35425567626953],
            [13.181587219238281, 55.334259033203125]
          ]
        ]
      }
    },
    {
      "type": "Feature",
      "properties": {
        "query_id": 524,
        "query_type": "nearest",
        "lat_min": 55.380344,
        "lat_max": 55.400341,
        "lon_min": 12.623186,
        "lon_max": 12.643187,
        "time_start": 251503920.0,
        "time_end": 278070816.0
      },
      "geometry": {
        "type": "Polygon",
        "coordinates": [
          [
            [12.623186111450195, 55.38034439086914],
            [12.643186569213867, 55.38034439086914],
            [12.643186569213867, 55.40034103393555],
            [12.623186111450195, 55.40034103393555],
            [12.623186111450195, 55.38034439086914]
          ]
        ]
      }
    },
    {
      "type": "Feature",
      "properties": {
        "query_id": 525,
        "query_type": "intersection",
        "lat_min": 55.948902,
        "lat_max": 55.990223,
        "lon_min": 11.231465,
        "lon_max": 11.318858,
        "time_start": 259673408.0,
        "time_end": 264130624.0
      },
      "geometry": {
        "type": "Polygon",
        "coordinates": [
          [
            [11.231465339660645, 55.94890213012695],
            [11.31885814666748, 55.94890213012695],
            [11.31885814666748, 55.9902229309082],
            [11.231465339660645, 55.9902229309082],
            [11.231465339660645, 55.94890213012695]
          ]
        ]
      }
    },
    {
      "type": "Feature",
      "properties": {
        "query_id": 526,
        "query_type": "intersection",
        "lat_min": 57.652321,
        "lat_max": 57.778145,
        "lon_min": 10.449927,
        "lon_max": 10.716037,
        "time_start": 91564496.0,
        "time_end": 103403040.0
      },
      "geometry": {
        "type": "Polygon",
        "coordinates": [
          [
            [10.44992733001709, 57.652320861816406],
            [10.716036796569824, 57.652320861816406],
            [10.716036796569824, 57.77814483642578],
            [10.44992733001709, 57.77814483642578],
            [10.44992733001709, 57.652320861816406]
          ]
        ]
      }
    },
    {
      "type": "Feature",
      "properties": {
        "query_id": 527,
        "query_type": "nearest",
        "lat_min": 57.958817,
        "lat_max": 57.978813,
        "lon_min": 9.793184,
        "lon_max": 9.813185,
        "time_start": 165515104.0,
        "time_end": 192082016.0
      },
      "geometry": {
        "type": "Polygon",
        "coordinates": [
          [
            [9.793184280395508, 57.95881652832031],
            [9.81318473815918, 57.95881652832031],
            [9.81318473815918, 57.97881317138672],
            [9.793184280395508, 57.97881317138672],
            [9.793184280395508, 57.95881652832031]
          ]
        ]
      }
    },
    {
      "type": "Feature",
      "properties": {
        "query_id": 528,
        "query_type": "nearest",
        "lat_min": 57.241245,
        "lat_max": 57.261242,
        "lon_min": 8.211489,
        "lon_max": 8.231489,
        "time_start": 12258185.0,
        "time_end": 38825096.0
      },
      "geometry": {
        "type": "Polygon",
        "coordinates": [
          [
            [8.211488723754883, 57.24124526977539],
            [8.231489181518555, 57.24124526977539],
            [8.231489181518555, 57.2612419128418],
            [8.211488723754883, 57.2612419128418],
            [8.211488723754883, 57.24124526977539]
          ]
        ]
      }
    },
    {
      "type": "Feature",
      "properties": {
        "query_id": 529,
        "query_type": "nearest",
        "lat_min": 57.637398,
        "lat_max": 57.657394,
        "lon_min": 10.764864,
        "lon_max": 10.784864,
        "time_start": 147720784.0,
        "time_end": 174287696.0
      },
      "geometry": {
        "type": "Polygon",
        "coordinates": [
          [
            [10.764863967895508, 57.63739776611328],
            [10.78486442565918, 57.63739776611328],
            [10.78486442565918, 57.65739440917969],
            [10.764863967895508, 57.65739440917969],
            [10.764863967895508, 57.63739776611328]
          ]
        ]
      }
    },
    {
      "type": "Feature",
      "properties": {
        "query_id": 530,
        "query_type": "aggregation",
        "lat_min": 55.008354,
        "lat_max": 55.113815,
        "lon_min": 14.480327,
        "lon_max": 14.775937,
        "time_start": 251086992.0,
        "time_end": 265669088.0
      },
      "geometry": {
        "type": "Polygon",
        "coordinates": [
          [
            [14.480326652526855, 55.00835418701172],
            [14.7759370803833, 55.00835418701172],
            [14.7759370803833, 55.11381530761719],
            [14.480326652526855, 55.11381530761719],
            [14.480326652526855, 55.00835418701172]
          ]
        ]
      }
    },
    {
      "type": "Feature",
      "properties": {
        "query_id": 531,
        "query_type": "range",
        "lat_min": 55.210175,
        "lat_max": 55.322227,
        "lon_min": 5.488391,
        "lon_max": 5.725379,
        "time_start": 194218688.0,
        "time_end": 197636032.0
      },
      "geometry": {
        "type": "Polygon",
        "coordinates": [
          [
            [5.488391399383545, 55.210174560546875],
            [5.725378513336182, 55.210174560546875],
            [5.725378513336182, 55.322227478027344],
            [5.488391399383545, 55.322227478027344],
            [5.488391399383545, 55.210174560546875]
          ]
        ]
      }
    },
    {
      "type": "Feature",
      "properties": {
        "query_id": 532,
        "query_type": "range",
        "lat_min": 54.656303,
        "lat_max": 54.699684,
        "lon_min": 12.639917,
        "lon_max": 12.731668,
        "time_start": 135756640.0,
        "time_end": 159354720.0
      },
      "geometry": {
        "type": "Polygon",
        "coordinates": [
          [
            [12.639917373657227, 54.65630340576172],
            [12.731668472290039, 54.65630340576172],
            [12.731668472290039, 54.699684143066406],
            [12.639917373657227, 54.699684143066406],
            [12.639917373657227, 54.65630340576172]
          ]
        ]
      }
    },
    {
      "type": "Feature",
      "properties": {
        "query_id": 533,
        "query_type": "intersection",
        "lat_min": 55.434193,
        "lat_max": 55.485912,
        "lon_min": 14.630731,
        "lon_max": 14.740109,
        "time_start": 188875904.0,
        "time_end": 195385312.0
      },
      "geometry": {
        "type": "Polygon",
        "coordinates": [
          [
            [14.630730628967285, 55.4341926574707],
            [14.74010944366455, 55.4341926574707],
            [14.74010944366455, 55.48591232299805],
            [14.630730628967285, 55.48591232299805],
            [14.630730628967285, 55.4341926574707]
          ]
        ]
      }
    },
    {
      "type": "Feature",
      "properties": {
        "query_id": 534,
        "query_type": "range",
        "lat_min": 56.553574,
        "lat_max": 56.70153,
        "lon_min": 6.927347,
        "lon_max": 7.240273,
        "time_start": 131395552.0,
        "time_end": 138944480.0
      },
      "geometry": {
        "type": "Polygon",
        "coordinates": [
          [
            [6.927347183227539, 56.55357360839844],
            [7.240272521972656, 56.55357360839844],
            [7.240272521972656, 56.70153045654297],
            [6.927347183227539, 56.70153045654297],
            [6.927347183227539, 56.55357360839844]
          ]
        ]
      }
    },
    {
      "type": "Feature",
      "properties": {
        "query_id": 535,
        "query_type": "range",
        "lat_min": 56.002438,
        "lat_max": 56.018627,
        "lon_min": 4.467045,
        "lon_max": 4.501286,
        "time_start": 50175452.0,
        "time_end": 68374048.0
      },
      "geometry": {
        "type": "Polygon",
        "coordinates": [
          [
            [4.467044830322266, 56.002437591552734],
            [4.501285552978516, 56.002437591552734],
            [4.501285552978516, 56.01862716674805],
            [4.467044830322266, 56.01862716674805],
            [4.467044830322266, 56.002437591552734]
          ]
        ]
      }
    },
    {
      "type": "Feature",
      "properties": {
        "query_id": 536,
        "query_type": "aggregation",
        "lat_min": 57.362289,
        "lat_max": 57.45327,
        "lon_min": 11.068647,
        "lon_max": 11.323664,
        "time_start": 234748192.0,
        "time_end": 238364320.0
      },
      "geometry": {
        "type": "Polygon",
        "coordinates": [
          [
            [11.068647384643555, 57.36228942871094],
            [11.323663711547852, 57.36228942871094],
            [11.323663711547852, 57.453269958496094],
            [11.068647384643555, 57.453269958496094],
            [11.068647384643555, 57.36228942871094]
          ]
        ]
      }
    },
    {
      "type": "Feature",
      "properties": {
        "query_id": 537,
        "query_type": "range",
        "lat_min": 57.556683,
        "lat_max": 57.59486,
        "lon_min": 11.756414,
        "lon_max": 11.837166,
        "time_start": 12165875.0,
        "time_end": 30199128.0
      },
      "geometry": {
        "type": "Polygon",
        "coordinates": [
          [
            [11.756414413452148, 57.55668258666992],
            [11.837165832519531, 57.55668258666992],
            [11.837165832519531, 57.5948600769043],
            [11.756414413452148, 57.5948600769043],
            [11.756414413452148, 57.55668258666992]
          ]
        ]
      }
    },
    {
      "type": "Feature",
      "properties": {
        "query_id": 538,
        "query_type": "intersection",
        "lat_min": 55.499355,
        "lat_max": 55.60918,
        "lon_min": 14.871144,
        "lon_max": 15.103421,
        "time_start": 218216928.0,
        "time_end": 241934496.0
      },
      "geometry": {
        "type": "Polygon",
        "coordinates": [
          [
            [14.87114429473877, 55.49935531616211],
            [15.103421211242676, 55.49935531616211],
            [15.103421211242676, 55.60918045043945],
            [14.87114429473877, 55.60918045043945],
            [14.87114429473877, 55.49935531616211]
          ]
        ]
      }
    },
    {
      "type": "Feature",
      "properties": {
        "query_id": 539,
        "query_type": "intersection",
        "lat_min": 57.052658,
        "lat_max": 57.192268,
        "lon_min": 8.452843,
        "lon_max": 8.748108,
        "time_start": 216658128.0,
        "time_end": 224892208.0
      },
      "geometry": {
        "type": "Polygon",
        "coordinates": [
          [
            [8.452842712402344, 57.05265808105469],
            [8.74810791015625, 57.05265808105469],
            [8.74810791015625, 57.19226837158203],
            [8.452842712402344, 57.19226837158203],
            [8.452842712402344, 57.05265808105469]
          ]
        ]
      }
    },
    {
      "type": "Feature",
      "properties": {
        "query_id": 540,
        "query_type": "range",
        "lat_min": 54.752045,
        "lat_max": 54.794861,
        "lon_min": 15.995899,
        "lon_max": 16.086456,
        "time_start": 175327568.0,
        "time_end": 183358960.0
      },
      "geometry": {
        "type": "Polygon",
        "coordinates": [
          [
            [15.995899200439453, 54.752044677734375],
            [16.086456298828125, 54.752044677734375],
            [16.086456298828125, 54.79486083984375],
            [15.995899200439453, 54.79486083984375],
            [15.995899200439453, 54.752044677734375]
          ]
        ]
      }
    },
    {
      "type": "Feature",
      "properties": {
        "query_id": 541,
        "query_type": "intersection",
        "lat_min": 55.485874,
        "lat_max": 55.571789,
        "lon_min": 14.75831,
        "lon_max": 14.940023,
        "time_start": 71120440.0,
        "time_end": 87962664.0
      },
      "geometry": {
        "type": "Polygon",
        "coordinates": [
          [
            [14.758310317993164, 55.48587417602539],
            [14.940023422241211, 55.48587417602539],
            [14.940023422241211, 55.5717887878418],
            [14.758310317993164, 55.5717887878418],
            [14.758310317993164, 55.48587417602539]
          ]
        ]
      }
    },
    {
      "type": "Feature",
      "properties": {
        "query_id": 542,
        "query_type": "nearest",
        "lat_min": 56.010509,
        "lat_max": 56.030506,
        "lon_min": 12.627946,
        "lon_max": 12.647946,
        "time_start": 93945840.0,
        "time_end": 120512752.0
      },
      "geometry": {
        "type": "Polygon",
        "coordinates": [
          [
            [12.627945899963379, 56.0105094909668],
            [12.64794635772705, 56.0105094909668],
            [12.64794635772705, 56.0305061340332],
            [12.627945899963379, 56.0305061340332],
            [12.627945899963379, 56.0105094909668]
          ]
        ]
      }
    },
    {
      "type": "Feature",
      "properties": {
        "query_id": 543,
        "query_type": "range",
        "lat_min": 54.489872,
        "lat_max": 54.582119,
        "lon_min": 12.222124,
        "lon_max": 12.417219,
        "time_start": 187097920.0,
        "time_end": 190390496.0
      },
      "geometry": {
        "type": "Polygon",
        "coordinates": [
          [
            [12.222124099731445, 54.489871978759766],
            [12.417219161987305, 54.489871978759766],
            [12.417219161987305, 54.58211898803711],
            [12.222124099731445, 54.58211898803711],
            [12.222124099731445, 54.489871978759766]
          ]
        ]
      }
    },
    {
      "type": "Feature",
      "properties": {
        "query_id": 544,
        "query_type": "range",
        "lat_min": 54.494064,
        "lat_max": 54.579735,
        "lon_min": 11.188227,
        "lon_max": 11.369417,
        "time_start": 229891936.0,
        "time_end": 244981664.0
      },
      "geometry": {
        "type": "Polygon",
        "coordinates": [
          [
            [11.188226699829102, 54.49406433105469],
            [11.369417190551758, 54.49406433105469],
            [11.369417190551758, 54.579734802246094],
            [11.188226699829102, 54.579734802246094],
            [11.188226699829102, 54.49406433105469]
          ]
        ]
      }
    },
    {
      "type": "Feature",
      "properties": {
        "query_id": 545,
        "query_type": "range",
        "lat_min": 55.228386,
        "lat_max": 55.270035,
        "lon_min": 12.806918,
        "lon_max": 12.895011,
        "time_start": 245240352.0,
        "time_end": 261621888.0
      },
      "geometry": {
        "type": "Polygon",
        "coordinates": [
          [
            [12.806918144226074, 55.22838592529297],
            [12.895010948181152, 55.22838592529297],
            [12.895010948181152, 55.27003479003906],
            [12.806918144226074, 55.27003479003906],
            [12.806918144226074, 55.22838592529297]
          ]
        ]
      }
    },
    {
      "type": "Feature",
      "properties": {
        "query_id": 546,
        "query_type": "intersection",
        "lat_min": 57.708282,
        "lat_max": 57.78817,
        "lon_min": 10.040145,
        "lon_max": 10.209109,
        "time_start": 9239534.0,
        "time_end": 18835010.0
      },
      "geometry": {
        "type": "Polygon",
        "coordinates": [
          [
            [10.040144920349121, 57.708282470703125],
            [10.20910930633545, 57.708282470703125],
            [10.20910930633545, 57.788169860839844],
            [10.040144920349121, 57.788169860839844],
            [10.040144920349121, 57.708282470703125]
          ]
        ]
      }
    },
    {
      "type": "Feature",
      "properties": {
        "query_id": 547,
        "query_type": "intersection",
        "lat_min": 54.401402,
        "lat_max": 54.451725,
        "lon_min": 8.786794,
        "lon_max": 8.893229,
        "time_start": 235959600.0,
        "time_end": 238752080.0
      },
      "geometry": {
        "type": "Polygon",
        "coordinates": [
          [
            [8.78679370880127, 54.40140151977539],
            [8.893229484558105, 54.40140151977539],
            [8.893229484558105, 54.451725006103516],
            [8.78679370880127, 54.451725006103516],
            [8.78679370880127, 54.40140151977539]
          ]
        ]
      }
    },
    {
      "type": "Feature",
      "properties": {
        "query_id": 548,
        "query_type": "range",
        "lat_min": 54.696083,
        "lat_max": 54.806129,
        "lon_min": 10.556475,
        "lon_max": 10.789219,
        "time_start": 36772872.0,
        "time_end": 46794272.0
      },
      "geometry": {
        "type": "Polygon",
        "coordinates": [
          [
            [10.556474685668945, 54.696083068847656],
            [10.78921890258789, 54.696083068847656],
            [10.78921890258789, 54.806129455566406],
            [10.556474685668945, 54.806129455566406],
            [10.556474685668945, 54.696083068847656]
          ]
        ]
      }
    },
    {
      "type": "Feature",
      "properties": {
        "query_id": 549,
        "query_type": "nearest",
        "lat_min": 57.368801,
        "lat_max": 57.388798,
        "lon_min": 11.513047,
        "lon_max": 11.533048,
        "time_start": 136962784.0,
        "time_end": 163529696.0
      },
      "geometry": {
        "type": "Polygon",
        "coordinates": [
          [
            [11.513047218322754, 57.36880111694336],
            [11.533047676086426, 57.36880111694336],
            [11.533047676086426, 57.388797760009766],
            [11.513047218322754, 57.388797760009766],
            [11.513047218322754, 57.36880111694336]
          ]
        ]
      }
    },
    {
      "type": "Feature",
      "properties": {
        "query_id": 550,
        "query_type": "nearest",
        "lat_min": 56.808453,
        "lat_max": 56.828449,
        "lon_min": 11.997115,
        "lon_max": 12.017116,
        "time_start": 29055604.0,
        "time_end": 55622516.0
      },
      "geometry": {
        "type": "Polygon",
        "coordinates": [
          [
            [11.997115135192871, 56.80845260620117],
            [12.017115592956543, 56.80845260620117],
            [12.017115592956543, 56.82844924926758],
            [11.997115135192871, 56.82844924926758],
            [11.997115135192871, 56.80845260620117]
          ]
        ]
      }
    },
    {
      "type": "Feature",
      "properties": {
        "query_id": 551,
        "query_type": "range",
        "lat_min": 56.194954,
        "lat_max": 56.247345,
        "lon_min": 7.350169,
        "lon_max": 7.460966,
        "time_start": 152349728.0,
        "time_end": 160526336.0
      },
      "geometry": {
        "type": "Polygon",
        "coordinates": [
          [
            [7.350168704986572, 56.19495391845703],
            [7.460965633392334, 56.19495391845703],
            [7.460965633392334, 56.247344970703125],
            [7.350168704986572, 56.247344970703125],
            [7.350168704986572, 56.19495391845703]
          ]
        ]
      }
    },
    {
      "type": "Feature",
      "properties": {
        "query_id": 552,
        "query_type": "range",
        "lat_min": 55.210133,
        "lat_max": 55.275066,
        "lon_min": 12.955153,
        "lon_max": 13.092481,
        "time_start": 171184048.0,
        "time_end": 190401872.0
      },
      "geometry": {
        "type": "Polygon",
        "coordinates": [
          [
            [12.955153465270996, 55.21013259887695],
            [13.092480659484863, 55.21013259887695],
            [13.092480659484863, 55.27506637573242],
            [12.955153465270996, 55.27506637573242],
            [12.955153465270996, 55.21013259887695]
          ]
        ]
      }
    },
    {
      "type": "Feature",
      "properties": {
        "query_id": 553,
        "query_type": "intersection",
        "lat_min": 55.74231,
        "lat_max": 55.882103,
        "lon_min": 10.657293,
        "lon_max": 10.952942,
        "time_start": 81543576.0,
        "time_end": 85241736.0
      },
      "geometry": {
        "type": "Polygon",
        "coordinates": [
          [
            [10.657293319702148, 55.7423095703125],
            [10.95294189453125, 55.7423095703125],
            [10.95294189453125, 55.882102966308594],
            [10.657293319702148, 55.882102966308594],
            [10.657293319702148, 55.7423095703125]
          ]
        ]
      }
    },
    {
      "type": "Feature",
      "properties": {
        "query_id": 554,
        "query_type": "intersection",
        "lat_min": 55.142624,
        "lat_max": 55.224052,
        "lon_min": 15.375366,
        "lon_max": 15.547585,
        "time_start": 146670304.0,
        "time_end": 164266336.0
      },
      "geometry": {
        "type": "Polygon",
        "coordinates": [
          [
            [15.3753662109375, 55.14262390136719],
            [15.547584533691406, 55.14262390136719],
            [15.547584533691406, 55.22405242919922],
            [15.3753662109375, 55.22405242919922],
            [15.3753662109375, 55.14262390136719]
          ]
        ]
      }
    },
    {
      "type": "Feature",
      "properties": {
        "query_id": 555,
        "query_type": "range",
        "lat_min": 54.867859,
        "lat_max": 54.941887,
        "lon_min": 13.201823,
        "lon_max": 13.358394,
        "time_start": 184860416.0,
        "time_end": 194868064.0
      },
      "geometry": {
        "type": "Polygon",
        "coordinates": [
          [
            [13.201823234558105, 54.86785888671875],
            [13.358393669128418, 54.86785888671875],
            [13.358393669128418, 54.94188690185547],
            [13.201823234558105, 54.94188690185547],
            [13.201823234558105, 54.86785888671875]
          ]
        ]
      }
    },
    {
      "type": "Feature",
      "properties": {
        "query_id": 556,
        "query_type": "range",
        "lat_min": 56.359447,
        "lat_max": 56.42429,
        "lon_min": 12.266181,
        "lon_max": 12.403319,
        "time_start": 112203968.0,
        "time_end": 134517616.0
      },
      "geometry": {
        "type": "Polygon",
        "coordinates": [
          [
            [12.266180992126465, 56.35944747924805],
            [12.403319358825684, 56.35944747924805],
            [12.403319358825684, 56.42428970336914],
            [12.266180992126465, 56.42428970336914],
            [12.266180992126465, 56.35944747924805]
          ]
        ]
      }
    },
    {
      "type": "Feature",
      "properties": {
        "query_id": 557,
        "query_type": "nearest",
        "lat_min": 56.14006,
        "lat_max": 56.160057,
        "lon_min": 11.294613,
        "lon_max": 11.314613,
        "time_start": 15569585.0,
        "time_end": 42136496.0
      },
      "geometry": {
        "type": "Polygon",
        "coordinates": [
          [
            [11.294612884521484, 56.14006042480469],
            [11.314613342285156, 56.14006042480469],
            [11.314613342285156, 56.160057067871094],
            [11.294612884521484, 56.160057067871094],
            [11.294612884521484, 56.14006042480469]
          ]
        ]
      }
    },
    {
      "type": "Feature",
      "properties": {
        "query_id": 558,
        "query_type": "aggregation",
        "lat_min": 54.850491,
        "lat_max": 54.88303,
        "lon_min": 7.577259,
        "lon_max": 7.668468,
        "time_start": 145936848.0,
        "time_end": 152374640.0
      },
      "geometry": {
        "type": "Polygon",
        "coordinates": [
          [
            [7.577258586883545, 54.85049057006836],
            [7.668467998504639, 54.85049057006836],
            [7.668467998504639, 54.88302993774414],
            [7.577258586883545, 54.88302993774414],
            [7.577258586883545, 54.85049057006836]
          ]
        ]
      }
    },
    {
      "type": "Feature",
      "properties": {
        "query_id": 559,
        "query_type": "intersection",
        "lat_min": 55.082844,
        "lat_max": 55.199947,
        "lon_min": 10.863549,
        "lon_max": 11.111217,
        "time_start": 148641056.0,
        "time_end": 163053344.0
      },
      "geometry": {
        "type": "Polygon",
        "coordinates": [
          [
            [10.86354923248291, 55.08284378051758],
            [11.11121654510498, 55.08284378051758],
            [11.11121654510498, 55.199947357177734],
            [10.86354923248291, 55.199947357177734],
            [10.86354923248291, 55.08284378051758]
          ]
        ]
      }
    },
    {
      "type": "Feature",
      "properties": {
        "query_id": 560,
        "query_type": "nearest",
        "lat_min": 57.261703,
        "lat_max": 57.2817,
        "lon_min": 8.418114,
        "lon_max": 8.438114,
        "time_start": 211922400.0,
        "time_end": 238489312.0
      },
      "geometry": {
        "type": "Polygon",
        "coordinates": [
          [
            [8.418113708496094, 57.26170349121094],
            [8.438114166259766, 57.26170349121094],
            [8.438114166259766, 57.281700134277344],
            [8.418113708496094, 57.281700134277344],
            [8.418113708496094, 57.26170349121094]
          ]
        ]
      }
    },
    {
      "type": "Feature",
      "properties": {
        "query_id": 561,
        "query_type": "range",
        "lat_min": 57.778595,
        "lat_max": 57.904472,
        "lon_min": 10.512518,
        "lon_max": 10.778746,
        "time_start": 0.0,
        "time_end": 19078246.0
      },
      "geometry": {
        "type": "Polygon",
        "coordinates": [
          [
            [10.512517929077148, 57.778594970703125],
            [10.778745651245117, 57.778594970703125],
            [10.778745651245117, 57.90447235107422],
            [10.512517929077148, 57.90447235107422],
            [10.512517929077148, 57.778594970703125]
          ]
        ]
      }
    },
    {
      "type": "Feature",
      "properties": {
        "query_id": 562,
        "query_type": "intersection",
        "lat_min": 58.024662,
        "lat_max": 58.071995,
        "lon_min": 10.675807,
        "lon_max": 10.775907,
        "time_start": 119670344.0,
        "time_end": 133201096.0
      },
      "geometry": {
        "type": "Polygon",
        "coordinates": [
          [
            [10.675806999206543, 58.024662017822266],
            [10.775906562805176, 58.024662017822266],
            [10.775906562805176, 58.07199478149414],
            [10.675806999206543, 58.07199478149414],
            [10.675806999206543, 58.024662017822266]
          ]
        ]
      }
    },
    {
      "type": "Feature",
      "properties": {
        "query_id": 563,
        "query_type": "range",
        "lat_min": 57.532253,
        "lat_max": 57.65321,
        "lon_min": 9.837178,
        "lon_max": 10.092992,
        "time_start": 43861672.0,
        "time_end": 64413184.0
      },
      "geometry": {
        "type": "Polygon",
        "coordinates": [
          [
            [9.837178230285645, 57.53225326538086],
            [10.092991828918457, 57.53225326538086],
            [10.092991828918457, 57.6532096862793],
            [9.837178230285645, 57.6532096862793],
            [9.837178230285645, 57.53225326538086]
          ]
        ]
      }
    },
    {
      "type": "Feature",
      "properties": {
        "query_id": 564,
        "query_type": "nearest",
        "lat_min": 55.966515,
        "lat_max": 55.986511,
        "lon_min": 15.330553,
        "lon_max": 15.350554,
        "time_start": 248109792.0,
        "time_end": 274676704.0
      },
      "geometry": {
        "type": "Polygon",
        "coordinates": [
          [
            [15.33055305480957, 55.966514587402344],
            [15.350553512573242, 55.966514587402344],
            [15.350553512573242, 55.98651123046875],
            [15.33055305480957, 55.98651123046875],
            [15.33055305480957, 55.966514587402344]
          ]
        ]
      }
    },
    {
      "type": "Feature",
      "properties": {
        "query_id": 565,
        "query_type": "intersection",
        "lat_min": 54.385487,
        "lat_max": 54.438351,
        "lon_min": 11.845609,
        "lon_max": 11.957416,
        "time_start": 179344016.0,
        "time_end": 188702416.0
      },
      "geometry": {
        "type": "Polygon",
        "coordinates": [
          [
            [11.845608711242676, 54.3854866027832],
            [11.957415580749512, 54.3854866027832],
            [11.957415580749512, 54.438350677490234],
            [11.845608711242676, 54.438350677490234],
            [11.845608711242676, 54.3854866027832]
          ]
        ]
      }
    },
    {
      "type": "Feature",
      "properties": {
        "query_id": 566,
        "query_type": "nearest",
        "lat_min": 57.608543,
        "lat_max": 57.62854,
        "lon_min": 9.122618,
        "lon_max": 9.142618,
        "time_start": 212116800.0,
        "time_end": 238683712.0
      },
      "geometry": {
        "type": "Polygon",
        "coordinates": [
          [
            [9.122617721557617, 57.608543395996094],
            [9.142618179321289, 57.608543395996094],
            [9.142618179321289, 57.6285400390625],
            [9.122617721557617, 57.6285400390625],
            [9.122617721557617, 57.608543395996094]
          ]
        ]
      }
    },
    {
      "type": "Feature",
      "properties": {
        "query_id": 567,
        "query_type": "range",
        "lat_min": 54.885742,
        "lat_max": 54.947296,
        "lon_min": 13.891253,
        "lon_max": 14.021436,
        "time_start": 227928976.0,
        "time_end": 230958768.0
      },
      "geometry": {
        "type": "Polygon",
        "coordinates": [
          [
            [13.891253471374512, 54.8857421875],
            [14.021435737609863, 54.8857421875],
            [14.021435737609863, 54.947296142578125],
            [13.891253471374512, 54.947296142578125],
            [13.891253471374512, 54.8857421875]
          ]
        ]
      }
    },
    {
      "type": "Feature",
      "properties": {
        "query_id": 568,
        "query_type": "nearest",
        "lat_min": 54.851437,
        "lat_max": 54.871433,
        "lon_min": 15.799284,
        "lon_max": 15.819284,
        "time_start": 155749984.0,
        "time_end": 182316896.0
      },
      "geometry": {
        "type": "Polygon",
        "coordinates": [
          [
            [15.799283981323242, 54.851436614990234],
            [15.819284439086914, 54.851436614990234],
            [15.819284439086914, 54.87143325805664],
            [15.799283981323242, 54.87143325805664],
            [15.799283981323242, 54.851436614990234]
          ]
        ]
      }
    },
    {
      "type": "Feature",
      "properties": {
        "query_id": 569,
        "query_type": "aggregation",
        "lat_min": 55.296478,
        "lat_max": 55.36525,
        "lon_min": 9.449368,
        "lon_max": 9.642124,
        "time_start": 179181888.0,
        "time_end": 189832288.0
      },
      "geometry": {
        "type": "Polygon",
        "coordinates": [
          [
            [9.44936752319336, 55.296478271484375],
            [9.64212417602539, 55.296478271484375],
            [9.64212417602539, 55.36524963378906],
            [9.44936752319336, 55.36524963378906],
            [9.44936752319336, 55.296478271484375]
          ]
        ]
      }
    },
    {
      "type": "Feature",
      "properties": {
        "query_id": 570,
        "query_type": "nearest",
        "lat_min": 57.750362,
        "lat_max": 57.770359,
        "lon_min": 10.044296,
        "lon_max": 10.064297,
        "time_start": 238697168.0,
        "time_end": 265264080.0
      },
      "geometry": {
        "type": "Polygon",
        "coordinates": [
          [
            [10.044296264648438, 57.750362396240234],
            [10.06429672241211, 57.750362396240234],
            [10.06429672241211, 57.77035903930664],
            [10.044296264648438, 57.77035903930664],
            [10.044296264648438, 57.750362396240234]
          ]
        ]
      }
    },
    {
      "type": "Feature",
      "properties": {
        "query_id": 571,
        "query_type": "aggregation",
        "lat_min": 55.805847,
        "lat_max": 55.885246,
        "lon_min": 14.947666,
        "lon_max": 15.170221,
        "time_start": 192564144.0,
        "time_end": 199024528.0
      },
      "geometry": {
        "type": "Polygon",
        "coordinates": [
          [
            [14.94766616821289, 55.80584716796875],
            [15.170221328735352, 55.80584716796875],
            [15.170221328735352, 55.88524627685547],
            [14.94766616821289, 55.88524627685547],
            [14.94766616821289, 55.80584716796875]
          ]
        ]
      }
    },
    {
      "type": "Feature",
      "properties": {
        "query_id": 572,
        "query_type": "range",
        "lat_min": 54.914608,
        "lat_max": 55.017391,
        "lon_min": 13.775311,
        "lon_max": 13.992688,
        "time_start": 141270368.0,
        "time_end": 153527648.0
      },
      "geometry": {
        "type": "Polygon",
        "coordinates": [
          [
            [13.775311470031738, 54.914608001708984],
            [13.992688179016113, 54.914608001708984],
            [13.992688179016113, 55.017391204833984],
            [13.775311470031738, 55.017391204833984],
            [13.775311470031738, 54.914608001708984]
          ]
        ]
      }
    },
    {
      "type": "Feature",
      "properties": {
        "query_id": 573,
        "query_type": "nearest",
        "lat_min": 57.070202,
        "lat_max": 57.090199,
        "lon_min": 8.643129,
        "lon_max": 8.66313,
        "time_start": 217051328.0,
        "time_end": 243618240.0
      },
      "geometry": {
        "type": "Polygon",
        "coordinates": [
          [
            [8.643129348754883, 57.0702018737793],
            [8.663129806518555, 57.0702018737793],
            [8.663129806518555, 57.0901985168457],
            [8.643129348754883, 57.0901985168457],
            [8.643129348754883, 57.0702018737793]
          ]
        ]
      }
    },
    {
      "type": "Feature",
      "properties": {
        "query_id": 574,
        "query_type": "aggregation",
        "lat_min": 56.280025,
        "lat_max": 56.374439,
        "lon_min": 12.017716,
        "lon_max": 12.282359,
        "time_start": 213271184.0,
        "time_end": 216366288.0
      },
      "geometry": {
        "type": "Polygon",
        "coordinates": [
          [
            [12.017716407775879, 56.280025482177734],
            [12.28235912322998, 56.280025482177734],
            [12.28235912322998, 56.37443923950195],
            [12.017716407775879, 56.37443923950195],
            [12.017716407775879, 56.280025482177734]
          ]
        ]
      }
    },
    {
      "type": "Feature",
      "properties": {
        "query_id": 575,
        "query_type": "aggregation",
        "lat_min": 55.157101,
        "lat_max": 55.256718,
        "lon_min": 5.119098,
        "lon_max": 5.385056,
        "time_start": 110576368.0,
        "time_end": 123131952.0
      },
      "geometry": {
        "type": "Polygon",
        "coordinates": [
          [
            [5.119097709655762, 55.157100677490234],
            [5.385056018829346, 55.157100677490234],
            [5.385056018829346, 55.256717681884766],
            [5.119097709655762, 55.256717681884766],
            [5.119097709655762, 55.157100677490234]
          ]
        ]
      }
    },
    {
      "type": "Feature",
      "properties": {
        "query_id": 576,
        "query_type": "nearest",
        "lat_min": 55.402645,
        "lat_max": 55.422642,
        "lon_min": 14.553806,
        "lon_max": 14.573807,
        "time_start": 131596560.0,
        "time_end": 158163472.0
      },
      "geometry": {
        "type": "Polygon",
        "coordinates": [
          [
            [14.55380630493164, 55.402645111083984],
            [14.573806762695312, 55.402645111083984],
            [14.573806762695312, 55.42264175415039],
            [14.55380630493164, 55.42264175415039],
            [14.55380630493164, 55.402645111083984]
          ]
        ]
      }
    },
    {
      "type": "Feature",
      "properties": {
        "query_id": 577,
        "query_type": "intersection",
        "lat_min": 54.396137,
        "lat_max": 54.464336,
        "lon_min": 11.98657,
        "lon_max": 12.130806,
        "time_start": 48243108.0,
        "time_end": 65637316.0
      },
      "geometry": {
        "type": "Polygon",
        "coordinates": [
          [
            [11.986570358276367, 54.39613723754883],
            [12.130805969238281, 54.39613723754883],
            [12.130805969238281, 54.46433639526367],
            [11.986570358276367, 54.46433639526367],
            [11.986570358276367, 54.39613723754883]
          ]
        ]
      }
    },
    {
      "type": "Feature",
      "properties": {
        "query_id": 578,
        "query_type": "intersection",
        "lat_min": 55.158466,
        "lat_max": 55.222622,
        "lon_min": 14.195861,
        "lon_max": 14.331553,
        "time_start": 212368448.0,
        "time_end": 222297792.0
      },
      "geometry": {
        "type": "Polygon",
        "coordinates": [
          [
            [14.195860862731934, 55.15846633911133],
            [14.33155345916748, 55.15846633911133],
            [14.33155345916748, 55.22262191772461],
            [14.195860862731934, 55.22262191772461],
            [14.195860862731934, 55.15846633911133]
          ]
        ]
      }
    },
    {
      "type": "Feature",
      "properties": {
        "query_id": 579,
        "query_type": "nearest",
        "lat_min": 54.828674,
        "lat_max": 54.848671,
        "lon_min": 10.817632,
        "lon_max": 10.837632,
        "time_start": 208189920.0,
        "time_end": 234756832.0
      },
      "geometry": {
        "type": "Polygon",
        "coordinates": [
          [
            [10.817631721496582, 54.82867431640625],
            [10.837632179260254, 54.82867431640625],
            [10.837632179260254, 54.848670959472656],
            [10.817631721496582, 54.848670959472656],
            [10.817631721496582, 54.82867431640625]
          ]
        ]
      }
    },
    {
      "type": "Feature",
      "properties": {
        "query_id": 580,
        "query_type": "nearest",
        "lat_min": 56.141823,
        "lat_max": 56.161819,
        "lon_min": 11.804104,
        "lon_max": 11.824104,
        "time_start": 60899760.0,
        "time_end": 87466672.0
      },
      "geometry": {
        "type": "Polygon",
        "coordinates": [
          [
            [11.80410385131836, 56.141822814941406],
            [11.824104309082031, 56.141822814941406],
            [11.824104309082031, 56.16181945800781],
            [11.80410385131836, 56.16181945800781],
            [11.80410385131836, 56.141822814941406]
          ]
        ]
      }
    },
    {
      "type": "Feature",
      "properties": {
        "query_id": 581,
        "query_type": "nearest",
        "lat_min": 57.690689,
        "lat_max": 57.710686,
        "lon_min": 9.890839,
        "lon_max": 9.910839,
        "time_start": 165375968.0,
        "time_end": 191942880.0
      },
      "geometry": {
        "type": "Polygon",
        "coordinates": [
          [
            [9.890838623046875, 57.69068908691406],
            [9.910839080810547, 57.69068908691406],
            [9.910839080810547, 57.71068572998047],
            [9.890838623046875, 57.71068572998047],
            [9.890838623046875, 57.69068908691406]
          ]
        ]
      }
    },
    {
      "type": "Feature",
      "properties": {
        "query_id": 582,
        "query_type": "nearest",
        "lat_min": 57.197914,
        "lat_max": 57.217911,
        "lon_min": 11.808053,
        "lon_max": 11.828053,
        "time_start": 139139408.0,
        "time_end": 165706320.0
      },
      "geometry": {
        "type": "Polygon",
        "coordinates": [
          [
            [11.808053016662598, 57.197914123535156],
            [11.82805347442627, 57.197914123535156],
            [11.82805347442627, 57.21791076660156],
            [11.808053016662598, 57.21791076660156],
            [11.808053016662598, 57.197914123535156]
          ]
        ]
      }
    },
    {
      "type": "Feature",
      "properties": {
        "query_id": 583,
        "query_type": "aggregation",
        "lat_min": 57.408783,
        "lat_max": 57.452393,
        "lon_min": 7.828906,
        "lon_max": 7.951153,
        "time_start": 107223264.0,
        "time_end": 130899344.0
      },
      "geometry": {
        "type": "Polygon",
        "coordinates": [
          [
            [7.8289055824279785, 57.408782958984375],
            [7.95115327835083, 57.408782958984375],
            [7.95115327835083, 57.452392578125],
            [7.8289055824279785, 57.452392578125],
            [7.8289055824279785, 57.408782958984375]
          ]
        ]
      }
    },
    {
      "type": "Feature",
      "properties": {
        "query_id": 584,
        "query_type": "range",
        "lat_min": 55.038284,
        "lat_max": 55.158554,
        "lon_min": 12.654731,
        "lon_max": 12.909099,
        "time_start": 90077496.0,
        "time_end": 93567864.0
      },
      "geometry": {
        "type": "Polygon",
        "coordinates": [
          [
            [12.654730796813965, 55.03828430175781],
            [12.909098625183105, 55.03828430175781],
            [12.909098625183105, 55.15855407714844],
            [12.654730796813965, 55.15855407714844],
            [12.654730796813965, 55.03828430175781]
          ]
        ]
      }
    },
    {
      "type": "Feature",
      "properties": {
        "query_id": 585,
        "query_type": "range",
        "lat_min": 57.184265,
        "lat_max": 57.249008,
        "lon_min": 7.826321,
        "lon_max": 7.963245,
        "time_start": 74996816.0,
        "time_end": 84670672.0
      },
      "geometry": {
        "type": "Polygon",
        "coordinates": [
          [
            [7.826320648193359, 57.18426513671875],
            [7.963245391845703, 57.18426513671875],
            [7.963245391845703, 57.24900817871094],
            [7.826320648193359, 57.24900817871094],
            [7.826320648193359, 57.18426513671875]
          ]
        ]
      }
    },
    {
      "type": "Feature",
      "properties": {
        "query_id": 586,
        "query_type": "aggregation",
        "lat_min": 57.94891,
        "lat_max": 58.003456,
        "lon_min": 10.510415,
        "lon_max": 10.715831,
        "time_start": 47460784.0,
        "time_end": 71918160.0
      },
      "geometry": {
        "type": "Polygon",
        "coordinates": [
          [
            [10.510415077209473, 57.948909759521484],
            [10.71583080291748, 57.948909759521484],
            [10.71583080291748, 58.003456115722656],
            [10.510415077209473, 58.003456115722656],
            [10.510415077209473, 57.948909759521484]
          ]
        ]
      }
    },
    {
      "type": "Feature",
      "properties": {
        "query_id": 587,
        "query_type": "intersection",
        "lat_min": 54.937313,
        "lat_max": 54.992359,
        "lon_min": 13.819626,
        "lon_max": 13.936041,
        "time_start": 209865168.0,
        "time_end": 230417424.0
      },
      "geometry": {
        "type": "Polygon",
        "coordinates": [
          [
            [13.819625854492188, 54.937313079833984],
            [13.936040878295898, 54.937313079833984],
            [13.936040878295898, 54.99235916137695],
            [13.819625854492188, 54.99235916137695],
            [13.819625854492188, 54.937313079833984]
          ]
        ]
      }
    },
    {
      "type": "Feature",
      "properties": {
        "query_id": 588,
        "query_type": "aggregation",
        "lat_min": 54.399509,
        "lat_max": 54.488094,
        "lon_min": 5.13325,
        "lon_max": 5.381558,
        "time_start": 200868272.0,
        "time_end": 205167536.0
      },
      "geometry": {
        "type": "Polygon",
        "coordinates": [
          [
            [5.1332502365112305, 54.39950942993164],
            [5.381558418273926, 54.39950942993164],
            [5.381558418273926, 54.488094329833984],
            [5.1332502365112305, 54.488094329833984],
            [5.1332502365112305, 54.39950942993164]
          ]
        ]
      }
    },
    {
      "type": "Feature",
      "properties": {
        "query_id": 589,
        "query_type": "aggregation",
        "lat_min": 55.806644,
        "lat_max": 55.8596,
        "lon_min": 12.368302,
        "lon_max": 12.516742,
        "time_start": 218187808.0,
        "time_end": 225908800.0
      },
      "geometry": {
        "type": "Polygon",
        "coordinates": [
          [
            [12.368302345275879, 55.806644439697266],
            [12.516741752624512, 55.806644439697266],
            [12.516741752624512, 55.85960006713867],
            [12.368302345275879, 55.85960006713867],
            [12.368302345275879, 55.806644439697266]
          ]
        ]
      }
    },
    {
      "type": "Feature",
      "properties": {
        "query_id": 590,
        "query_type": "range",
        "lat_min": 57.841282,
        "lat_max": 57.922886,
        "lon_min": 9.615844,
        "lon_max": 9.788426,
        "time_start": 77710240.0,
        "time_end": 97036016.0
      },
      "geometry": {
        "type": "Polygon",
        "coordinates": [
          [
            [9.615843772888184, 57.84128189086914],
            [9.788426399230957, 57.84128189086914],
            [9.788426399230957, 57.92288589477539],
            [9.615843772888184, 57.92288589477539],
            [9.615843772888184, 57.84128189086914]
          ]
        ]
      }
    },
    {
      "type": "Feature",
      "properties": {
        "query_id": 591,
        "query_type": "aggregation",
        "lat_min": 56.850742,
        "lat_max": 56.919674,
        "lon_min": 9.074215,
        "lon_max": 9.267435,
        "time_start": 191830752.0,
        "time_end": 217406624.0
      },
      "geometry": {
        "type": "Polygon",
        "coordinates": [
          [
            [9.074214935302734, 56.85074234008789],
            [9.267435073852539, 56.85074234008789],
            [9.267435073852539, 56.919673919677734],
            [9.074214935302734, 56.919673919677734],
            [9.074214935302734, 56.85074234008789]
          ]
        ]
      }
    },
    {
      "type": "Feature",
      "properties": {
        "query_id": 592,
        "query_type": "aggregation",
        "lat_min": 54.526615,
        "lat_max": 54.585041,
        "lon_min": 6.081604,
        "lon_max": 6.245368,
        "time_start": 29839760.0,
        "time_end": 51807944.0
      },
      "geometry": {
        "type": "Polygon",
        "coordinates": [
          [
            [6.081604480743408, 54.526615142822266],
            [6.245368480682373, 54.526615142822266],
            [6.245368480682373, 54.58504104614258],
            [6.081604480743408, 54.58504104614258],
            [6.081604480743408, 54.526615142822266]
          ]
        ]
      }
    },
    {
      "type": "Feature",
      "properties": {
        "query_id": 593,
        "query_type": "aggregation",
        "lat_min": 56.756401,
        "lat_max": 56.771919,
        "lon_min": 13.231354,
        "lon_max": 13.274847,
        "time_start": 104296112.0,
        "time_end": 121145488.0
      },
      "geometry": {
        "type": "Polygon",
        "coordinates": [
          [
            [13.231353759765625, 56.75640106201172],
            [13.274847030639648, 56.75640106201172],
            [13.274847030639648, 56.77191925048828],
            [13.231353759765625, 56.77191925048828],
            [13.231353759765625, 56.75640106201172]
          ]
        ]
      }
    },
    {
      "type": "Feature",
      "properties": {
        "query_id": 594,
        "query_type": "range",
        "lat_min": 57.696354,
        "lat_max": 57.726879,
        "lon_min": 11.629334,
        "lon_max": 11.693892,
        "time_start": 143477632.0,
        "time_end": 161344992.0
      },
      "geometry": {
        "type": "Polygon",
        "coordinates": [
          [
            [11.629334449768066, 57.696353912353516],
            [11.693892478942871, 57.696353912353516],
            [11.693892478942871, 57.72687911987305],
            [11.629334449768066, 57.72687911987305],
            [11.629334449768066, 57.696353912353516]
          ]
        ]
      }
    },
    {
      "type": "Feature",
      "properties": {
        "query_id": 595,
        "query_type": "range",
        "lat_min": 55.96912,
        "lat_max": 56.004116,
        "lon_min": 11.095252,
        "lon_max": 11.169269,
        "time_start": 172268336.0,
        "time_end": 198100496.0
      },
      "geometry": {
        "type": "Polygon",
        "coordinates": [
          [
            [11.09525203704834, 55.969120025634766],
            [11.169268608093262, 55.969120025634766],
            [11.169268608093262, 56.00411605834961],
            [11.09525203704834, 56.00411605834961],
            [11.09525203704834, 55.969120025634766]
          ]
        ]
      }
    },
    {
      "type": "Feature",
      "properties": {
        "query_id": 596,
        "query_type": "aggregation",
        "lat_min": 55.948036,
        "lat_max": 55.973839,
        "lon_min": 8.207089,
        "lon_max": 8.27942,
        "time_start": 62624112.0,
        "time_end": 87810464.0
      },
      "geometry": {
        "type": "Polygon",
        "coordinates": [
          [
            [8.2070894241333, 55.948036193847656],
            [8.279419898986816, 55.948036193847656],
            [8.279419898986816, 55.973838806152344],
            [8.2070894241333, 55.973838806152344],
            [8.2070894241333, 55.948036193847656]
          ]
        ]
      }
    },
    {
      "type": "Feature",
      "properties": {
        "query_id": 597,
        "query_type": "aggregation",
        "lat_min": 55.685001,
        "lat_max": 55.702526,
        "lon_min": 7.46685,
        "lon_max": 7.51597,
        "time_start": 20778632.0,
        "time_end": 47006064.0
      },
      "geometry": {
        "type": "Polygon",
        "coordinates": [
          [
            [7.466850280761719, 55.685001373291016],
            [7.515970230102539, 55.685001373291016],
            [7.515970230102539, 55.7025260925293],
            [7.466850280761719, 55.7025260925293],
            [7.466850280761719, 55.685001373291016]
          ]
        ]
      }
    },
    {
      "type": "Feature",
      "properties": {
        "query_id": 598,
        "query_type": "range",
        "lat_min": 55.496788,
        "lat_max": 55.591301,
        "lon_min": 10.446685,
        "lon_max": 10.646575,
        "time_start": 94001056.0,
        "time_end": 114841040.0
      },
      "geometry": {
        "type": "Polygon",
        "coordinates": [
          [
            [10.446684837341309, 55.496788024902344],
            [10.646574974060059, 55.496788024902344],
            [10.646574974060059, 55.59130096435547],
            [10.446684837341309, 55.59130096435547],
            [10.446684837341309, 55.496788024902344]
          ]
        ]
      }
    },
    {
      "type": "Feature",
      "properties": {
        "query_id": 599,
        "query_type": "aggregation",
        "lat_min": 56.932148,
        "lat_max": 56.960262,
        "lon_min": 14.060543,
        "lon_max": 14.139355,
        "time_start": 232412960.0,
        "time_end": 257136032.0
      },
      "geometry": {
        "type": "Polygon",
        "coordinates": [
          [
            [14.060543060302734, 56.93214797973633],
            [14.139354705810547, 56.93214797973633],
            [14.139354705810547, 56.960262298583984],
            [14.060543060302734, 56.960262298583984],
            [14.060543060302734, 56.93214797973633]
          ]
        ]
      }
    },
    {
      "type": "Feature",
      "properties": {
        "query_id": 600,
        "query_type": "intersection",
        "lat_min": 57.698746,
        "lat_max": 57.805702,
        "lon_min": 10.81722,
        "lon_max": 11.043435,
        "time_start": 78926144.0,
        "time_end": 93900320.0
      },
      "geometry": {
        "type": "Polygon",
        "coordinates": [
          [
            [10.817219734191895, 57.69874572753906],
            [11.043435096740723, 57.69874572753906],
            [11.043435096740723, 57.805702209472656],
            [10.817219734191895, 57.805702209472656],
            [10.817219734191895, 57.69874572753906]
          ]
        ]
      }
    },
    {
      "type": "Feature",
      "properties": {
        "query_id": 601,
        "query_type": "range",
        "lat_min": 57.412601,
        "lat_max": 57.447651,
        "lon_min": 10.521707,
        "lon_max": 10.595834,
        "time_start": 137774336.0,
        "time_end": 145370368.0
      },
      "geometry": {
        "type": "Polygon",
        "coordinates": [
          [
            [10.521706581115723, 57.412601470947266],
            [10.595833778381348, 57.412601470947266],
            [10.595833778381348, 57.44765090942383],
            [10.521706581115723, 57.44765090942383],
            [10.521706581115723, 57.412601470947266]
          ]
        ]
      }
    },
    {
      "type": "Feature",
      "properties": {
        "query_id": 602,
        "query_type": "intersection",
        "lat_min": 55.05217,
        "lat_max": 55.193695,
        "lon_min": 14.002474,
        "lon_max": 14.3018,
        "time_start": 20992248.0,
        "time_end": 31504440.0
      },
      "geometry": {
        "type": "Polygon",
        "coordinates": [
          [
            [14.002473831176758, 55.05216979980469],
            [14.301799774169922, 55.05216979980469],
            [14.301799774169922, 55.193695068359375],
            [14.002473831176758, 55.193695068359375],
            [14.002473831176758, 55.05216979980469]
          ]
        ]
      }
    },
    {
      "type": "Feature",
      "properties": {
        "query_id": 603,
        "query_type": "range",
        "lat_min": 57.551502,
        "lat_max": 57.613171,
        "lon_min": 11.119102,
        "lon_max": 11.249533,
        "time_start": 151506640.0,
        "time_end": 156737744.0
      },
      "geometry": {
        "type": "Polygon",
        "coordinates": [
          [
            [11.119102478027344, 57.5515022277832],
            [11.249532699584961, 57.5515022277832],
            [11.249532699584961, 57.6131706237793],
            [11.119102478027344, 57.6131706237793],
            [11.119102478027344, 57.5515022277832]
          ]
        ]
      }
    },
    {
      "type": "Feature",
      "properties": {
        "query_id": 604,
        "query_type": "range",
        "lat_min": 57.699806,
        "lat_max": 57.793022,
        "lon_min": 10.836232,
        "lon_max": 11.033383,
        "time_start": 130719928.0,
        "time_end": 140933312.0
      },
      "geometry": {
        "type": "Polygon",
        "coordinates": [
          [
            [10.83623218536377, 57.699806213378906],
            [11.0333833694458, 57.699806213378906],
            [11.0333833694458, 57.79302215576172],
            [10.83623218536377, 57.79302215576172],
            [10.83623218536377, 57.699806213378906]
          ]
        ]
      }
    },
    {
      "type": "Feature",
      "properties": {
        "query_id": 605,
        "query_type": "intersection",
        "lat_min": 54.586426,
        "lat_max": 54.618843,
        "lon_min": 11.270054,
        "lon_max": 11.338612,
        "time_start": 188055200.0,
        "time_end": 200638272.0
      },
      "geometry": {
        "type": "Polygon",
        "coordinates": [
          [
            [11.27005386352539, 54.58642578125],
            [11.338611602783203, 54.58642578125],
            [11.338611602783203, 54.61884307861328],
            [11.27005386352539, 54.61884307861328],
            [11.27005386352539, 54.58642578125]
          ]
        ]
      }
    },
    {
      "type": "Feature",
      "properties": {
        "query_id": 606,
        "query_type": "nearest",
        "lat_min": 57.819336,
        "lat_max": 57.839333,
        "lon_min": 11.471745,
        "lon_max": 11.491745,
        "time_start": 235159744.0,
        "time_end": 261726656.0
      },
      "geometry": {
        "type": "Polygon",
        "coordinates": [
          [
            [11.471744537353516, 57.8193359375],
            [11.491744995117188, 57.8193359375],
            [11.491744995117188, 57.839332580566406],
            [11.471744537353516, 57.839332580566406],
            [11.471744537353516, 57.8193359375]
          ]
        ]
      }
    },
    {
      "type": "Feature",
      "properties": {
        "query_id": 607,
        "query_type": "aggregation",
        "lat_min": 55.946163,
        "lat_max": 55.959736,
        "lon_min": 6.023985,
        "lon_max": 6.062039,
        "time_start": 198286992.0,
        "time_end": 214375280.0
      },
      "geometry": {
        "type": "Polygon",
        "coordinates": [
          [
            [6.023984909057617, 55.946163177490234],
            [6.062039375305176, 55.946163177490234],
            [6.062039375305176, 55.95973587036133],
            [6.023984909057617, 55.95973587036133],
            [6.023984909057617, 55.946163177490234]
          ]
        ]
      }
    },
    {
      "type": "Feature",
      "properties": {
        "query_id": 608,
        "query_type": "nearest",
        "lat_min": 54.595703,
        "lat_max": 54.6157,
        "lon_min": 10.89025,
        "lon_max": 10.910251,
        "time_start": 240816896.0,
        "time_end": 267383808.0
      },
      "geometry": {
        "type": "Polygon",
        "coordinates": [
          [
            [10.890250205993652, 54.595703125],
            [10.910250663757324, 54.595703125],
            [10.910250663757324, 54.615699768066406],
            [10.890250205993652, 54.615699768066406],
            [10.890250205993652, 54.595703125]
          ]
        ]
      }
    },
    {
      "type": "Feature",
      "properties": {
        "query_id": 609,
        "query_type": "aggregation",
        "lat_min": 57.644733,
        "lat_max": 57.661388,
        "lon_min": 10.558154,
        "lon_max": 10.604844,
        "time_start": 241386320.0,
        "time_end": 254035504.0
      },
      "geometry": {
        "type": "Polygon",
        "coordinates": [
          [
            [10.558154106140137, 57.64473342895508],
            [10.604844093322754, 57.64473342895508],
            [10.604844093322754, 57.6613883972168],
            [10.558154106140137, 57.6613883972168],
            [10.558154106140137, 57.64473342895508]
          ]
        ]
      }
    },
    {
      "type": "Feature",
      "properties": {
        "query_id": 610,
        "query_type": "intersection",
        "lat_min": 58.083912,
        "lat_max": 58.124332,
        "lon_min": 10.020533,
        "lon_max": 10.106014,
        "time_start": 60366328.0,
        "time_end": 79161496.0
      },
      "geometry": {
        "type": "Polygon",
        "coordinates": [
          [
            [10.020532608032227, 58.08391189575195],
            [10.106014251708984, 58.08391189575195],
            [10.106014251708984, 58.124332427978516],
            [10.020532608032227, 58.124332427978516],
            [10.020532608032227, 58.08391189575195]
          ]
        ]
      }
    },
    {
      "type": "Feature",
      "properties": {
        "query_id": 611,
        "query_type": "aggregation",
        "lat_min": 55.929363,
        "lat_max": 55.986141,
        "lon_min": 5.185669,
        "lon_max": 5.344827,
        "time_start": 248568128.0,
        "time_end": 259153056.0
      },
      "geometry": {
        "type": "Polygon",
        "coordinates": [
          [
            [5.185669422149658, 55.92936325073242],
            [5.344827175140381, 55.92936325073242],
            [5.344827175140381, 55.986141204833984],
            [5.185669422149658, 55.986141204833984],
            [5.185669422149658, 55.92936325073242]
          ]
        ]
      }
    },
    {
      "type": "Feature",
      "properties": {
        "query_id": 612,
        "query_type": "aggregation",
        "lat_min": 55.391602,
        "lat_max": 55.499039,
        "lon_min": 11.380107,
        "lon_max": 11.681245,
        "time_start": 173608016.0,
        "time_end": 200116176.0
      },
      "geometry": {
        "type": "Polygon",
        "coordinates": [
          [
            [11.380106925964355, 55.3916015625],
            [11.681244850158691, 55.3916015625],
            [11.681244850158691, 55.49903869628906],
            [11.380106925964355, 55.49903869628906],
            [11.380106925964355, 55.3916015625]
          ]
        ]
      }
    },
    {
      "type": "Feature",
      "properties": {
        "query_id": 613,
        "query_type": "range",
        "lat_min": 55.515907,
        "lat_max": 55.59626,
        "lon_min": 10.451756,
        "lon_max": 10.621707,
        "time_start": 127511904.0,
        "time_end": 134183264.0
      },
      "geometry": {
        "type": "Polygon",
        "coordinates": [
          [
            [10.451756477355957, 55.515907287597656],
            [10.62170696258545, 55.515907287597656],
            [10.62170696258545, 55.59626007080078],
            [10.451756477355957, 55.59626007080078],
            [10.451756477355957, 55.515907287597656]
          ]
        ]
      }
    },
    {
      "type": "Feature",
      "properties": {
        "query_id": 614,
        "query_type": "aggregation",
        "lat_min": 55.277798,
        "lat_max": 55.364277,
        "lon_min": 10.40545,
        "lon_max": 10.647851,
        "time_start": 73427272.0,
        "time_end": 94054280.0
      },
      "geometry": {
        "type": "Polygon",
        "coordinates": [
          [
            [10.405449867248535, 55.27779769897461],
            [10.64785099029541, 55.27779769897461],
            [10.64785099029541, 55.36427688598633],
            [10.405449867248535, 55.36427688598633],
            [10.405449867248535, 55.27779769897461]
          ]
        ]
      }
    },
    {
      "type": "Feature",
      "properties": {
        "query_id": 615,
        "query_type": "intersection",
        "lat_min": 54.454754,
        "lat_max": 54.478611,
        "lon_min": 8.158151,
        "lon_max": 8.208615,
        "time_start": 67095920.0,
        "time_end": 85883824.0
      },
      "geometry": {
        "type": "Polygon",
        "coordinates": [
          [
            [8.158150672912598, 54.45475387573242],
            [8.20861530303955, 54.45475387573242],
            [8.20861530303955, 54.47861099243164],
            [8.158150672912598, 54.47861099243164],
            [8.158150672912598, 54.45475387573242]
          ]
        ]
      }
    },
    {
      "type": "Feature",
      "properties": {
        "query_id": 616,
        "query_type": "range",
        "lat_min": 57.048893,
        "lat_max": 57.152889,
        "lon_min": 7.298227,
        "lon_max": 7.518173,
        "time_start": 141561328.0,
        "time_end": 165807792.0
      },
      "geometry": {
        "type": "Polygon",
        "coordinates": [
          [
            [7.298226833343506, 57.048892974853516],
            [7.518172740936279, 57.048892974853516],
            [7.518172740936279, 57.152889251708984],
            [7.298226833343506, 57.152889251708984],
            [7.298226833343506, 57.048892974853516]
          ]
        ]
      }
    },
    {
      "type": "Feature",
      "properties": {
        "query_id": 617,
        "query_type": "intersection",
        "lat_min": 55.661617,
        "lat_max": 55.765354,
        "lon_min": 5.324939,
        "lon_max": 5.544335,
        "time_start": 150197984.0,
        "time_end": 171077152.0
      },
      "geometry": {
        "type": "Polygon",
        "coordinates": [
          [
            [5.324939250946045, 55.661617279052734],
            [5.544334888458252, 55.661617279052734],
            [5.544334888458252, 55.76535415649414],
            [5.324939250946045, 55.76535415649414],
            [5.324939250946045, 55.661617279052734]
          ]
        ]
      }
    },
    {
      "type": "Feature",
      "properties": {
        "query_id": 618,
        "query_type": "aggregation",
        "lat_min": 56.065861,
        "lat_max": 56.109341,
        "lon_min": 11.774746,
        "lon_max": 11.896629,
        "time_start": 141294832.0,
        "time_end": 166614640.0
      },
      "geometry": {
        "type": "Polygon",
        "coordinates": [
          [
            [11.77474594116211, 56.065860748291016],
            [11.896629333496094, 56.065860748291016],
            [11.896629333496094, 56.10934066772461],
            [11.77474594116211, 56.10934066772461],
            [11.77474594116211, 56.065860748291016]
          ]
        ]
      }
    },
    {
      "type": "Feature",
      "properties": {
        "query_id": 619,
        "query_type": "intersection",
        "lat_min": 56.004032,
        "lat_max": 56.050137,
        "lon_min": 7.337914,
        "lon_max": 7.43543,
        "time_start": 70837672.0,
        "time_end": 82884120.0
      },
      "geometry": {
        "type": "Polygon",
        "coordinates": [
          [
            [7.33791446685791, 56.004032135009766],
            [7.435429573059082, 56.004032135009766],
            [7.435429573059082, 56.05013656616211],
            [7.33791446685791, 56.05013656616211],
            [7.33791446685791, 56.004032135009766]
          ]
        ]
      }
    },
    {
      "type": "Feature",
      "properties": {
        "query_id": 620,
        "query_type": "nearest",
        "lat_min": 54.471767,
        "lat_max": 54.491764,
        "lon_min": 11.261893,
        "lon_max": 11.281894,
        "time_start": 231827168.0,
        "time_end": 258394080.0
      },
      "geometry": {
        "type": "Polygon",
        "coordinates": [
          [
            [11.261893272399902, 54.47176742553711],
            [11.281893730163574, 54.47176742553711],
            [11.281893730163574, 54.491764068603516],
            [11.261893272399902, 54.491764068603516],
            [11.261893272399902, 54.47176742553711]
          ]
        ]
      }
    },
    {
      "type": "Feature",
      "properties": {
        "query_id": 621,
        "query_type": "intersection",
        "lat_min": 54.613556,
        "lat_max": 54.72377,
        "lon_min": 8.458593,
        "lon_max": 8.69169,
        "time_start": 124988912.0,
        "time_end": 135019664.0
      },
      "geometry": {
        "type": "Polygon",
        "coordinates": [
          [
            [8.458593368530273, 54.613555908203125],
            [8.691690444946289, 54.613555908203125],
            [8.691690444946289, 54.72377014160156],
            [8.458593368530273, 54.72377014160156],
            [8.458593368530273, 54.613555908203125]
          ]
        ]
      }
    },
    {
      "type": "Feature",
      "properties": {
        "query_id": 622,
        "query_type": "aggregation",
        "lat_min": 56.41914,
        "lat_max": 56.462345,
        "lon_min": 9.563107,
        "lon_max": 9.684211,
        "time_start": 32156208.0,
        "time_end": 53010688.0
      },
      "geometry": {
        "type": "Polygon",
        "coordinates": [
          [
            [9.56310749053955, 56.41913986206055],
            [9.684210777282715, 56.41913986206055],
            [9.684210777282715, 56.462345123291016],
            [9.56310749053955, 56.462345123291016],
            [9.56310749053955, 56.41913986206055]
          ]
        ]
      }
    },
    {
      "type": "Feature",
      "properties": {
        "query_id": 623,
        "query_type": "nearest",
        "lat_min": 54.505367,
        "lat_max": 54.525364,
        "lon_min": 14.206794,
        "lon_max": 14.226794,
        "time_start": 118604344.0,
        "time_end": 145171248.0
      },
      "geometry": {
        "type": "Polygon",
        "coordinates": [
          [
            [14.206793785095215, 54.505367279052734],
            [14.226794242858887, 54.505367279052734],
            [14.226794242858887, 54.52536392211914],
            [14.206793785095215, 54.52536392211914],
            [14.206793785095215, 54.505367279052734]
          ]
        ]
      }
    },
    {
      "type": "Feature",
      "properties": {
        "query_id": 624,
        "query_type": "aggregation",
        "lat_min": 54.478153,
        "lat_max": 54.551365,
        "lon_min": 7.822797,
        "lon_max": 8.028003,
        "time_start": 235501808.0,
        "time_end": 251664112.0
      },
      "geometry": {
        "type": "Polygon",
        "coordinates": [
          [
            [7.822796821594238, 54.478153228759766],
            [8.028002738952637, 54.478153228759766],
            [8.028002738952637, 54.55136489868164],
            [7.822796821594238, 54.55136489868164],
            [7.822796821594238, 54.478153228759766]
          ]
        ]
      }
    },
    {
      "type": "Feature",
      "properties": {
        "query_id": 625,
        "query_type": "intersection",
        "lat_min": 57.62579,
        "lat_max": 57.773991,
        "lon_min": 11.150684,
        "lon_max": 11.46413,
        "time_start": 96743544.0,
        "time_end": 114722024.0
      },
      "geometry": {
        "type": "Polygon",
        "coordinates": [
          [
            [11.150684356689453, 57.625789642333984],
            [11.464130401611328, 57.625789642333984],
            [11.464130401611328, 57.773990631103516],
            [11.150684356689453, 57.773990631103516],
            [11.150684356689453, 57.625789642333984]
          ]
        ]
      }
    },
    {
      "type": "Feature",
      "properties": {
        "query_id": 626,
        "query_type": "range",
        "lat_min": 56.51704,
        "lat_max": 56.549358,
        "lon_min": 4.418094,
        "lon_max": 4.486446,
        "time_start": 163946592.0,
        "time_end": 181749568.0
      },
      "geometry": {
        "type": "Polygon",
        "coordinates": [
          [
            [4.418094158172607, 56.51704025268555],
            [4.486445903778076, 56.51704025268555],
            [4.486445903778076, 56.54935836791992],
            [4.418094158172607, 56.54935836791992],
            [4.418094158172607, 56.51704025268555]
          ]
        ]
      }
    },
    {
      "type": "Feature",
      "properties": {
        "query_id": 627,
        "query_type": "range",
        "lat_min": 55.825825,
        "lat_max": 55.930592,
        "lon_min": 12.67207,
        "lon_max": 12.89365,
        "time_start": 72442976.0,
        "time_end": 94798736.0
      },
      "geometry": {
        "type": "Polygon",
        "coordinates": [
          [
            [12.672069549560547, 55.82582473754883],
            [12.89365005493164, 55.82582473754883],
            [12.89365005493164, 55.93059158325195],
            [12.672069549560547, 55.93059158325195],
            [12.672069549560547, 55.82582473754883]
          ]
        ]
      }
    },
    {
      "type": "Feature",
      "properties": {
        "query_id": 628,
        "query_type": "aggregation",
        "lat_min": 56.402184,
        "lat_max": 56.464844,
        "lon_min": 9.238975,
        "lon_max": 9.414615,
        "time_start": 76268288.0,
        "time_end": 99954560.0
      },
      "geometry": {
        "type": "Polygon",
        "coordinates": [
          [
            [9.238974571228027, 56.402183532714844],
            [9.4146146774292, 56.402183532714844],
            [9.4146146774292, 56.46484375],
            [9.238974571228027, 56.46484375],
            [9.238974571228027, 56.402183532714844]
          ]
        ]
      }
    },
    {
      "type": "Feature",
      "properties": {
        "query_id": 629,
        "query_type": "intersection",
        "lat_min": 57.54224,
        "lat_max": 57.647724,
        "lon_min": 11.70689,
        "lon_max": 11.929985,
        "time_start": 137951328.0,
        "time_end": 154144448.0
      },
      "geometry": {
        "type": "Polygon",
        "coordinates": [
          [
            [11.706890106201172, 57.542240142822266],
            [11.929985046386719, 57.542240142822266],
            [11.929985046386719, 57.64772415161133],
            [11.706890106201172, 57.64772415161133],
            [11.706890106201172, 57.542240142822266]
          ]
        ]
      }
    },
    {
      "type": "Feature",
      "properties": {
        "query_id": 630,
        "query_type": "intersection",
        "lat_min": 56.662315,
        "lat_max": 56.755417,
        "lon_min": 10.903302,
        "lon_max": 11.100204,
        "time_start": 159312560.0,
        "time_end": 162715152.0
      },
      "geometry": {
        "type": "Polygon",
        "coordinates": [
          [
            [10.903302192687988, 56.662315368652344],
            [11.100203514099121, 56.662315368652344],
            [11.100203514099121, 56.75541687011719],
            [10.903302192687988, 56.75541687011719],
            [10.903302192687988, 56.662315368652344]
          ]
        ]
      }
    },
    {
      "type": "Feature",
      "properties": {
        "query_id": 631,
        "query_type": "aggregation",
        "lat_min": 56.952808,
        "lat_max": 57.019047,
        "lon_min": 9.615542,
        "lon_max": 9.801209,
        "time_start": 35336764.0,
        "time_end": 53412732.0
      },
      "geometry": {
        "type": "Polygon",
        "coordinates": [
          [
            [9.6155424118042, 56.95280838012695],
            [9.801209449768066, 56.95280838012695],
            [9.801209449768066, 57.019046783447266],
            [9.6155424118042, 57.019046783447266],
            [9.6155424118042, 56.95280838012695]
          ]
        ]
      }
    },
    {
      "type": "Feature",
      "properties": {
        "query_id": 632,
        "query_type": "nearest",
        "lat_min": 55.251358,
        "lat_max": 55.271355,
        "lon_min": 13.078924,
        "lon_max": 13.098925,
        "time_start": 66690184.0,
        "time_end": 93257096.0
      },
      "geometry": {
        "type": "Polygon",
        "coordinates": [
          [
            [13.078924179077148, 55.25135803222656],
            [13.09892463684082, 55.25135803222656],
            [13.09892463684082, 55.27135467529297],
            [13.078924179077148, 55.27135467529297],
            [13.078924179077148, 55.25135803222656]
          ]
        ]
      }
    },
    {
      "type": "Feature",
      "properties": {
        "query_id": 633,
        "query_type": "aggregation",
        "lat_min": 57.360825,
        "lat_max": 57.469955,
        "lon_min": 10.842947,
        "lon_max": 11.148832,
        "time_start": 6404813.0,
        "time_end": 18764592.0
      },
      "geometry": {
        "type": "Polygon",
        "coordinates": [
          [
            [10.842947006225586, 57.36082458496094],
            [11.148832321166992, 57.36082458496094],
            [11.148832321166992, 57.46995544433594],
            [10.842947006225586, 57.46995544433594],
            [10.842947006225586, 57.36082458496094]
          ]
        ]
      }
    },
    {
      "type": "Feature",
      "properties": {
        "query_id": 634,
        "query_type": "intersection",
        "lat_min": 54.164097,
        "lat_max": 54.294804,
        "lon_min": 11.501755,
        "lon_max": 11.778189,
        "time_start": 199478800.0,
        "time_end": 205970640.0
      },
      "geometry": {
        "type": "Polygon",
        "coordinates": [
          [
            [11.501754760742188, 54.16409683227539],
            [11.778188705444336, 54.16409683227539],
            [11.778188705444336, 54.294803619384766],
            [11.501754760742188, 54.294803619384766],
            [11.501754760742188, 54.16409683227539]
          ]
        ]
      }
    },
    {
      "type": "Feature",
      "properties": {
        "query_id": 635,
        "query_type": "nearest",
        "lat_min": 55.835857,
        "lat_max": 55.855854,
        "lon_min": 11.772532,
        "lon_max": 11.792533,
        "time_start": -5312935.0,
        "time_end": 21253976.0
      },
      "geometry": {
        "type": "Polygon",
        "coordinates": [
          [
            [11.77253246307373, 55.83585739135742],
            [11.792532920837402, 55.83585739135742],
            [11.792532920837402, 55.85585403442383],
            [11.77253246307373, 55.85585403442383],
            [11.77253246307373, 55.83585739135742]
          ]
        ]
      }
    },
    {
      "type": "Feature",
      "properties": {
        "query_id": 636,
        "query_type": "intersection",
        "lat_min": 54.479069,
        "lat_max": 54.554928,
        "lon_min": 11.159945,
        "lon_max": 11.320389,
        "time_start": 128684992.0,
        "time_end": 150813184.0
      },
      "geometry": {
        "type": "Polygon",
        "coordinates": [
          [
            [11.159944534301758, 54.479068756103516],
            [11.320388793945312, 54.479068756103516],
            [11.320388793945312, 54.554927825927734],
            [11.159944534301758, 54.554927825927734],
            [11.159944534301758, 54.479068756103516]
          ]
        ]
      }
    },
    {
      "type": "Feature",
      "properties": {
        "query_id": 637,
        "query_type": "intersection",
        "lat_min": 54.626064,
        "lat_max": 54.646503,
        "lon_min": 10.87464,
        "lon_max": 10.917865,
        "time_start": 140041824.0,
        "time_end": 156506112.0
      },
      "geometry": {
        "type": "Polygon",
        "coordinates": [
          [
            [10.874640464782715, 54.62606430053711],
            [10.917864799499512, 54.62606430053711],
            [10.917864799499512, 54.64650344848633],
            [10.874640464782715, 54.64650344848633],
            [10.874640464782715, 54.62606430053711]
          ]
        ]
      }
    },
    {
      "type": "Feature",
      "properties": {
        "query_id": 638,
        "query_type": "nearest",
        "lat_min": 55.012917,
        "lat_max": 55.032913,
        "lon_min": 10.53949,
        "lon_max": 10.55949,
        "time_start": 19069924.0,
        "time_end": 45636836.0
      },
      "geometry": {
        "type": "Polygon",
        "coordinates": [
          [
            [10.53948974609375, 55.012916564941406],
            [10.559490203857422, 55.012916564941406],
            [10.559490203857422, 55.03291320800781],
            [10.53948974609375, 55.03291320800781],
            [10.53948974609375, 55.012916564941406]
          ]
        ]
      }
    },
    {
      "type": "Feature",
      "properties": {
        "query_id": 639,
        "query_type": "aggregation",
        "lat_min": 55.54887,
        "lat_max": 55.622562,
        "lon_min": 5.604392,
        "lon_max": 5.810951,
        "time_start": 18738754.0,
        "time_end": 22095278.0
      },
      "geometry": {
        "type": "Polygon",
        "coordinates": [
          [
            [5.604392051696777, 55.54887008666992],
            [5.810951232910156, 55.54887008666992],
            [5.810951232910156, 55.622562408447266],
            [5.604392051696777, 55.622562408447266],
            [5.604392051696777, 55.54887008666992]
          ]
        ]
      }
    },
    {
      "type": "Feature",
      "properties": {
        "query_id": 640,
        "query_type": "nearest",
        "lat_min": 55.888966,
        "lat_max": 55.908962,
        "lon_min": 11.339317,
        "lon_max": 11.359318,
        "time_start": 81651248.0,
        "time_end": 108218160.0
      },
      "geometry": {
        "type": "Polygon",
        "coordinates": [
          [
            [11.339317321777344, 55.88896560668945],
            [11.359317779541016, 55.88896560668945],
            [11.359317779541016, 55.90896224975586],
            [11.339317321777344, 55.90896224975586],
            [11.339317321777344, 55.88896560668945]
          ]
        ]
      }
    },
    {
      "type": "Feature",
      "properties": {
        "query_id": 641,
        "query_type": "intersection",
        "lat_min": 57.684292,
        "lat_max": 57.703152,
        "lon_min": 11.797818,
        "lon_max": 11.837703,
        "time_start": 193785792.0,
        "time_end": 217405664.0
      },
      "geometry": {
        "type": "Polygon",
        "coordinates": [
          [
            [11.797818183898926, 57.68429183959961],
            [11.837702751159668, 57.68429183959961],
            [11.837702751159668, 57.70315170288086],
            [11.797818183898926, 57.70315170288086],
            [11.797818183898926, 57.68429183959961]
          ]
        ]
      }
    },
    {
      "type": "Feature",
      "properties": {
        "query_id": 642,
        "query_type": "aggregation",
        "lat_min": 54.731815,
        "lat_max": 54.743168,
        "lon_min": 5.222054,
        "lon_max": 5.253877,
        "time_start": 88306760.0,
        "time_end": 103136984.0
      },
      "geometry": {
        "type": "Polygon",
        "coordinates": [
          [
            [5.2220540046691895, 54.731815338134766],
            [5.25387716293335, 54.731815338134766],
            [5.25387716293335, 54.743167877197266],
            [5.2220540046691895, 54.743167877197266],
            [5.2220540046691895, 54.731815338134766]
          ]
        ]
      }
    },
    {
      "type": "Feature",
      "properties": {
        "query_id": 643,
        "query_type": "nearest",
        "lat_min": 56.976883,
        "lat_max": 56.99688,
        "lon_min": 11.660549,
        "lon_max": 11.68055,
        "time_start": 58324928.0,
        "time_end": 84891840.0
      },
      "geometry": {
        "type": "Polygon",
        "coordinates": [
          [
            [11.66054916381836, 56.97688293457031],
            [11.680549621582031, 56.97688293457031],
            [11.680549621582031, 56.99687957763672],
            [11.66054916381836, 56.99687957763672],
            [11.66054916381836, 56.97688293457031]
          ]
        ]
      }
    },
    {
      "type": "Feature",
      "properties": {
        "query_id": 644,
        "query_type": "range",
        "lat_min": 54.733101,
        "lat_max": 54.857018,
        "lon_min": 9.302086,
        "lon_max": 9.564171,
        "time_start": 240223040.0,
        "time_end": 245404288.0
      },
      "geometry": {
        "type": "Polygon",
        "coordinates": [
          [
            [9.302085876464844, 54.73310089111328],
            [9.564170837402344, 54.73310089111328],
            [9.564170837402344, 54.857017517089844],
            [9.302085876464844, 54.857017517089844],
            [9.302085876464844, 54.73310089111328]
          ]
        ]
      }
    },
    {
      "type": "Feature",
      "properties": {
        "query_id": 645,
        "query_type": "aggregation",
        "lat_min": 54.505581,
        "lat_max": 54.543621,
        "lon_min": 6.835403,
        "lon_max": 6.942038,
        "time_start": 115954544.0,
        "time_end": 134111984.0
      },
      "geometry": {
        "type": "Polygon",
        "coordinates": [
          [
            [6.8354034423828125, 54.50558090209961],
            [6.942037582397461, 54.50558090209961],
            [6.942037582397461, 54.54362106323242],
            [6.8354034423828125, 54.54362106323242],
            [6.8354034423828125, 54.50558090209961]
          ]
        ]
      }
    },
    {
      "type": "Feature",
      "properties": {
        "query_id": 646,
        "query_type": "intersection",
        "lat_min": 56.035519,
        "lat_max": 56.176411,
        "lon_min": 11.123674,
        "lon_max": 11.42165,
        "time_start": 213411232.0,
        "time_end": 232623584.0
      },
      "geometry": {
        "type": "Polygon",
        "coordinates": [
          [
            [11.123674392700195, 56.035518646240234],
            [11.421649932861328, 56.035518646240234],
            [11.421649932861328, 56.17641067504883],
            [11.123674392700195, 56.17641067504883],
            [11.123674392700195, 56.035518646240234]
          ]
        ]
      }
    },
    {
      "type": "Feature",
      "properties": {
        "query_id": 647,
        "query_type": "aggregation",
        "lat_min": 55.152531,
        "lat_max": 55.220013,
        "lon_min": 13.986208,
        "lon_max": 14.17536,
        "time_start": 243216208.0,
        "time_end": 246348048.0
      },
      "geometry": {
        "type": "Polygon",
        "coordinates": [
          [
            [13.986207962036133, 55.152530670166016],
            [14.175359725952148, 55.152530670166016],
            [14.175359725952148, 55.22001266479492],
            [13.986207962036133, 55.22001266479492],
            [13.986207962036133, 55.152530670166016]
          ]
        ]
      }
    },
    {
      "type": "Feature",
      "properties": {
        "query_id": 648,
        "query_type": "range",
        "lat_min": 56.93425,
        "lat_max": 57.024147,
        "lon_min": 8.826757,
        "lon_max": 9.016888,
        "time_start": 222208704.0,
        "time_end": 228201248.0
      },
      "geometry": {
        "type": "Polygon",
        "coordinates": [
          [
            [8.826757431030273, 56.93424987792969],
            [9.016887664794922, 56.93424987792969],
            [9.016887664794922, 57.024147033691406],
            [8.826757431030273, 57.024147033691406],
            [8.826757431030273, 56.93424987792969]
          ]
        ]
      }
    },
    {
      "type": "Feature",
      "properties": {
        "query_id": 649,
        "query_type": "nearest",
        "lat_min": 57.442673,
        "lat_max": 57.462669,
        "lon_min": 9.044487,
        "lon_max": 9.064487,
        "time_start": 242014752.0,
        "time_end": 268581664.0
      },
      "geometry": {
        "type": "Polygon",
        "coordinates": [
          [
            [9.044486999511719, 57.44267272949219],
            [9.06448745727539, 57.44267272949219],
            [9.06448745727539, 57.462669372558594],
            [9.044486999511719, 57.462669372558594],
            [9.044486999511719, 57.44267272949219]
          ]
        ]
      }
    },
    {
      "type": "Feature",
      "properties": {
        "query_id": 650,
        "query_type": "intersection",
        "lat_min": 57.831772,
        "lat_max": 57.961502,
        "lon_min": 9.187019,
        "lon_max": 9.461386,
        "time_start": 150484224.0,
        "time_end": 173638592.0
      },
      "geometry": {
        "type": "Polygon",
        "coordinates": [
          [
            [9.187019348144531, 57.83177185058594],
            [9.461385726928711, 57.83177185058594],
            [9.461385726928711, 57.96150207519531],
            [9.187019348144531, 57.96150207519531],
            [9.187019348144531, 57.83177185058594]
          ]
        ]
      }
    },
    {
      "type": "Feature",
      "properties": {
        "query_id": 651,
        "query_type": "range",
        "lat_min": 54.656013,
        "lat_max": 54.735649,
        "lon_min": 13.920704,
        "lon_max": 14.089127,
        "time_start": 147005744.0,
        "time_end": 151136336.0
      },
      "geometry": {
        "type": "Polygon",
        "coordinates": [
          [
            [13.920703887939453, 54.65601348876953],
            [14.089126586914062, 54.65601348876953],
            [14.089126586914062, 54.73564910888672],
            [13.920703887939453, 54.73564910888672],
            [13.920703887939453, 54.65601348876953]
          ]
        ]
      }
    },
    {
      "type": "Feature",
      "properties": {
        "query_id": 652,
        "query_type": "intersection",
        "lat_min": 54.603577,
        "lat_max": 54.63459,
        "lon_min": 11.268734,
        "lon_max": 11.334332,
        "time_start": 162114064.0,
        "time_end": 177512336.0
      },
      "geometry": {
        "type": "Polygon",
        "coordinates": [
          [
            [11.268733978271484, 54.60357666015625],
            [11.334331512451172, 54.60357666015625],
            [11.334331512451172, 54.63459014892578],
            [11.268733978271484, 54.63459014892578],
            [11.268733978271484, 54.60357666015625]
          ]
        ]
      }
    },
    {
      "type": "Feature",
      "properties": {
        "query_id": 653,
        "query_type": "range",
        "lat_min": 55.261185,
        "lat_max": 55.40506,
        "lon_min": 10.987104,
        "lon_max": 11.291395,
        "time_start": 65006556.0,
        "time_end": 82713904.0
      },
      "geometry": {
        "type": "Polygon",
        "coordinates": [
          [
            [10.987104415893555, 55.26118469238281],
            [11.29139518737793, 55.26118469238281],
            [11.29139518737793, 55.405059814453125],
            [10.987104415893555, 55.405059814453125],
            [10.987104415893555, 55.26118469238281]
          ]
        ]
      }
    },
    {
      "type": "Feature",
      "properties": {
        "query_id": 654,
        "query_type": "nearest",
        "lat_min": 54.442764,
        "lat_max": 54.462761,
        "lon_min": 11.785773,
        "lon_max": 11.805774,
        "time_start": 5394785.0,
        "time_end": 31961696.0
      },
      "geometry": {
        "type": "Polygon",
        "coordinates": [
          [
            [11.785773277282715, 54.44276428222656],
            [11.805773735046387, 54.44276428222656],
            [11.805773735046387, 54.46276092529297],
            [11.785773277282715, 54.46276092529297],
            [11.785773277282715, 54.44276428222656]
          ]
        ]
      }
    },
    {
      "type": "Feature",
      "properties": {
        "query_id": 655,
        "query_type": "range",
        "lat_min": 57.313618,
        "lat_max": 57.431919,
        "lon_min": 9.027999,
        "lon_max": 9.278201,
        "time_start": 3473461.5,
        "time_end": 13267102.0
      },
      "geometry": {
        "type": "Polygon",
        "coordinates": [
          [
            [9.027998924255371, 57.31361770629883],
            [9.27820110321045, 57.31361770629883],
            [9.27820110321045, 57.43191909790039],
            [9.027998924255371, 57.43191909790039],
            [9.027998924255371, 57.31361770629883]
          ]
        ]
      }
    },
    {
      "type": "Feature",
      "properties": {
        "query_id": 656,
        "query_type": "range",
        "lat_min": 54.950878,
        "lat_max": 55.051205,
        "lon_min": 13.691847,
        "lon_max": 13.904034,
        "time_start": 35538396.0,
        "time_end": 59318132.0
      },
      "geometry": {
        "type": "Polygon",
        "coordinates": [
          [
            [13.69184684753418, 54.95087814331055],
            [13.904033660888672, 54.95087814331055],
            [13.904033660888672, 55.051204681396484],
            [13.69184684753418, 55.051204681396484],
            [13.69184684753418, 54.95087814331055]
          ]
        ]
      }
    },
    {
      "type": "Feature",
      "properties": {
        "query_id": 657,
        "query_type": "range",
        "lat_min": 56.275875,
        "lat_max": 56.390575,
        "lon_min": 4.822546,
        "lon_max": 5.06513,
        "time_start": 62480088.0,
        "time_end": 68821584.0
      },
      "geometry": {
        "type": "Polygon",
        "coordinates": [
          [
            [4.822546005249023, 56.275875091552734],
            [5.065130233764648, 56.275875091552734],
            [5.065130233764648, 56.39057540893555],
            [4.822546005249023, 56.39057540893555],
            [4.822546005249023, 56.275875091552734]
          ]
        ]
      }
    },
    {
      "type": "Feature",
      "properties": {
        "query_id": 658,
        "query_type": "intersection",
        "lat_min": 57.777439,
        "lat_max": 57.804165,
        "lon_min": 10.244736,
        "lon_max": 10.301264,
        "time_start": 213042816.0,
        "time_end": 236554368.0
      },
      "geometry": {
        "type": "Polygon",
        "coordinates": [
          [
            [10.244735717773438, 57.77743911743164],
            [10.301263809204102, 57.77743911743164],
            [10.301263809204102, 57.80416488647461],
            [10.244735717773438, 57.80416488647461],
            [10.244735717773438, 57.77743911743164]
          ]
        ]
      }
    },
    {
      "type": "Feature",
      "properties": {
        "query_id": 659,
        "query_type": "intersection",
        "lat_min": 57.630802,
        "lat_max": 57.766537,
        "lon_min": 11.5241,
        "lon_max": 11.811166,
        "time_start": 145257584.0,
        "time_end": 161941584.0
      },
      "geometry": {
        "type": "Polygon",
        "coordinates": [
          [
            [11.524100303649902, 57.630802154541016],
            [11.811165809631348, 57.630802154541016],
            [11.811165809631348, 57.766536712646484],
            [11.524100303649902, 57.766536712646484],
            [11.524100303649902, 57.630802154541016]
          ]
        ]
      }
    },
    {
      "type": "Feature",
      "properties": {
        "query_id": 660,
        "query_type": "range",
        "lat_min": 55.472183,
        "lat_max": 55.498634,
        "lon_min": 10.523067,
        "lon_max": 10.579013,
        "time_start": 185357488.0,
        "time_end": 201371376.0
      },
      "geometry": {
        "type": "Polygon",
        "coordinates": [
          [
            [10.523066520690918, 55.47218322753906],
            [10.579012870788574, 55.47218322753906],
            [10.579012870788574, 55.498634338378906],
            [10.523066520690918, 55.498634338378906],
            [10.523066520690918, 55.47218322753906]
          ]
        ]
      }
    },
    {
      "type": "Feature",
      "properties": {
        "query_id": 661,
        "query_type": "range",
        "lat_min": 55.246143,
        "lat_max": 55.263706,
        "lon_min": 11.066574,
        "lon_max": 11.103712,
        "time_start": 224801392.0,
        "time_end": 235115632.0
      },
      "geometry": {
        "type": "Polygon",
        "coordinates": [
          [
            [11.066574096679688, 55.24614334106445],
            [11.10371208190918, 55.24614334106445],
            [11.10371208190918, 55.26370620727539],
            [11.066574096679688, 55.26370620727539],
            [11.066574096679688, 55.24614334106445]
          ]
        ]
      }
    },
    {
      "type": "Feature",
      "properties": {
        "query_id": 662,
        "query_type": "range",
        "lat_min": 55.945621,
        "lat_max": 55.997837,
        "lon_min": 11.165651,
        "lon_max": 11.276093,
        "time_start": 162287360.0,
        "time_end": 184782112.0
      },
      "geometry": {
        "type": "Polygon",
        "coordinates": [
          [
            [11.165651321411133, 55.945621490478516],
            [11.276092529296875, 55.945621490478516],
            [11.276092529296875, 55.99783706665039],
            [11.165651321411133, 55.99783706665039],
            [11.165651321411133, 55.945621490478516]
          ]
        ]
      }
    },
    {
      "type": "Feature",
      "properties": {
        "query_id": 663,
        "query_type": "intersection",
        "lat_min": 57.781464,
        "lat_max": 57.833344,
        "lon_min": 10.363112,
        "lon_max": 10.472838,
        "time_start": 186547968.0,
        "time_end": 195135840.0
      },
      "geometry": {
        "type": "Polygon",
        "coordinates": [
          [
            [10.363112449645996, 57.781463623046875],
            [10.472838401794434, 57.781463623046875],
            [10.472838401794434, 57.833343505859375],
            [10.363112449645996, 57.833343505859375],
            [10.363112449645996, 57.781463623046875]
          ]
        ]
      }
    },
    {
      "type": "Feature",
      "properties": {
        "query_id": 664,
        "query_type": "range",
        "lat_min": 57.834515,
        "lat_max": 57.880093,
        "lon_min": 10.688844,
        "lon_max": 10.785232,
        "time_start": 101278360.0,
        "time_end": 120732056.0
      },
      "geometry": {
        "type": "Polygon",
        "coordinates": [
          [
            [10.688843727111816, 57.83451461791992],
            [10.785231590270996, 57.83451461791992],
            [10.785231590270996, 57.88009262084961],
            [10.688843727111816, 57.88009262084961],
            [10.688843727111816, 57.83451461791992]
          ]
        ]
      }
    },
    {
      "type": "Feature",
      "properties": {
        "query_id": 665,
        "query_type": "nearest",
        "lat_min": 54.876072,
        "lat_max": 54.896069,
        "lon_min": 11.006171,
        "lon_max": 11.026172,
        "time_start": 21854644.0,
        "time_end": 48421556.0
      },
      "geometry": {
        "type": "Polygon",
        "coordinates": [
          [
            [11.006171226501465, 54.87607192993164],
            [11.026171684265137, 54.87607192993164],
            [11.026171684265137, 54.89606857299805],
            [11.006171226501465, 54.89606857299805],
            [11.006171226501465, 54.87607192993164]
          ]
        ]
      }
    },
    {
      "type": "Feature",
      "properties": {
        "query_id": 666,
        "query_type": "range",
        "lat_min": 57.669449,
        "lat_max": 57.690353,
        "lon_min": 9.26265,
        "lon_max": 9.306856,
        "time_start": 181879232.0,
        "time_end": 198519264.0
      },
      "geometry": {
        "type": "Polygon",
        "coordinates": [
          [
            [9.262649536132812, 57.66944885253906],
            [9.306856155395508, 57.66944885253906],
            [9.306856155395508, 57.69035339355469],
            [9.262649536132812, 57.69035339355469],
            [9.262649536132812, 57.66944885253906]
          ]
        ]
      }
    },
    {
      "type": "Feature",
      "properties": {
        "query_id": 667,
        "query_type": "range",
        "lat_min": 54.708622,
        "lat_max": 54.741634,
        "lon_min": 15.186717,
        "lon_max": 15.256543,
        "time_start": 122057240.0,
        "time_end": 141765376.0
      },
      "geometry": {
        "type": "Polygon",
        "coordinates": [
          [
            [15.18671703338623, 54.708621978759766],
            [15.256543159484863, 54.708621978759766],
            [15.256543159484863, 54.741634368896484],
            [15.18671703338623, 54.741634368896484],
            [15.18671703338623, 54.708621978759766]
          ]
        ]
      }
    },
    {
      "type": "Feature",
      "properties": {
        "query_id": 668,
        "query_type": "aggregation",
        "lat_min": 57.602329,
        "lat_max": 57.664745,
        "lon_min": 9.354758,
        "lon_max": 9.52971,
        "time_start": 127266784.0,
        "time_end": 152520224.0
      },
      "geometry": {
        "type": "Polygon",
        "coordinates": [
          [
            [9.354758262634277, 57.60232925415039],
            [9.529709815979004, 57.60232925415039],
            [9.529709815979004, 57.66474533081055],
            [9.354758262634277, 57.66474533081055],
            [9.354758262634277, 57.60232925415039]
          ]
        ]
      }
    },
    {
      "type": "Feature",
      "properties": {
        "query_id": 669,
        "query_type": "range",
        "lat_min": 57.547344,
        "lat_max": 57.687115,
        "lon_min": 9.01013,
        "lon_max": 9.305731,
        "time_start": 28661400.0,
        "time_end": 49765600.0
      },
      "geometry": {
        "type": "Polygon",
        "coordinates": [
          [
            [9.010129928588867, 57.54734420776367],
            [9.305730819702148, 57.54734420776367],
            [9.305730819702148, 57.68711471557617],
            [9.010129928588867, 57.68711471557617],
            [9.010129928588867, 57.54734420776367]
          ]
        ]
      }
    },
    {
      "type": "Feature",
      "properties": {
        "query_id": 670,
        "query_type": "aggregation",
        "lat_min": 57.174492,
        "lat_max": 57.214806,
        "lon_min": 5.995124,
        "lon_max": 6.108129,
        "time_start": 130041360.0,
        "time_end": 145075376.0
      },
      "geometry": {
        "type": "Polygon",
        "coordinates": [
          [
            [5.995123863220215, 57.17449188232422],
            [6.108128547668457, 57.17449188232422],
            [6.108128547668457, 57.214805603027344],
            [5.995123863220215, 57.214805603027344],
            [5.995123863220215, 57.17449188232422]
          ]
        ]
      }
    },
    {
      "type": "Feature",
      "properties": {
        "query_id": 671,
        "query_type": "intersection",
        "lat_min": 55.248245,
        "lat_max": 55.311111,
        "lon_min": 12.752634,
        "lon_max": 12.885592,
        "time_start": 234744608.0,
        "time_end": 240128896.0
      },
      "geometry": {
        "type": "Polygon",
        "coordinates": [
          [
            [12.752634048461914, 55.24824523925781],
            [12.885591506958008, 55.24824523925781],
            [12.885591506958008, 55.31111145019531],
            [12.752634048461914, 55.31111145019531],
            [12.752634048461914, 55.24824523925781]
          ]
        ]
      }
    },
    {
      "type": "Feature",
      "properties": {
        "query_id": 672,
        "query_type": "aggregation",
        "lat_min": 56.129471,
        "lat_max": 56.161606,
        "lon_min": 10.293991,
        "lon_max": 10.384056,
        "time_start": 240364112.0,
        "time_end": 265669088.0
      },
      "geometry": {
        "type": "Polygon",
        "coordinates": [
          [
            [10.293991088867188, 56.12947082519531],
            [10.384056091308594, 56.12947082519531],
            [10.384056091308594, 56.16160583496094],
            [10.293991088867188, 56.16160583496094],
            [10.293991088867188, 56.12947082519531]
          ]
        ]
      }
    },
    {
      "type": "Feature",
      "properties": {
        "query_id": 673,
        "query_type": "aggregation",
        "lat_min": 56.148457,
        "lat_max": 56.23048,
        "lon_min": 14.078908,
        "lon_max": 14.308816,
        "time_start": 189907472.0,
        "time_end": 197872976.0
      },
      "geometry": {
        "type": "Polygon",
        "coordinates": [
          [
            [14.07890796661377, 56.14845657348633],
            [14.308815956115723, 56.14845657348633],
            [14.308815956115723, 56.2304801940918],
            [14.07890796661377, 56.2304801940918],
            [14.07890796661377, 56.14845657348633]
          ]
        ]
      }
    },
    {
      "type": "Feature",
      "properties": {
        "query_id": 674,
        "query_type": "range",
        "lat_min": 54.804398,
        "lat_max": 54.859161,
        "lon_min": 11.063422,
        "lon_max": 11.179244,
        "time_start": 75601200.0,
        "time_end": 81709136.0
      },
      "geometry": {
        "type": "Polygon",
        "coordinates": [
          [
            [11.063422203063965, 54.80439758300781],
            [11.179244041442871, 54.80439758300781],
            [11.179244041442871, 54.859161376953125],
            [11.063422203063965, 54.859161376953125],
            [11.063422203063965, 54.80439758300781]
          ]
        ]
      }
    },
    {
      "type": "Feature",
      "properties": {
        "query_id": 675,
        "query_type": "intersection",
        "lat_min": 54.637199,
        "lat_max": 54.659042,
        "lon_min": 10.703754,
        "lon_max": 10.749952,
        "time_start": 8463035.0,
        "time_end": 17491568.0
      },
      "geometry": {
        "type": "Polygon",
        "coordinates": [
          [
            [10.703754425048828, 54.63719940185547],
            [10.74995231628418, 54.63719940185547],
            [10.74995231628418, 54.65904235839844],
            [10.703754425048828, 54.65904235839844],
            [10.703754425048828, 54.63719940185547]
          ]
        ]
      }
    },
    {
      "type": "Feature",
      "properties": {
        "query_id": 676,
        "query_type": "nearest",
        "lat_min": 54.697647,
        "lat_max": 54.717644,
        "lon_min": 12.621093,
        "lon_max": 12.641093,
        "time_start": 45756304.0,
        "time_end": 72323216.0
      },
      "geometry": {
        "type": "Polygon",
        "coordinates": [
          [
            [12.621092796325684, 54.69764709472656],
            [12.641093254089355, 54.69764709472656],
            [12.641093254089355, 54.71764373779297],
            [12.621092796325684, 54.71764373779297],
            [12.621092796325684, 54.69764709472656]
          ]
        ]
      }
    },
    {
      "type": "Feature",
      "properties": {
        "query_id": 677,
        "query_type": "aggregation",
        "lat_min": 55.941013,
        "lat_max": 55.995022,
        "lon_min": 6.572107,
        "lon_max": 6.723497,
        "time_start": 248438224.0,
        "time_end": 259693424.0
      },
      "geometry": {
        "type": "Polygon",
        "coordinates": [
          [
            [6.572107315063477, 55.94101333618164],
            [6.72349739074707, 55.94101333618164],
            [6.72349739074707, 55.99502182006836],
            [6.572107315063477, 55.99502182006836],
            [6.572107315063477, 55.94101333618164]
          ]
        ]
      }
    },
    {
      "type": "Feature",
      "properties": {
        "query_id": 678,
        "query_type": "nearest",
        "lat_min": 55.422779,
        "lat_max": 55.442776,
        "lon_min": 12.140935,
        "lon_max": 12.160935,
        "time_start": 181544400.0,
        "time_end": 208111312.0
      },
      "geometry": {
        "type": "Polygon",
        "coordinates": [
          [
            [12.140934944152832, 55.42277908325195],
            [12.160935401916504, 55.42277908325195],
            [12.160935401916504, 55.44277572631836],
            [12.140934944152832, 55.44277572631836],
            [12.140934944152832, 55.42277908325195]
          ]
        ]
      }
    },
    {
      "type": "Feature",
      "properties": {
        "query_id": 679,
        "query_type": "range",
        "lat_min": 57.618511,
        "lat_max": 57.758595,
        "lon_min": 11.177631,
        "lon_max": 11.473898,
        "time_start": 250135392.0,
        "time_end": 265669088.0
      },
      "geometry": {
        "type": "Polygon",
        "coordinates": [
          [
            [11.177631378173828, 57.61851119995117],
            [11.473897933959961, 57.61851119995117],
            [11.473897933959961, 57.75859451293945],
            [11.177631378173828, 57.75859451293945],
            [11.177631378173828, 57.61851119995117]
          ]
        ]
      }
    },
    {
      "type": "Feature",
      "properties": {
        "query_id": 680,
        "query_type": "aggregation",
        "lat_min": 57.42115,
        "lat_max": 57.432686,
        "lon_min": 5.802098,
        "lon_max": 5.83444,
        "time_start": 76381440.0,
        "time_end": 85870304.0
      },
      "geometry": {
        "type": "Polygon",
        "coordinates": [
          [
            [5.802097797393799, 57.42115020751953],
            [5.834439754486084, 57.42115020751953],
            [5.834439754486084, 57.43268585205078],
            [5.802097797393799, 57.43268585205078],
            [5.802097797393799, 57.42115020751953]
          ]
        ]
      }
    },
    {
      "type": "Feature",
      "properties": {
        "query_id": 681,
        "query_type": "aggregation",
        "lat_min": 56.213585,
        "lat_max": 56.262535,
        "lon_min": 12.117444,
        "lon_max": 12.254653,
        "time_start": 97427936.0,
        "time_end": 121275984.0
      },
      "geometry": {
        "type": "Polygon",
        "coordinates": [
          [
            [12.117444038391113, 56.213584899902344],
            [12.254652976989746, 56.213584899902344],
            [12.254652976989746, 56.262535095214844],
            [12.117444038391113, 56.262535095214844],
            [12.117444038391113, 56.213584899902344]
          ]
        ]
      }
    },
    {
      "type": "Feature",
      "properties": {
        "query_id": 682,
        "query_type": "intersection",
        "lat_min": 56.138287,
        "lat_max": 56.16341,
        "lon_min": 10.20709,
        "lon_max": 10.260229,
        "time_start": 199412976.0,
        "time_end": 216993008.0
      },
      "geometry": {
        "type": "Polygon",
        "coordinates": [
          [
            [10.207090377807617, 56.13828659057617],
            [10.260229110717773, 56.13828659057617],
            [10.260229110717773, 56.16341018676758],
            [10.207090377807617, 56.16341018676758],
            [10.207090377807617, 56.13828659057617]
          ]
        ]
      }
    },
    {
      "type": "Feature",
      "properties": {
        "query_id": 683,
        "query_type": "nearest",
        "lat_min": 54.5639,
        "lat_max": 54.583897,
        "lon_min": 11.861465,
        "lon_max": 11.881466,
        "time_start": 67827424.0,
        "time_end": 94394336.0
      },
      "geometry": {
        "type": "Polygon",
        "coordinates": [
          [
            [11.861465454101562, 54.563899993896484],
            [11.881465911865234, 54.563899993896484],
            [11.881465911865234, 54.58389663696289],
            [11.861465454101562, 54.58389663696289],
            [11.861465454101562, 54.563899993896484]
          ]
        ]
      }
    },
    {
      "type": "Feature",
      "properties": {
        "query_id": 684,
        "query_type": "aggregation",
        "lat_min": 54.327839,
        "lat_max": 54.422359,
        "lon_min": 6.658971,
        "lon_max": 6.92391,
        "time_start": 49128180.0,
        "time_end": 60280756.0
      },
      "geometry": {
        "type": "Polygon",
        "coordinates": [
          [
            [6.658970832824707, 54.32783889770508],
            [6.923910140991211, 54.32783889770508],
            [6.923910140991211, 54.422359466552734],
            [6.658970832824707, 54.422359466552734],
            [6.658970832824707, 54.32783889770508]
          ]
        ]
      }
    },
    {
      "type": "Feature",
      "properties": {
        "query_id": 685,
        "query_type": "range",
        "lat_min": 57.73864,
        "lat_max": 57.806755,
        "lon_min": 11.545825,
        "lon_max": 11.689881,
        "time_start": 165462848.0,
        "time_end": 174264832.0
      },
      "geometry": {
        "type": "Polygon",
        "coordinates": [
          [
            [11.545825004577637, 57.73863983154297],
            [11.689881324768066, 57.73863983154297],
            [11.689881324768066, 57.80675506591797],
            [11.545825004577637, 57.80675506591797],
            [11.545825004577637, 57.73863983154297]
          ]
        ]
      }
    },
    {
      "type": "Feature",
      "properties": {
        "query_id": 686,
        "query_type": "aggregation",
        "lat_min": 56.466225,
        "lat_max": 56.480591,
        "lon_min": 8.118245,
        "lon_max": 8.158504,
        "time_start": 154063488.0,
        "time_end": 162117248.0
      },
      "geometry": {
        "type": "Polygon",
        "coordinates": [
          [
            [8.118245124816895, 56.466224670410156],
            [8.158503532409668, 56.466224670410156],
            [8.158503532409668, 56.4805908203125],
            [8.118245124816895, 56.4805908203125],
            [8.118245124816895, 56.466224670410156]
          ]
        ]
      }
    },
    {
      "type": "Feature",
      "properties": {
        "query_id": 687,
        "query_type": "range",
        "lat_min": 56.328362,
        "lat_max": 56.454735,
        "lon_min": 7.238629,
        "lon_max": 7.505904,
        "time_start": 150519488.0,
        "time_end": 153541088.0
      },
      "geometry": {
        "type": "Polygon",
        "coordinates": [
          [
            [7.238629341125488, 56.32836151123047],
            [7.505904197692871, 56.32836151123047],
            [7.505904197692871, 56.454734802246094],
            [7.238629341125488, 56.454734802246094],
            [7.238629341125488, 56.32836151123047]
          ]
        ]
      }
    },
    {
      "type": "Feature",
      "properties": {
        "query_id": 688,
        "query_type": "aggregation",
        "lat_min": 57.906387,
        "lat_max": 57.952164,
        "lon_min": 12.776565,
        "lon_max": 12.904878,
        "time_start": 168670464.0,
        "time_end": 185012896.0
      },
      "geometry": {
        "type": "Polygon",
        "coordinates": [
          [
            [12.776564598083496, 57.90638732910156],
            [12.904877662658691, 57.90638732910156],
            [12.904877662658691, 57.95216369628906],
            [12.776564598083496, 57.95216369628906],
            [12.776564598083496, 57.90638732910156]
          ]
        ]
      }
    },
    {
      "type": "Feature",
      "properties": {
        "query_id": 689,
        "query_type": "range",
        "lat_min": 57.293964,
        "lat_max": 57.369434,
        "lon_min": 11.453111,
        "lon_max": 11.612723,
        "time_start": 207920032.0,
        "time_end": 227040256.0
      },
      "geometry": {
        "type": "Polygon",
        "coordinates": [
          [
            [11.453110694885254, 57.29396438598633],
            [11.612723350524902, 57.29396438598633],
            [11.612723350524902, 57.36943435668945],
            [11.453110694885254, 57.36943435668945],
            [11.453110694885254, 57.29396438598633]
          ]
        ]
      }
    },
    {
      "type": "Feature",
      "properties": {
        "query_id": 690,
        "query_type": "aggregation",
        "lat_min": 57.015388,
        "lat_max": 57.040802,
        "lon_min": 12.222725,
        "lon_max": 12.293961,
        "time_start": 38377524.0,
        "time_end": 47448276.0
      },
      "geometry": {
        "type": "Polygon",
        "coordinates": [
          [
            [12.222724914550781, 57.01538848876953],
            [12.293960571289062, 57.01538848876953],
            [12.293960571289062, 57.040802001953125],
            [12.222724914550781, 57.040802001953125],
            [12.222724914550781, 57.01538848876953]
          ]
        ]
      }
    },
    {
      "type": "Feature",
      "properties": {
        "query_id": 691,
        "query_type": "nearest",
        "lat_min": 56.879467,
        "lat_max": 56.899464,
        "lon_min": 12.102946,
        "lon_max": 12.122947,
        "time_start": 225095232.0,
        "time_end": 251662144.0
      },
      "geometry": {
        "type": "Polygon",
        "coordinates": [
          [
            [12.102946281433105, 56.87946701049805],
            [12.122946739196777, 56.87946701049805],
            [12.122946739196777, 56.89946365356445],
            [12.102946281433105, 56.89946365356445],
            [12.102946281433105, 56.87946701049805]
          ]
        ]
      }
    },
    {
      "type": "Feature",
      "properties": {
        "query_id": 692,
        "query_type": "nearest",
        "lat_min": 55.593624,
        "lat_max": 55.613621,
        "lon_min": 15.080179,
        "lon_max": 15.10018,
        "time_start": 249737168.0,
        "time_end": 276304064.0
      },
      "geometry": {
        "type": "Polygon",
        "coordinates": [
          [
            [15.080179214477539, 55.593624114990234],
            [15.100179672241211, 55.593624114990234],
            [15.100179672241211, 55.61362075805664],
            [15.080179214477539, 55.61362075805664],
            [15.080179214477539, 55.593624114990234]
          ]
        ]
      }
    },
    {
      "type": "Feature",
      "properties": {
        "query_id": 693,
        "query_type": "intersection",
        "lat_min": 55.235371,
        "lat_max": 55.256443,
        "lon_min": 14.288235,
        "lon_max": 14.332802,
        "time_start": 101704832.0,
        "time_end": 118434992.0
      },
      "geometry": {
        "type": "Polygon",
        "coordinates": [
          [
            [14.28823471069336, 55.23537063598633],
            [14.332801818847656, 55.23537063598633],
            [14.332801818847656, 55.25644302368164],
            [14.28823471069336, 55.25644302368164],
            [14.28823471069336, 55.23537063598633]
          ]
        ]
      }
    },
    {
      "type": "Feature",
      "properties": {
        "query_id": 694,
        "query_type": "aggregation",
        "lat_min": 56.565479,
        "lat_max": 56.626995,
        "lon_min": 6.741498,
        "lon_max": 6.913925,
        "time_start": 223290656.0,
        "time_end": 246708448.0
      },
      "geometry": {
        "type": "Polygon",
        "coordinates": [
          [
            [6.74149751663208, 56.56547927856445],
            [6.913924694061279, 56.56547927856445],
            [6.913924694061279, 56.62699508666992],
            [6.74149751663208, 56.62699508666992],
            [6.74149751663208, 56.56547927856445]
          ]
        ]
      }
    },
    {
      "type": "Feature",
      "properties": {
        "query_id": 695,
        "query_type": "nearest",
        "lat_min": 57.425312,
        "lat_max": 57.445309,
        "lon_min": 10.47585,
        "lon_max": 10.495851,
        "time_start": 47897704.0,
        "time_end": 74464616.0
      },
      "geometry": {
        "type": "Polygon",
        "coordinates": [
          [
            [10.475850105285645, 57.42531204223633],
            [10.495850563049316, 57.42531204223633],
            [10.495850563049316, 57.445308685302734],
            [10.475850105285645, 57.445308685302734],
            [10.475850105285645, 57.42531204223633]
          ]
        ]
      }
    },
    {
      "type": "Feature",
      "properties": {
        "query_id": 696,
        "query_type": "aggregation",
        "lat_min": 56.018948,
        "lat_max": 56.06496,
        "lon_min": 9.116171,
        "lon_max": 9.245148,
        "time_start": 36924676.0,
        "time_end": 46315628.0
      },
      "geometry": {
        "type": "Polygon",
        "coordinates": [
          [
            [9.116170883178711, 56.01894760131836],
            [9.245147705078125, 56.01894760131836],
            [9.245147705078125, 56.06496047973633],
            [9.116170883178711, 56.06496047973633],
            [9.116170883178711, 56.01894760131836]
          ]
        ]
      }
    },
    {
      "type": "Feature",
      "properties": {
        "query_id": 697,
        "query_type": "aggregation",
        "lat_min": 56.881939,
        "lat_max": 56.931446,
        "lon_min": 12.547617,
        "lon_max": 12.686394,
        "time_start": 201430336.0,
        "time_end": 226296000.0
      },
      "geometry": {
        "type": "Polygon",
        "coordinates": [
          [
            [12.547616958618164, 56.88193893432617],
            [12.686393737792969, 56.88193893432617],
            [12.686393737792969, 56.93144607543945],
            [12.547616958618164, 56.93144607543945],
            [12.547616958618164, 56.88193893432617]
          ]
        ]
      }
    },
    {
      "type": "Feature",
      "properties": {
        "query_id": 698,
        "query_type": "aggregation",
        "lat_min": 57.021076,
        "lat_max": 57.05547,
        "lon_min": 14.768703,
        "lon_max": 14.865104,
        "time_start": 45659804.0,
        "time_end": 58666596.0
      },
      "geometry": {
        "type": "Polygon",
        "coordinates": [
          [
            [14.768702507019043, 57.02107620239258],
            [14.865103721618652, 57.02107620239258],
            [14.865103721618652, 57.05546951293945],
            [14.768702507019043, 57.05546951293945],
            [14.768702507019043, 57.02107620239258]
          ]
        ]
      }
    },
    {
      "type": "Feature",
      "properties": {
        "query_id": 699,
        "query_type": "aggregation",
        "lat_min": 54.695354,
        "lat_max": 54.719013,
        "lon_min": 13.228376,
        "lon_max": 13.294699,
        "time_start": 96673416.0,
        "time_end": 110047656.0
      },
      "geometry": {
        "type": "Polygon",
        "coordinates": [
          [
            [13.228376388549805, 54.69535446166992],
            [13.294698715209961, 54.69535446166992],
            [13.294698715209961, 54.71901321411133],
            [13.228376388549805, 54.71901321411133],
            [13.228376388549805, 54.69535446166992]
          ]
        ]
      }
    },
    {
      "type": "Feature",
      "properties": {
        "query_id": 700,
        "query_type": "range",
        "lat_min": 57.094475,
        "lat_max": 57.150726,
        "lon_min": 7.838984,
        "lon_max": 7.957951,
        "time_start": 177801984.0,
        "time_end": 197113216.0
      },
      "geometry": {
        "type": "Polygon",
        "coordinates": [
          [
            [7.838983535766602, 57.09447479248047],
            [7.957950592041016, 57.09447479248047],
            [7.957950592041016, 57.150726318359375],
            [7.838983535766602, 57.150726318359375],
            [7.838983535766602, 57.09447479248047]
          ]
        ]
      }
    },
    {
      "type": "Feature",
      "properties": {
        "query_id": 701,
        "query_type": "aggregation",
        "lat_min": 57.375748,
        "lat_max": 57.487282,
        "lon_min": 13.016682,
        "lon_max": 13.329302,
        "time_start": 59480584.0,
        "time_end": 81493720.0
      },
      "geometry": {
        "type": "Polygon",
        "coordinates": [
          [
            [13.016681671142578, 57.37574768066406],
            [13.329301834106445, 57.37574768066406],
            [13.329301834106445, 57.487281799316406],
            [13.016681671142578, 57.487281799316406],
            [13.016681671142578, 57.37574768066406]
          ]
        ]
      }
    },
    {
      "type": "Feature",
      "properties": {
        "query_id": 702,
        "query_type": "intersection",
        "lat_min": 55.125977,
        "lat_max": 55.2715,
        "lon_min": 7.237458,
        "lon_max": 7.545232,
        "time_start": 28623724.0,
        "time_end": 44845460.0
      },
      "geometry": {
        "type": "Polygon",
        "coordinates": [
          [
            [7.237457752227783, 55.1259765625],
            [7.54523229598999, 55.1259765625],
            [7.54523229598999, 55.27149963378906],
            [7.237457752227783, 55.27149963378906],
            [7.237457752227783, 55.1259765625]
          ]
        ]
      }
    },
    {
      "type": "Feature",
      "properties": {
        "query_id": 703,
        "query_type": "range",
        "lat_min": 57.489845,
        "lat_max": 57.637642,
        "lon_min": 9.069663,
        "lon_max": 9.382243,
        "time_start": 64609964.0,
        "time_end": 77850424.0
      },
      "geometry": {
        "type": "Polygon",
        "coordinates": [
          [
            [9.069663047790527, 57.489845275878906],
            [9.382243156433105, 57.489845275878906],
            [9.382243156433105, 57.63764190673828],
            [9.069663047790527, 57.63764190673828],
            [9.069663047790527, 57.489845275878906]
          ]
        ]
      }
    },
    {
      "type": "Feature",
      "properties": {
        "query_id": 704,
        "query_type": "range",
        "lat_min": 57.793907,
        "lat_max": 57.840195,
        "lon_min": 10.420691,
        "lon_max": 10.518583,
        "time_start": 223310288.0,
        "time_end": 227124720.0
      },
      "geometry": {
        "type": "Polygon",
        "coordinates": [
          [
            [10.420690536499023, 57.793907165527344],
            [10.518583297729492, 57.793907165527344],
            [10.518583297729492, 57.84019470214844],
            [10.420690536499023, 57.84019470214844],
            [10.420690536499023, 57.793907165527344]
          ]
        ]
      }
    },
    {
      "type": "Feature",
      "properties": {
        "query_id": 705,
        "query_type": "range",
        "lat_min": 54.68848,
        "lat_max": 54.742138,
        "lon_min": 14.251435,
        "lon_max": 14.364915,
        "time_start": 39514776.0,
        "time_end": 52811872.0
      },
      "geometry": {
        "type": "Polygon",
        "coordinates": [
          [
            [14.251435279846191, 54.688480377197266],
            [14.364914894104004, 54.688480377197266],
            [14.364914894104004, 54.74213790893555],
            [14.251435279846191, 54.74213790893555],
            [14.251435279846191, 54.688480377197266]
          ]
        ]
      }
    },
    {
      "type": "Feature",
      "properties": {
        "query_id": 706,
        "query_type": "nearest",
        "lat_min": 57.423145,
        "lat_max": 57.443142,
        "lon_min": 10.563351,
        "lon_max": 10.583351,
        "time_start": 121890176.0,
        "time_end": 148457088.0
      },
      "geometry": {
        "type": "Polygon",
        "coordinates": [
          [
            [10.563350677490234, 57.42314529418945],
            [10.583351135253906, 57.42314529418945],
            [10.583351135253906, 57.44314193725586],
            [10.563350677490234, 57.44314193725586],
            [10.563350677490234, 57.42314529418945]
          ]
        ]
      }
    },
    {
      "type": "Feature",
      "properties": {
        "query_id": 707,
        "query_type": "intersection",
        "lat_min": 54.581203,
        "lat_max": 54.722454,
        "lon_min": 12.350461,
        "lon_max": 12.649205,
        "time_start": 170659488.0,
        "time_end": 184931904.0
      },
      "geometry": {
        "type": "Polygon",
        "coordinates": [
          [
            [12.35046100616455, 54.58120346069336],
            [12.649205207824707, 54.58120346069336],
            [12.649205207824707, 54.72245407104492],
            [12.35046100616455, 54.72245407104492],
            [12.35046100616455, 54.58120346069336]
          ]
        ]
      }
    },
    {
      "type": "Feature",
      "properties": {
        "query_id": 708,
        "query_type": "range",
        "lat_min": 55.721134,
        "lat_max": 55.833553,
        "lon_min": 15.260599,
        "lon_max": 15.498362,
        "time_start": 19298192.0,
        "time_end": 33128252.0
      },
      "geometry": {
        "type": "Polygon",
        "coordinates": [
          [
            [15.260599136352539, 55.721134185791016],
            [15.498361587524414, 55.721134185791016],
            [15.498361587524414, 55.833553314208984],
            [15.260599136352539, 55.833553314208984],
            [15.260599136352539, 55.721134185791016]
          ]
        ]
      }
    },
    {
      "type": "Feature",
      "properties": {
        "query_id": 709,
        "query_type": "nearest",
        "lat_min": 57.503372,
        "lat_max": 57.523369,
        "lon_min": 8.084699,
        "lon_max": 8.104699,
        "time_start": 122576528.0,
        "time_end": 149143440.0
      },
      "geometry": {
        "type": "Polygon",
        "coordinates": [
          [
            [8.084698677062988, 57.50337219238281],
            [8.10469913482666, 57.50337219238281],
            [8.10469913482666, 57.52336883544922],
            [8.084698677062988, 57.52336883544922],
            [8.084698677062988, 57.50337219238281]
          ]
        ]
      }
    },
    {
      "type": "Feature",
      "properties": {
        "query_id": 710,
        "query_type": "intersection",
        "lat_min": 54.519524,
        "lat_max": 54.641304,
        "lon_min": 10.896234,
        "lon_max": 11.15379,
        "time_start": 239509040.0,
        "time_end": 262194576.0
      },
      "geometry": {
        "type": "Polygon",
        "coordinates": [
          [
            [10.896233558654785, 54.51952362060547],
            [11.153790473937988, 54.51952362060547],
            [11.153790473937988, 54.64130401611328],
            [10.896233558654785, 54.64130401611328],
            [10.896233558654785, 54.51952362060547]
          ]
        ]
      }
    },
    {
      "type": "Feature",
      "properties": {
        "query_id": 711,
        "query_type": "nearest",
        "lat_min": 57.8302,
        "lat_max": 57.850197,
        "lon_min": 10.74507,
        "lon_max": 10.76507,
        "time_start": 224096352.0,
        "time_end": 250663264.0
      },
      "geometry": {
        "type": "Polygon",
        "coordinates": [
          [
            [10.74506950378418, 57.8302001953125],
            [10.765069961547852, 57.8302001953125],
            [10.765069961547852, 57.850196838378906],
            [10.74506950378418, 57.850196838378906],
            [10.74506950378418, 57.8302001953125]
          ]
        ]
      }
    },
    {
      "type": "Feature",
      "properties": {
        "query_id": 712,
        "query_type": "aggregation",
        "lat_min": 56.817379,
        "lat_max": 56.87833,
        "lon_min": 6.869741,
        "lon_max": 7.040583,
        "time_start": 182322944.0,
        "time_end": 190102176.0
      },
      "geometry": {
        "type": "Polygon",
        "coordinates": [
          [
            [6.869741439819336, 56.817378997802734],
            [7.040582656860352, 56.817378997802734],
            [7.040582656860352, 56.87833023071289],
            [6.869741439819336, 56.87833023071289],
            [6.869741439819336, 56.817378997802734]
          ]
        ]
      }
    },
    {
      "type": "Feature",
      "properties": {
        "query_id": 713,
        "query_type": "nearest",
        "lat_min": 57.499161,
        "lat_max": 57.519157,
        "lon_min": 11.448777,
        "lon_max": 11.468778,
        "time_start": 126401824.0,
        "time_end": 152968736.0
      },
      "geometry": {
        "type": "Polygon",
        "coordinates": [
          [
            [11.448777198791504, 57.49916076660156],
            [11.468777656555176, 57.49916076660156],
            [11.468777656555176, 57.51915740966797],
            [11.448777198791504, 57.51915740966797],
            [11.448777198791504, 57.49916076660156]
          ]
        ]
      }
    },
    {
      "type": "Feature",
      "properties": {
        "query_id": 714,
        "query_type": "intersection",
        "lat_min": 57.511162,
        "lat_max": 57.541901,
        "lon_min": 11.410075,
        "lon_max": 11.475085,
        "time_start": 162454576.0,
        "time_end": 186881968.0
      },
      "geometry": {
        "type": "Polygon",
        "coordinates": [
          [
            [11.410075187683105, 57.51116180419922],
            [11.475085258483887, 57.51116180419922],
            [11.475085258483887, 57.541900634765625],
            [11.410075187683105, 57.541900634765625],
            [11.410075187683105, 57.51116180419922]
          ]
        ]
      }
    },
    {
      "type": "Feature",
      "properties": {
        "query_id": 715,
        "query_type": "range",
        "lat_min": 57.268467,
        "lat_max": 57.398571,
        "lon_min": 8.139789,
        "lon_max": 8.414952,
        "time_start": 227014208.0,
        "time_end": 253093792.0
      },
      "geometry": {
        "type": "Polygon",
        "coordinates": [
          [
            [8.139788627624512, 57.26846694946289],
            [8.414952278137207, 57.26846694946289],
            [8.414952278137207, 57.3985710144043],
            [8.139788627624512, 57.3985710144043],
            [8.139788627624512, 57.26846694946289]
          ]
        ]
      }
    },
    {
      "type": "Feature",
      "properties": {
        "query_id": 716,
        "query_type": "aggregation",
        "lat_min": 55.696552,
        "lat_max": 55.774616,
        "lon_min": 6.137789,
        "lon_max": 6.356613,
        "time_start": 108606560.0,
        "time_end": 113654656.0
      },
      "geometry": {
        "type": "Polygon",
        "coordinates": [
          [
            [6.137789249420166, 55.69655227661133],
            [6.356612682342529, 55.69655227661133],
            [6.356612682342529, 55.77461624145508],
            [6.137789249420166, 55.77461624145508],
            [6.137789249420166, 55.69655227661133]
          ]
        ]
      }
    },
    {
      "type": "Feature",
      "properties": {
        "query_id": 717,
        "query_type": "range",
        "lat_min": 55.102509,
        "lat_max": 55.116547,
        "lon_min": 14.583628,
        "lon_max": 14.613312,
        "time_start": 149829760.0,
        "time_end": 157261408.0
      },
      "geometry": {
        "type": "Polygon",
        "coordinates": [
          [
            [14.583627700805664, 55.102508544921875],
            [14.613311767578125, 55.102508544921875],
            [14.613311767578125, 55.116546630859375],
            [14.583627700805664, 55.116546630859375],
            [14.583627700805664, 55.102508544921875]
          ]
        ]
      }
    },
    {
      "type": "Feature",
      "properties": {
        "query_id": 718,
        "query_type": "intersection",
        "lat_min": 56.057144,
        "lat_max": 56.178764,
        "lon_min": 12.342551,
        "lon_max": 12.599769,
        "time_start": 193540032.0,
        "time_end": 212624192.0
      },
      "geometry": {
        "type": "Polygon",
        "coordinates": [
          [
            [12.342551231384277, 56.05714416503906],
            [12.59976863861084, 56.05714416503906],
            [12.59976863861084, 56.17876434326172],
            [12.342551231384277, 56.17876434326172],
            [12.342551231384277, 56.05714416503906]
          ]
        ]
      }
    },
    {
      "type": "Feature",
      "properties": {
        "query_id": 719,
        "query_type": "intersection",
        "lat_min": 56.55983,
        "lat_max": 56.586205,
        "lon_min": 12.173895,
        "lon_max": 12.229671,
        "time_start": 152810960.0,
        "time_end": 162367504.0
      },
      "geometry": {
        "type": "Polygon",
        "coordinates": [
          [
            [12.173894882202148, 56.55982971191406],
            [12.229671478271484, 56.55982971191406],
            [12.229671478271484, 56.586204528808594],
            [12.173894882202148, 56.586204528808594],
            [12.173894882202148, 56.55982971191406]
          ]
        ]
      }
    },
    {
      "type": "Feature",
      "properties": {
        "query_id": 720,
        "query_type": "range",
        "lat_min": 55.242733,
        "lat_max": 55.26614,
        "lon_min": 13.371336,
        "lon_max": 13.420839,
        "time_start": 19149666.0,
        "time_end": 35671488.0
      },
      "geometry": {
        "type": "Polygon",
        "coordinates": [
          [
            [13.371335983276367, 55.242733001708984],
            [13.420839309692383, 55.242733001708984],
            [13.420839309692383, 55.26613998413086],
            [13.371335983276367, 55.26613998413086],
            [13.371335983276367, 55.242733001708984]
          ]
        ]
      }
    },
    {
      "type": "Feature",
      "properties": {
        "query_id": 721,
        "query_type": "range",
        "lat_min": 54.719891,
        "lat_max": 54.748318,
        "lon_min": 13.765902,
        "lon_max": 13.826019,
        "time_start": 13211616.0,
        "time_end": 25249716.0
      },
      "geometry": {
        "type": "Polygon",
        "coordinates": [
          [
            [13.765901565551758, 54.71989059448242],
            [13.826019287109375, 54.71989059448242],
            [13.826019287109375, 54.74831771850586],
            [13.765901565551758, 54.74831771850586],
            [13.765901565551758, 54.71989059448242]
          ]
        ]
      }
    },
    {
      "type": "Feature",
      "properties": {
        "query_id": 722,
        "query_type": "intersection",
        "lat_min": 55.977985,
        "lat_max": 56.079197,
        "lon_min": 11.094524,
        "lon_max": 11.30859,
        "time_start": 154697232.0,
        "time_end": 180046512.0
      },
      "geometry": {
        "type": "Polygon",
        "coordinates": [
          [
            [11.094524383544922, 55.97798538208008],
            [11.308589935302734, 55.97798538208008],
            [11.308589935302734, 56.07919692993164],
            [11.094524383544922, 56.07919692993164],
            [11.094524383544922, 55.97798538208008]
          ]
        ]
      }
    },
    {
      "type": "Feature",
      "properties": {
        "query_id": 723,
        "query_type": "aggregation",
        "lat_min": 56.191017,
        "lat_max": 56.214584,
        "lon_min": 7.037254,
        "lon_max": 7.103318,
        "time_start": 40015496.0,
        "time_end": 45065040.0
      },
      "geometry": {
        "type": "Polygon",
        "coordinates": [
          [
            [7.0372538566589355, 56.191017150878906],
            [7.103317737579346, 56.191017150878906],
            [7.103317737579346, 56.21458435058594],
            [7.0372538566589355, 56.21458435058594],
            [7.0372538566589355, 56.191017150878906]
          ]
        ]
      }
    },
    {
      "type": "Feature",
      "properties": {
        "query_id": 724,
        "query_type": "aggregation",
        "lat_min": 56.968708,
        "lat_max": 56.983723,
        "lon_min": 13.21158,
        "lon_max": 13.25366,
        "time_start": 7406287.0,
        "time_end": 25502212.0
      },
      "geometry": {
        "type": "Polygon",
        "coordinates": [
          [
            [13.211580276489258, 56.96870803833008],
            [13.253660202026367, 56.96870803833008],
            [13.253660202026367, 56.98372268676758],
            [13.211580276489258, 56.98372268676758],
            [13.211580276489258, 56.96870803833008]
          ]
        ]
      }
    },
    {
      "type": "Feature",
      "properties": {
        "query_id": 725,
        "query_type": "range",
        "lat_min": 57.133621,
        "lat_max": 57.149498,
        "lon_min": 7.720142,
        "lon_max": 7.753728,
        "time_start": 70982808.0,
        "time_end": 74632120.0
      },
      "geometry": {
        "type": "Polygon",
        "coordinates": [
          [
            [7.720141887664795, 57.13362121582031],
            [7.75372838973999, 57.13362121582031],
            [7.75372838973999, 57.149497985839844],
            [7.720141887664795, 57.149497985839844],
            [7.720141887664795, 57.13362121582031]
          ]
        ]
      }
    },
    {
      "type": "Feature",
      "properties": {
        "query_id": 726,
        "query_type": "nearest",
        "lat_min": 57.670246,
        "lat_max": 57.690243,
        "lon_min": 11.600404,
        "lon_max": 11.620404,
        "time_start": 16772645.0,
        "time_end": 43339556.0
      },
      "geometry": {
        "type": "Polygon",
        "coordinates": [
          [
            [11.600403785705566, 57.67024612426758],
            [11.620404243469238, 57.67024612426758],
            [11.620404243469238, 57.690242767333984],
            [11.600403785705566, 57.690242767333984],
            [11.600403785705566, 57.67024612426758]
          ]
        ]
      }
    },
    {
      "type": "Feature",
      "properties": {
        "query_id": 727,
        "query_type": "aggregation",
        "lat_min": 57.792866,
        "lat_max": 57.841991,
        "lon_min": 12.648037,
        "lon_max": 12.785746,
        "time_start": 223203696.0,
        "time_end": 236819664.0
      },
      "geometry": {
        "type": "Polygon",
        "coordinates": [
          [
            [12.64803695678711, 57.79286575317383],
            [12.785745620727539, 57.79286575317383],
            [12.785745620727539, 57.84199142456055],
            [12.64803695678711, 57.84199142456055],
            [12.64803695678711, 57.79286575317383]
          ]
        ]
      }
    },
    {
      "type": "Feature",
      "properties": {
        "query_id": 728,
        "query_type": "aggregation",
        "lat_min": 56.316162,
        "lat_max": 56.408859,
        "lon_min": 11.043311,
        "lon_max": 11.303142,
        "time_start": 164657840.0,
        "time_end": 170403184.0
      },
      "geometry": {
        "type": "Polygon",
        "coordinates": [
          [
            [11.04331111907959, 56.316162109375],
            [11.303141593933105, 56.316162109375],
            [11.303141593933105, 56.40885925292969],
            [11.04331111907959, 56.40885925292969],
            [11.04331111907959, 56.316162109375]
          ]
        ]
      }
    },
    {
      "type": "Feature",
      "properties": {
        "query_id": 729,
        "query_type": "nearest",
        "lat_min": 57.652596,
        "lat_max": 57.672592,
        "lon_min": 12.023885,
        "lon_max": 12.043885,
        "time_start": 216376928.0,
        "time_end": 242943840.0
      },
      "geometry": {
        "type": "Polygon",
        "coordinates": [
          [
            [12.023884773254395, 57.65259552001953],
            [12.043885231018066, 57.65259552001953],
            [12.043885231018066, 57.67259216308594],
            [12.023884773254395, 57.67259216308594],
            [12.023884773254395, 57.65259552001953]
          ]
        ]
      }
    },
    {
      "type": "Feature",
      "properties": {
        "query_id": 730,
        "query_type": "nearest",
        "lat_min": 54.698074,
        "lat_max": 54.718071,
        "lon_min": 12.891455,
        "lon_max": 12.911455,
        "time_start": 244046880.0,
        "time_end": 270613792.0
      },
      "geometry": {
        "type": "Polygon",
        "coordinates": [
          [
            [12.891454696655273, 54.69807434082031],
            [12.911455154418945, 54.69807434082031],
            [12.911455154418945, 54.71807098388672],
            [12.891454696655273, 54.71807098388672],
            [12.891454696655273, 54.69807434082031]
          ]
        ]
      }
    },
    {
      "type": "Feature",
      "properties": {
        "query_id": 731,
        "query_type": "nearest",
        "lat_min": 56.81773,
        "lat_max": 56.837727,
        "lon_min": 11.896039,
        "lon_max": 11.916039,
        "time_start": 229355648.0,
        "time_end": 255922560.0
      },
      "geometry": {
        "type": "Polygon",
        "coordinates": [
          [
            [11.896039009094238, 56.81772994995117],
            [11.91603946685791, 56.81772994995117],
            [11.91603946685791, 56.83772659301758],
            [11.896039009094238, 56.83772659301758],
            [11.896039009094238, 56.81772994995117]
          ]
        ]
      }
    },
    {
      "type": "Feature",
      "properties": {
        "query_id": 732,
        "query_type": "aggregation",
        "lat_min": 54.374447,
        "lat_max": 54.447086,
        "lon_min": 7.295904,
        "lon_max": 7.499516,
        "time_start": 19996716.0,
        "time_end": 39207884.0
      },
      "geometry": {
        "type": "Polygon",
        "coordinates": [
          [
            [7.295904159545898, 54.374446868896484],
            [7.499515533447266, 54.374446868896484],
            [7.499515533447266, 54.447086334228516],
            [7.295904159545898, 54.447086334228516],
            [7.295904159545898, 54.374446868896484]
          ]
        ]
      }
    },
    {
      "type": "Feature",
      "properties": {
        "query_id": 733,
        "query_type": "intersection",
        "lat_min": 57.937435,
        "lat_max": 58.067783,
        "lon_min": 9.889503,
        "lon_max": 10.16519,
        "time_start": 112553904.0,
        "time_end": 133507616.0
      },
      "geometry": {
        "type": "Polygon",
        "coordinates": [
          [
            [9.889503479003906, 57.937435150146484],
            [10.165189743041992, 57.937435150146484],
            [10.165189743041992, 58.06778335571289],
            [9.889503479003906, 58.06778335571289],
            [9.889503479003906, 57.937435150146484]
          ]
        ]
      }
    },
    {
      "type": "Feature",
      "properties": {
        "query_id": 734,
        "query_type": "intersection",
        "lat_min": 55.912018,
        "lat_max": 56.033463,
        "lon_min": 11.238712,
        "lon_max": 11.495564,
        "time_start": 71853832.0,
        "time_end": 90656824.0
      },
      "geometry": {
        "type": "Polygon",
        "coordinates": [
          [
            [11.238712310791016, 55.912017822265625],
            [11.495563507080078, 55.912017822265625],
            [11.495563507080078, 56.03346252441406],
            [11.238712310791016, 56.03346252441406],
            [11.238712310791016, 55.912017822265625]
          ]
        ]
      }
    },
    {
      "type": "Feature",
      "properties": {
        "query_id": 735,
        "query_type": "intersection",
        "lat_min": 57.887749,
        "lat_max": 58.007263,
        "lon_min": 11.149184,
        "lon_max": 11.401952,
        "time_start": 90532968.0,
        "time_end": 101449800.0
      },
      "geometry": {
        "type": "Polygon",
        "coordinates": [
          [
            [11.149184226989746, 57.88774871826172],
            [11.401951789855957, 57.88774871826172],
            [11.401951789855957, 58.00726318359375],
            [11.149184226989746, 58.00726318359375],
            [11.149184226989746, 57.88774871826172]
          ]
        ]
      }
    },
    {
      "type": "Feature",
      "properties": {
        "query_id": 736,
        "query_type": "range",
        "lat_min": 57.698448,
        "lat_max": 57.775887,
        "lon_min": 9.369014,
        "lon_max": 9.532786,
        "time_start": 2957244.0,
        "time_end": 15265170.0
      },
      "geometry": {
        "type": "Polygon",
        "coordinates": [
          [
            [9.369013786315918, 57.698448181152344],
            [9.53278636932373, 57.698448181152344],
            [9.53278636932373, 57.77588653564453],
            [9.369013786315918, 57.77588653564453],
            [9.369013786315918, 57.698448181152344]
          ]
        ]
      }
    },
    {
      "type": "Feature",
      "properties": {
        "query_id": 737,
        "query_type": "aggregation",
        "lat_min": 54.760895,
        "lat_max": 54.824486,
        "lon_min": 13.361208,
        "lon_max": 13.539455,
        "time_start": 0.0,
        "time_end": 18923810.0
      },
      "geometry": {
        "type": "Polygon",
        "coordinates": [
          [
            [13.361207962036133, 54.760894775390625],
            [13.53945541381836, 54.760894775390625],
            [13.53945541381836, 54.824485778808594],
            [13.361207962036133, 54.824485778808594],
            [13.361207962036133, 54.760894775390625]
          ]
        ]
      }
    },
    {
      "type": "Feature",
      "properties": {
        "query_id": 738,
        "query_type": "aggregation",
        "lat_min": 55.606983,
        "lat_max": 55.693722,
        "lon_min": 5.210463,
        "lon_max": 5.453598,
        "time_start": 109881104.0,
        "time_end": 121921680.0
      },
      "geometry": {
        "type": "Polygon",
        "coordinates": [
          [
            [5.210463047027588, 55.60698318481445],
            [5.453597545623779, 55.60698318481445],
            [5.453597545623779, 55.693721771240234],
            [5.210463047027588, 55.693721771240234],
            [5.210463047027588, 55.60698318481445]
          ]
        ]
      }
    },
    {
      "type": "Feature",
      "properties": {
        "query_id": 739,
        "query_type": "nearest",
        "lat_min": 57.637379,
        "lat_max": 57.657375,
        "lon_min": 11.840667,
        "lon_max": 11.860667,
        "time_start": 103933624.0,
        "time_end": 130500536.0
      },
      "geometry": {
        "type": "Polygon",
        "coordinates": [
          [
            [11.840666770935059, 57.63737869262695],
            [11.86066722869873, 57.63737869262695],
            [11.86066722869873, 57.65737533569336],
            [11.840666770935059, 57.65737533569336],
            [11.840666770935059, 57.63737869262695]
          ]
        ]
      }
    },
    {
      "type": "Feature",
      "properties": {
        "query_id": 740,
        "query_type": "intersection",
        "lat_min": 57.081585,
        "lat_max": 57.10519,
        "lon_min": 11.918261,
        "lon_max": 11.968193,
        "time_start": 244966608.0,
        "time_end": 265669088.0
      },
      "geometry": {
        "type": "Polygon",
        "coordinates": [
          [
            [11.91826057434082, 57.08158493041992],
            [11.968193054199219, 57.08158493041992],
            [11.968193054199219, 57.10519027709961],
            [11.91826057434082, 57.10519027709961],
            [11.91826057434082, 57.08158493041992]
          ]
        ]
      }
    },
    {
      "type": "Feature",
      "properties": {
        "query_id": 741,
        "query_type": "nearest",
        "lat_min": 57.664242,
        "lat_max": 57.684238,
        "lon_min": 11.813757,
        "lon_max": 11.833757,
        "time_start": 55175888.0,
        "time_end": 81742800.0
      },
      "geometry": {
        "type": "Polygon",
        "coordinates": [
          [
            [11.813756942749023, 57.664241790771484],
            [11.833757400512695, 57.664241790771484],
            [11.833757400512695, 57.68423843383789],
            [11.813756942749023, 57.68423843383789],
            [11.813756942749023, 57.664241790771484]
          ]
        ]
      }
    },
    {
      "type": "Feature",
      "properties": {
        "query_id": 742,
        "query_type": "range",
        "lat_min": 55.7033,
        "lat_max": 55.797363,
        "lon_min": 11.686329,
        "lon_max": 11.885262,
        "time_start": 31772918.0,
        "time_end": 37504648.0
      },
      "geometry": {
        "type": "Polygon",
        "coordinates": [
          [
            [11.686328887939453, 55.70330047607422],
            [11.885261535644531, 55.70330047607422],
            [11.885261535644531, 55.79736328125],
            [11.686328887939453, 55.79736328125],
            [11.686328887939453, 55.70330047607422]
          ]
        ]
      }
    },
    {
      "type": "Feature",
      "properties": {
        "query_id": 743,
        "query_type": "intersection",
        "lat_min": 56.13929,
        "lat_max": 56.23288,
        "lon_min": 12.327725,
        "lon_max": 12.525668,
        "time_start": 46327936.0,
        "time_end": 57421344.0
      },
      "geometry": {
        "type": "Polygon",
        "coordinates": [
          [
            [12.327725410461426, 56.13928985595703],
            [12.525668144226074, 56.13928985595703],
            [12.525668144226074, 56.232879638671875],
            [12.327725410461426, 56.232879638671875],
            [12.327725410461426, 56.13928985595703]
          ]
        ]
      }
    },
    {
      "type": "Feature",
      "properties": {
        "query_id": 744,
        "query_type": "range",
        "lat_min": 57.592125,
        "lat_max": 57.631409,
        "lon_min": 11.079962,
        "lon_max": 11.163038,
        "time_start": 116992840.0,
        "time_end": 121457208.0
      },
      "geometry": {
        "type": "Polygon",
        "coordinates": [
          [
            [11.079961776733398, 57.592124938964844],
            [11.16303825378418, 57.592124938964844],
            [11.16303825378418, 57.63140869140625],
            [11.079961776733398, 57.63140869140625],
            [11.079961776733398, 57.592124938964844]
          ]
        ]
      }
    },
    {
      "type": "Feature",
      "properties": {
        "query_id": 745,
        "query_type": "range",
        "lat_min": 57.55447,
        "lat_max": 57.653065,
        "lon_min": 11.687007,
        "lon_max": 11.89553,
        "time_start": 46265048.0,
        "time_end": 54719352.0
      },
      "geometry": {
        "type": "Polygon",
        "coordinates": [
          [
            [11.687006950378418, 57.55447006225586],
            [11.895529747009277, 57.55447006225586],
            [11.895529747009277, 57.6530647277832],
            [11.687006950378418, 57.6530647277832],
            [11.687006950378418, 57.55447006225586]
          ]
        ]
      }
    },
    {
      "type": "Feature",
      "properties": {
        "query_id": 746,
        "query_type": "nearest",
        "lat_min": 57.301495,
        "lat_max": 57.321491,
        "lon_min": 7.677591,
        "lon_max": 7.697592,
        "time_start": 48895444.0,
        "time_end": 75462352.0
      },
      "geometry": {
        "type": "Polygon",
        "coordinates": [
          [
            [7.677591323852539, 57.30149459838867],
            [7.697591781616211, 57.30149459838867],
            [7.697591781616211, 57.32149124145508],
            [7.677591323852539, 57.32149124145508],
            [7.677591323852539, 57.30149459838867]
          ]
        ]
      }
    },
    {
      "type": "Feature",
      "properties": {
        "query_id": 747,
        "query_type": "intersection",
        "lat_min": 55.588684,
        "lat_max": 55.677452,
        "lon_min": 9.915897,
        "lon_max": 10.103636,
        "time_start": 197860416.0,
        "time_end": 217378624.0
      },
      "geometry": {
        "type": "Polygon",
        "coordinates": [
          [
            [9.915897369384766, 55.58868408203125],
            [10.103635787963867, 55.58868408203125],
            [10.103635787963867, 55.677452087402344],
            [9.915897369384766, 55.677452087402344],
            [9.915897369384766, 55.58868408203125]
          ]
        ]
      }
    },
    {
      "type": "Feature",
      "properties": {
        "query_id": 748,
        "query_type": "nearest",
        "lat_min": 54.765652,
        "lat_max": 54.785648,
        "lon_min": 15.728554,
        "lon_max": 15.748554,
        "time_start": 39360604.0,
        "time_end": 65927516.0
      },
      "geometry": {
        "type": "Polygon",
        "coordinates": [
          [
            [15.728553771972656, 54.76565170288086],
            [15.748554229736328, 54.76565170288086],
            [15.748554229736328, 54.785648345947266],
            [15.728553771972656, 54.785648345947266],
            [15.728553771972656, 54.76565170288086]
          ]
        ]
      }
    },
    {
      "type": "Feature",
      "properties": {
        "query_id": 749,
        "query_type": "nearest",
        "lat_min": 56.302757,
        "lat_max": 56.322754,
        "lon_min": 10.904656,
        "lon_max": 10.924657,
        "time_start": 165245760.0,
        "time_end": 191812672.0
      },
      "geometry": {
        "type": "Polygon",
        "coordinates": [
          [
            [10.904656410217285, 56.302757263183594],
            [10.924656867980957, 56.302757263183594],
            [10.924656867980957, 56.32275390625],
            [10.904656410217285, 56.32275390625],
            [10.904656410217285, 56.302757263183594]
          ]
        ]
      }
    },
    {
      "type": "Feature",
      "properties": {
        "query_id": 750,
        "query_type": "nearest",
        "lat_min": 57.183567,
        "lat_max": 57.203564,
        "lon_min": 8.422468,
        "lon_max": 8.442469,
        "time_start": 231201248.0,
        "time_end": 257768160.0
      },
      "geometry": {
        "type": "Polygon",
        "coordinates": [
          [
            [8.422468185424805, 57.18356704711914],
            [8.442468643188477, 57.18356704711914],
            [8.442468643188477, 57.20356369018555],
            [8.422468185424805, 57.20356369018555],
            [8.422468185424805, 57.18356704711914]
          ]
        ]
      }
    },
    {
      "type": "Feature",
      "properties": {
        "query_id": 751,
        "query_type": "nearest",
        "lat_min": 55.339943,
        "lat_max": 55.35994,
        "lon_min": 13.076303,
        "lon_max": 13.096303,
        "time_start": 84232504.0,
        "time_end": 110799416.0
      },
      "geometry": {
        "type": "Polygon",
        "coordinates": [
          [
            [13.076302528381348, 55.339942932128906],
            [13.09630298614502, 55.339942932128906],
            [13.09630298614502, 55.35993957519531],
            [13.076302528381348, 55.35993957519531],
            [13.076302528381348, 55.339942932128906]
          ]
        ]
      }
    },
    {
      "type": "Feature",
      "properties": {
        "query_id": 752,
        "query_type": "aggregation",
        "lat_min": 55.713295,
        "lat_max": 55.792946,
        "lon_min": 12.289193,
        "lon_max": 12.512446,
        "time_start": 14831612.0,
        "time_end": 25840016.0
      },
      "geometry": {
        "type": "Polygon",
        "coordinates": [
          [
            [12.289193153381348, 55.713294982910156],
            [12.512446403503418, 55.713294982910156],
            [12.512446403503418, 55.792945861816406],
            [12.289193153381348, 55.792945861816406],
            [12.289193153381348, 55.713294982910156]
          ]
        ]
      }
    },
    {
      "type": "Feature",
      "properties": {
        "query_id": 753,
        "query_type": "nearest",
        "lat_min": 54.403633,
        "lat_max": 54.42363,
        "lon_min": 11.755633,
        "lon_max": 11.775634,
        "time_start": 210875408.0,
        "time_end": 237442320.0
      },
      "geometry": {
        "type": "Polygon",
        "coordinates": [
          [
            [11.755633354187012, 54.40363311767578],
            [11.775633811950684, 54.40363311767578],
            [11.775633811950684, 54.42362976074219],
            [11.755633354187012, 54.42362976074219],
            [11.755633354187012, 54.40363311767578]
          ]
        ]
      }
    },
    {
      "type": "Feature",
      "properties": {
        "query_id": 754,
        "query_type": "nearest",
        "lat_min": 55.481613,
        "lat_max": 55.50161,
        "lon_min": 9.697465,
        "lon_max": 9.717465,
        "time_start": 25113424.0,
        "time_end": 51680336.0
      },
      "geometry": {
        "type": "Polygon",
        "coordinates": [
          [
            [9.697464942932129, 55.48161315917969],
            [9.7174654006958, 55.48161315917969],
            [9.7174654006958, 55.501609802246094],
            [9.697464942932129, 55.501609802246094],
            [9.697464942932129, 55.48161315917969]
          ]
        ]
      }
    },
    {
      "type": "Feature",
      "properties": {
        "query_id": 755,
        "query_type": "aggregation",
        "lat_min": 57.599937,
        "lat_max": 57.670341,
        "lon_min": 8.043453,
        "lon_max": 8.240803,
        "time_start": 27833802.0,
        "time_end": 36135712.0
      },
      "geometry": {
        "type": "Polygon",
        "coordinates": [
          [
            [8.043453216552734, 57.599937438964844],
            [8.240802764892578, 57.599937438964844],
            [8.240802764892578, 57.67034149169922],
            [8.043453216552734, 57.67034149169922],
            [8.043453216552734, 57.599937438964844]
          ]
        ]
      }
    },
    {
      "type": "Feature",
      "properties": {
        "query_id": 756,
        "query_type": "range",
        "lat_min": 55.203758,
        "lat_max": 55.300087,
        "lon_min": 5.516611,
        "lon_max": 5.720335,
        "time_start": 108839864.0,
        "time_end": 117944648.0
      },
      "geometry": {
        "type": "Polygon",
        "coordinates": [
          [
            [5.516611099243164, 55.203758239746094],
            [5.720335006713867, 55.203758239746094],
            [5.720335006713867, 55.300086975097656],
            [5.516611099243164, 55.300086975097656],
            [5.516611099243164, 55.203758239746094]
          ]
        ]
      }
    },
    {
      "type": "Feature",
      "properties": {
        "query_id": 757,
        "query_type": "nearest",
        "lat_min": 55.322701,
        "lat_max": 55.342697,
        "lon_min": 11.205928,
        "lon_max": 11.225928,
        "time_start": 19410724.0,
        "time_end": 45977636.0
      },
      "geometry": {
        "type": "Polygon",
        "coordinates": [
          [
            [11.205927848815918, 55.32270050048828],
            [11.22592830657959, 55.32270050048828],
            [11.22592830657959, 55.34269714355469],
            [11.205927848815918, 55.34269714355469],
            [11.205927848815918, 55.32270050048828]
          ]
        ]
      }
    },
    {
      "type": "Feature",
      "properties": {
        "query_id": 758,
        "query_type": "nearest",
        "lat_min": 57.499783,
        "lat_max": 57.519779,
        "lon_min": 10.636021,
        "lon_max": 10.656021,
        "time_start": 46729144.0,
        "time_end": 73296056.0
      },
      "geometry": {
        "type": "Polygon",
        "coordinates": [
          [
            [10.63602066040039, 57.49978256225586],
            [10.656021118164062, 57.49978256225586],
            [10.656021118164062, 57.519779205322266],
            [10.63602066040039, 57.519779205322266],
            [10.63602066040039, 57.49978256225586]
          ]
        ]
      }
    },
    {
      "type": "Feature",
      "properties": {
        "query_id": 759,
        "query_type": "nearest",
        "lat_min": 56.907837,
        "lat_max": 56.927834,
        "lon_min": 8.022413,
        "lon_max": 8.042414,
        "time_start": 249352864.0,
        "time_end": 275919776.0
      },
      "geometry": {
        "type": "Polygon",
        "coordinates": [
          [
            [8.02241325378418, 56.9078369140625],
            [8.042413711547852, 56.9078369140625],
            [8.042413711547852, 56.927833557128906],
            [8.02241325378418, 56.927833557128906],
            [8.02241325378418, 56.9078369140625]
          ]
        ]
      }
    },
    {
      "type": "Feature",
      "properties": {
        "query_id": 760,
        "query_type": "intersection",
        "lat_min": 54.45311,
        "lat_max": 54.495514,
        "lon_min": 10.233056,
        "lon_max": 10.322734,
        "time_start": 93260280.0,
        "time_end": 112863336.0
      },
      "geometry": {
        "type": "Polygon",
        "coordinates": [
          [
            [10.23305606842041, 54.45310974121094],
            [10.322733879089355, 54.45310974121094],
            [10.322733879089355, 54.495513916015625],
            [10.23305606842041, 54.495513916015625],
            [10.23305606842041, 54.45310974121094]
          ]
        ]
      }
    },
    {
      "type": "Feature",
      "properties": {
        "query_id": 761,
        "query_type": "aggregation",
        "lat_min": 54.916389,
        "lat_max": 55.008324,
        "lon_min": 10.254875,
        "lon_max": 10.512573,
        "time_start": 197038112.0,
        "time_end": 207998144.0
      },
      "geometry": {
        "type": "Polygon",
        "coordinates": [
          [
            [10.254875183105469, 54.91638946533203],
            [10.5125732421875, 54.91638946533203],
            [10.5125732421875, 55.008323669433594],
            [10.254875183105469, 55.008323669433594],
            [10.254875183105469, 54.91638946533203]
          ]
        ]
      }
    },
    {
      "type": "Feature",
      "properties": {
        "query_id": 762,
        "query_type": "nearest",
        "lat_min": 57.828327,
        "lat_max": 57.848324,
        "lon_min": 10.28168,
        "lon_max": 10.301681,
        "time_start": 58584544.0,
        "time_end": 85151456.0
      },
      "geometry": {
        "type": "Polygon",
        "coordinates": [
          [
            [10.2816801071167, 57.82832717895508],
            [10.301680564880371, 57.82832717895508],
            [10.301680564880371, 57.848323822021484],
            [10.2816801071167, 57.848323822021484],
            [10.2816801071167, 57.82832717895508]
          ]
        ]
      }
    },
    {
      "type": "Feature",
      "properties": {
        "query_id": 763,
        "query_type": "intersection",
        "lat_min": 54.130081,
        "lat_max": 54.236015,
        "lon_min": 11.666163,
        "lon_max": 11.890203,
        "time_start": 125436200.0,
        "time_end": 138278816.0
      },
      "geometry": {
        "type": "Polygon",
        "coordinates": [
          [
            [11.666163444519043, 54.13008117675781],
            [11.890202522277832, 54.13008117675781],
            [11.890202522277832, 54.23601531982422],
            [11.666163444519043, 54.23601531982422],
            [11.666163444519043, 54.13008117675781]
          ]
        ]
      }
    },
    {
      "type": "Feature",
      "properties": {
        "query_id": 764,
        "query_type": "nearest",
        "lat_min": 57.734371,
        "lat_max": 57.754368,
        "lon_min": 10.294902,
        "lon_max": 10.314902,
        "time_start": 201345312.0,
        "time_end": 227912224.0
      },
      "geometry": {
        "type": "Polygon",
        "coordinates": [
          [
            [10.294901847839355, 57.734371185302734],
            [10.314902305603027, 57.734371185302734],
            [10.314902305603027, 57.75436782836914],
            [10.294901847839355, 57.75436782836914],
            [10.294901847839355, 57.734371185302734]
          ]
        ]
      }
    },
    {
      "type": "Feature",
      "properties": {
        "query_id": 765,
        "query_type": "range",
        "lat_min": 57.664543,
        "lat_max": 57.741684,
        "lon_min": 9.307899,
        "lon_max": 9.471046,
        "time_start": 213611616.0,
        "time_end": 238743808.0
      },
      "geometry": {
        "type": "Polygon",
        "coordinates": [
          [
            [9.307899475097656, 57.66454315185547],
            [9.471046447753906, 57.66454315185547],
            [9.471046447753906, 57.74168395996094],
            [9.307899475097656, 57.74168395996094],
            [9.307899475097656, 57.66454315185547]
          ]
        ]
      }
    },
    {
      "type": "Feature",
      "properties": {
        "query_id": 766,
        "query_type": "intersection",
        "lat_min": 57.995029,
        "lat_max": 58.102566,
        "lon_min": 9.794879,
        "lon_max": 10.022317,
        "time_start": 23238382.0,
        "time_end": 38693656.0
      },
      "geometry": {
        "type": "Polygon",
        "coordinates": [
          [
            [9.794878959655762, 57.99502944946289],
            [10.022316932678223, 57.99502944946289],
            [10.022316932678223, 58.10256576538086],
            [9.794878959655762, 58.10256576538086],
            [9.794878959655762, 57.99502944946289]
          ]
        ]
      }
    },
    {
      "type": "Feature",
      "properties": {
        "query_id": 767,
        "query_type": "range",
        "lat_min": 57.614586,
        "lat_max": 57.734962,
        "lon_min": 9.129991,
        "lon_max": 9.384576,
        "time_start": 113396816.0,
        "time_end": 130272432.0
      },
      "geometry": {
        "type": "Polygon",
        "coordinates": [
          [
            [9.129990577697754, 57.614585876464844],
            [9.384575843811035, 57.614585876464844],
            [9.384575843811035, 57.734962463378906],
            [9.129990577697754, 57.734962463378906],
            [9.129990577697754, 57.614585876464844]
          ]
        ]
      }
    },
    {
      "type": "Feature",
      "properties": {
        "query_id": 768,
        "query_type": "intersection",
        "lat_min": 54.914982,
        "lat_max": 55.04546,
        "lon_min": 8.088837,
        "lon_max": 8.364788,
        "time_start": 43109228.0,
        "time_end": 47542828.0
      },
      "geometry": {
        "type": "Polygon",
        "coordinates": [
          [
            [8.088836669921875, 54.914981842041016],
            [8.364788055419922, 54.914981842041016],
            [8.364788055419922, 55.04545974731445],
            [8.088836669921875, 55.04545974731445],
            [8.088836669921875, 54.914981842041016]
          ]
        ]
      }
    },
    {
      "type": "Feature",
      "properties": {
        "query_id": 769,
        "query_type": "nearest",
        "lat_min": 57.929623,
        "lat_max": 57.949619,
        "lon_min": 9.789009,
        "lon_max": 9.80901,
        "time_start": 83344688.0,
        "time_end": 109911600.0
      },
      "geometry": {
        "type": "Polygon",
        "coordinates": [
          [
            [9.789009094238281, 57.929622650146484],
            [9.809009552001953, 57.929622650146484],
            [9.809009552001953, 57.94961929321289],
            [9.789009094238281, 57.94961929321289],
            [9.789009094238281, 57.929622650146484]
          ]
        ]
      }
    },
    {
      "type": "Feature",
      "properties": {
        "query_id": 770,
        "query_type": "range",
        "lat_min": 56.098541,
        "lat_max": 56.155693,
        "lon_min": 12.249045,
        "lon_max": 12.36992,
        "time_start": 236199376.0,
        "time_end": 252042736.0
      },
      "geometry": {
        "type": "Polygon",
        "coordinates": [
          [
            [12.249045372009277, 56.098541259765625],
            [12.369919776916504, 56.098541259765625],
            [12.369919776916504, 56.15569305419922],
            [12.249045372009277, 56.15569305419922],
            [12.249045372009277, 56.098541259765625]
          ]
        ]
      }
    },
    {
      "type": "Feature",
      "properties": {
        "query_id": 771,
        "query_type": "intersection",
        "lat_min": 54.697598,
        "lat_max": 54.821888,
        "lon_min": 14.543158,
        "lon_max": 14.806023,
        "time_start": 66494080.0,
        "time_end": 90184112.0
      },
      "geometry": {
        "type": "Polygon",
        "coordinates": [
          [
            [14.543157577514648, 54.69759750366211],
            [14.806022644042969, 54.69759750366211],
            [14.806022644042969, 54.8218879699707],
            [14.543157577514648, 54.8218879699707],
            [14.543157577514648, 54.69759750366211]
          ]
        ]
      }
    },
    {
      "type": "Feature",
      "properties": {
        "query_id": 772,
        "query_type": "intersection",
        "lat_min": 56.912323,
        "lat_max": 57.017578,
        "lon_min": 11.659599,
        "lon_max": 11.882206,
        "time_start": 191104480.0,
        "time_end": 204834048.0
      },
      "geometry": {
        "type": "Polygon",
        "coordinates": [
          [
            [11.659599304199219, 56.912322998046875],
            [11.882205963134766, 56.912322998046875],
            [11.882205963134766, 57.017578125],
            [11.659599304199219, 57.017578125],
            [11.659599304199219, 56.912322998046875]
          ]
        ]
      }
    },
    {
      "type": "Feature",
      "properties": {
        "query_id": 773,
        "query_type": "nearest",
        "lat_min": 54.719635,
        "lat_max": 54.739632,
        "lon_min": 12.396902,
        "lon_max": 12.416903,
        "time_start": 101294768.0,
        "time_end": 127861680.0
      },
      "geometry": {
        "type": "Polygon",
        "coordinates": [
          [
            [12.396902084350586, 54.719635009765625],
            [12.416902542114258, 54.719635009765625],
            [12.416902542114258, 54.73963165283203],
            [12.396902084350586, 54.73963165283203],
            [12.396902084350586, 54.719635009765625]
          ]
        ]
      }
    },
    {
      "type": "Feature",
      "properties": {
        "query_id": 774,
        "query_type": "range",
        "lat_min": 54.466774,
        "lat_max": 54.516594,
        "lon_min": 11.429927,
        "lon_max": 11.535287,
        "time_start": 196577200.0,
        "time_end": 211899184.0
      },
      "geometry": {
        "type": "Polygon",
        "coordinates": [
          [
            [11.429926872253418, 54.466773986816406],
            [11.535286903381348, 54.466773986816406],
            [11.535286903381348, 54.51659393310547],
            [11.429926872253418, 54.51659393310547],
            [11.429926872253418, 54.466773986816406]
          ]
        ]
      }
    },
    {
      "type": "Feature",
      "properties": {
        "query_id": 775,
        "query_type": "nearest",
        "lat_min": 57.729599,
        "lat_max": 57.749596,
        "lon_min": 11.699473,
        "lon_max": 11.719474,
        "time_start": 64675328.0,
        "time_end": 91242240.0
      },
      "geometry": {
        "type": "Polygon",
        "coordinates": [
          [
            [11.69947338104248, 57.72959899902344],
            [11.719473838806152, 57.72959899902344],
            [11.719473838806152, 57.749595642089844],
            [11.69947338104248, 57.749595642089844],
            [11.69947338104248, 57.72959899902344]
          ]
        ]
      }
    },
    {
      "type": "Feature",
      "properties": {
        "query_id": 776,
        "query_type": "intersection",
        "lat_min": 54.470631,
        "lat_max": 54.520771,
        "lon_min": 10.227217,
        "lon_max": 10.33326,
        "time_start": 0.0,
        "time_end": 10994145.0
      },
      "geometry": {
        "type": "Polygon",
        "coordinates": [
          [
            [10.227216720581055, 54.47063064575195],
            [10.333259582519531, 54.47063064575195],
            [10.333259582519531, 54.52077102661133],
            [10.227216720581055, 54.52077102661133],
            [10.227216720581055, 54.47063064575195]
          ]
        ]
      }
    },
    {
      "type": "Feature",
      "properties": {
        "query_id": 777,
        "query_type": "intersection",
        "lat_min": 55.472591,
        "lat_max": 55.552326,
        "lon_min": 9.533203,
        "lon_max": 9.701841,
        "time_start": 124186184.0,
        "time_end": 150695856.0
      },
      "geometry": {
        "type": "Polygon",
        "coordinates": [
          [
            [9.533203125, 55.472591400146484],
            [9.701841354370117, 55.472591400146484],
            [9.701841354370117, 55.55232620239258],
            [9.533203125, 55.55232620239258],
            [9.533203125, 55.472591400146484]
          ]
        ]
      }
    },
    {
      "type": "Feature",
      "properties": {
        "query_id": 778,
        "query_type": "intersection",
        "lat_min": 57.900505,
        "lat_max": 57.938858,
        "lon_min": 8.780576,
        "lon_max": 8.861688,
        "time_start": 98283496.0,
        "time_end": 102006600.0
      },
      "geometry": {
        "type": "Polygon",
        "coordinates": [
          [
            [8.7805757522583, 57.90050506591797],
            [8.861687660217285, 57.90050506591797],
            [8.861687660217285, 57.93885803222656],
            [8.7805757522583, 57.93885803222656],
            [8.7805757522583, 57.90050506591797]
          ]
        ]
      }
    },
    {
      "type": "Feature",
      "properties": {
        "query_id": 779,
        "query_type": "intersection",
        "lat_min": 57.299973,
        "lat_max": 57.34272,
        "lon_min": 11.080256,
        "lon_max": 11.170669,
        "time_start": 16609253.0,
        "time_end": 41869624.0
      },
      "geometry": {
        "type": "Polygon",
        "coordinates": [
          [
            [11.080256462097168, 57.29997253417969],
            [11.170668601989746, 57.29997253417969],
            [11.170668601989746, 57.34272003173828],
            [11.080256462097168, 57.34272003173828],
            [11.080256462097168, 57.29997253417969]
          ]
        ]
      }
    },
    {
      "type": "Feature",
      "properties": {
        "query_id": 780,
        "query_type": "range",
        "lat_min": 54.918293,
        "lat_max": 54.944752,
        "lon_min": 12.620454,
        "lon_max": 12.676406,
        "time_start": 156265696.0,
        "time_end": 161616224.0
      },
      "geometry": {
        "type": "Polygon",
        "coordinates": [
          [
            [12.620453834533691, 54.91829299926758],
            [12.676405906677246, 54.91829299926758],
            [12.676405906677246, 54.94475173950195],
            [12.620453834533691, 54.94475173950195],
            [12.620453834533691, 54.91829299926758]
          ]
        ]
      }
    },
    {
      "type": "Feature",
      "properties": {
        "query_id": 781,
        "query_type": "nearest",
        "lat_min": 55.887772,
        "lat_max": 55.907768,
        "lon_min": 10.585129,
        "lon_max": 10.605129,
        "time_start": 85684384.0,
        "time_end": 112251296.0
      },
      "geometry": {
        "type": "Polygon",
        "coordinates": [
          [
            [10.585128784179688, 55.88777160644531],
            [10.60512924194336, 55.88777160644531],
            [10.60512924194336, 55.90776824951172],
            [10.585128784179688, 55.90776824951172],
            [10.585128784179688, 55.88777160644531]
          ]
        ]
      }
    },
    {
      "type": "Feature",
      "properties": {
        "query_id": 782,
        "query_type": "range",
        "lat_min": 57.763145,
        "lat_max": 57.849792,
        "lon_min": 10.509867,
        "lon_max": 10.693119,
        "time_start": 5057912.5,
        "time_end": 15789424.0
      },
      "geometry": {
        "type": "Polygon",
        "coordinates": [
          [
            [10.509866714477539, 57.763145446777344],
            [10.693119049072266, 57.763145446777344],
            [10.693119049072266, 57.84979248046875],
            [10.509866714477539, 57.84979248046875],
            [10.509866714477539, 57.763145446777344]
          ]
        ]
      }
    },
    {
      "type": "Feature",
      "properties": {
        "query_id": 783,
        "query_type": "range",
        "lat_min": 55.222515,
        "lat_max": 55.306889,
        "lon_min": 12.84523,
        "lon_max": 13.02367,
        "time_start": 213608272.0,
        "time_end": 226867696.0
      },
      "geometry": {
        "type": "Polygon",
        "coordinates": [
          [
            [12.845230102539062, 55.22251510620117],
            [13.023670196533203, 55.22251510620117],
            [13.023670196533203, 55.306888580322266],
            [12.845230102539062, 55.306888580322266],
            [12.845230102539062, 55.22251510620117]
          ]
        ]
      }
    },
    {
      "type": "Feature",
      "properties": {
        "query_id": 784,
        "query_type": "aggregation",
        "lat_min": 57.693085,
        "lat_max": 57.719276,
        "lon_min": 6.74722,
        "lon_max": 6.820642,
        "time_start": 148604512.0,
        "time_end": 163828800.0
      },
      "geometry": {
        "type": "Polygon",
        "coordinates": [
          [
            [6.747220039367676, 57.693084716796875],
            [6.82064151763916, 57.693084716796875],
            [6.82064151763916, 57.719276428222656],
            [6.747220039367676, 57.719276428222656],
            [6.747220039367676, 57.693084716796875]
          ]
        ]
      }
    },
    {
      "type": "Feature",
      "properties": {
        "query_id": 785,
        "query_type": "aggregation",
        "lat_min": 55.243488,
        "lat_max": 55.339489,
        "lon_min": 14.21651,
        "lon_max": 14.485602,
        "time_start": 48957696.0,
        "time_end": 54580024.0
      },
      "geometry": {
        "type": "Polygon",
        "coordinates": [
          [
            [14.216509819030762, 55.24348831176758],
            [14.485602378845215, 55.24348831176758],
            [14.485602378845215, 55.3394889831543],
            [14.216509819030762, 55.3394889831543],
            [14.216509819030762, 55.24348831176758]
          ]
        ]
      }
    },
    {
      "type": "Feature",
      "properties": {
        "query_id": 786,
        "query_type": "nearest",
        "lat_min": 56.316936,
        "lat_max": 56.336933,
        "lon_min": 12.312737,
        "lon_max": 12.332738,
        "time_start": 72242400.0,
        "time_end": 98809312.0
      },
      "geometry": {
        "type": "Polygon",
        "coordinates": [
          [
            [12.312737464904785, 56.31693649291992],
            [12.332737922668457, 56.31693649291992],
            [12.332737922668457, 56.33693313598633],
            [12.312737464904785, 56.33693313598633],
            [12.312737464904785, 56.31693649291992]
          ]
        ]
      }
    },
    {
      "type": "Feature",
      "properties": {
        "query_id": 787,
        "query_type": "aggregation",
        "lat_min": 57.045967,
        "lat_max": 57.131638,
        "lon_min": 10.997213,
        "lon_max": 11.23735,
        "time_start": 235447568.0,
        "time_end": 246551536.0
      },
      "geometry": {
        "type": "Polygon",
        "coordinates": [
          [
            [10.997213363647461, 57.04596710205078],
            [11.237350463867188, 57.04596710205078],
            [11.237350463867188, 57.13163757324219],
            [10.997213363647461, 57.13163757324219],
            [10.997213363647461, 57.04596710205078]
          ]
        ]
      }
    },
    {
      "type": "Feature",
      "properties": {
        "query_id": 788,
        "query_type": "nearest",
        "lat_min": 55.696308,
        "lat_max": 55.716305,
        "lon_min": 12.758762,
        "lon_max": 12.778763,
        "time_start": 152452320.0,
        "time_end": 179019232.0
      },
      "geometry": {
        "type": "Polygon",
        "coordinates": [
          [
            [12.75876235961914, 55.69630813598633],
            [12.778762817382812, 55.69630813598633],
            [12.778762817382812, 55.716304779052734],
            [12.75876235961914, 55.716304779052734],
            [12.75876235961914, 55.69630813598633]
          ]
        ]
      }
    },
    {
      "type": "Feature",
      "properties": {
        "query_id": 789,
        "query_type": "range",
        "lat_min": 57.756294,
        "lat_max": 57.829643,
        "lon_min": 9.542413,
        "lon_max": 9.697543,
        "time_start": 227237744.0,
        "time_end": 244536560.0
      },
      "geometry": {
        "type": "Polygon",
        "coordinates": [
          [
            [9.542412757873535, 57.75629425048828],
            [9.697543144226074, 57.75629425048828],
            [9.697543144226074, 57.82964324951172],
            [9.542412757873535, 57.82964324951172],
            [9.542412757873535, 57.75629425048828]
          ]
        ]
      }
    },
    {
      "type": "Feature",
      "properties": {
        "query_id": 790,
        "query_type": "nearest",
        "lat_min": 56.162994,
        "lat_max": 56.182991,
        "lon_min": 10.467515,
        "lon_max": 10.487515,
        "time_start": 185945216.0,
        "time_end": 212512128.0
      },
      "geometry": {
        "type": "Polygon",
        "coordinates": [
          [
            [10.467514991760254, 56.162994384765625],
            [10.487515449523926, 56.162994384765625],
            [10.487515449523926, 56.18299102783203],
            [10.467514991760254, 56.18299102783203],
            [10.467514991760254, 56.162994384765625]
          ]
        ]
      }
    },
    {
      "type": "Feature",
      "properties": {
        "query_id": 791,
        "query_type": "intersection",
        "lat_min": 57.633091,
        "lat_max": 57.777653,
        "lon_min": 11.787003,
        "lon_max": 12.092741,
        "time_start": 93134696.0,
        "time_end": 112891544.0
      },
      "geometry": {
        "type": "Polygon",
        "coordinates": [
          [
            [11.787002563476562, 57.63309097290039],
            [12.092741012573242, 57.63309097290039],
            [12.092741012573242, 57.777652740478516],
            [11.787002563476562, 57.777652740478516],
            [11.787002563476562, 57.63309097290039]
          ]
        ]
      }
    },
    {
      "type": "Feature",
      "properties": {
        "query_id": 792,
        "query_type": "aggregation",
        "lat_min": 55.350578,
        "lat_max": 55.421257,
        "lon_min": 11.780339,
        "lon_max": 11.978442,
        "time_start": 0.0,
        "time_end": 16828914.0
      },
      "geometry": {
        "type": "Polygon",
        "coordinates": [
          [
            [11.780339241027832, 55.35057830810547],
            [11.978442192077637, 55.35057830810547],
            [11.978442192077637, 55.42125701904297],
            [11.780339241027832, 55.42125701904297],
            [11.780339241027832, 55.35057830810547]
          ]
        ]
      }
    },
    {
      "type": "Feature",
      "properties": {
        "query_id": 793,
        "query_type": "intersection",
        "lat_min": 55.151867,
        "lat_max": 55.244419,
        "lon_min": 13.192959,
        "lon_max": 13.388708,
        "time_start": 200287312.0,
        "time_end": 223919312.0
      },
      "geometry": {
        "type": "Polygon",
        "coordinates": [
          [
            [13.19295883178711, 55.1518669128418],
            [13.388708114624023, 55.1518669128418],
            [13.388708114624023, 55.24441909790039],
            [13.19295883178711, 55.24441909790039],
            [13.19295883178711, 55.1518669128418]
          ]
        ]
      }
    },
    {
      "type": "Feature",
      "properties": {
        "query_id": 794,
        "query_type": "intersection",
        "lat_min": 55.952911,
        "lat_max": 55.998901,
        "lon_min": 11.179845,
        "lon_max": 11.277116,
        "time_start": 11291501.0,
        "time_end": 32031148.0
      },
      "geometry": {
        "type": "Polygon",
        "coordinates": [
          [
            [11.179844856262207, 55.952911376953125],
            [11.277115821838379, 55.952911376953125],
            [11.277115821838379, 55.9989013671875],
            [11.179844856262207, 55.9989013671875],
            [11.179844856262207, 55.952911376953125]
          ]
        ]
      }
    },
    {
      "type": "Feature",
      "properties": {
        "query_id": 795,
        "query_type": "aggregation",
        "lat_min": 56.068825,
        "lat_max": 56.092606,
        "lon_min": 9.390221,
        "lon_max": 9.456875,
        "time_start": 60799208.0,
        "time_end": 78910120.0
      },
      "geometry": {
        "type": "Polygon",
        "coordinates": [
          [
            [9.390220642089844, 56.068824768066406],
            [9.45687484741211, 56.068824768066406],
            [9.45687484741211, 56.09260559082031],
            [9.390220642089844, 56.09260559082031],
            [9.390220642089844, 56.068824768066406]
          ]
        ]
      }
    },
    {
      "type": "Feature",
      "properties": {
        "query_id": 796,
        "query_type": "range",
        "lat_min": 54.801495,
        "lat_max": 54.900585,
        "lon_min": 10.827045,
        "lon_max": 11.036619,
        "time_start": 230552000.0,
        "time_end": 249990816.0
      },
      "geometry": {
        "type": "Polygon",
        "coordinates": [
          [
            [10.827045440673828, 54.80149459838867],
            [11.036619186401367, 54.80149459838867],
            [11.036619186401367, 54.90058517456055],
            [10.827045440673828, 54.90058517456055],
            [10.827045440673828, 54.80149459838867]
          ]
        ]
      }
    },
    {
      "type": "Feature",
      "properties": {
        "query_id": 797,
        "query_type": "aggregation",
        "lat_min": 54.80621,
        "lat_max": 54.835964,
        "lon_min": 10.203408,
        "lon_max": 10.286803,
        "time_start": 91117968.0,
        "time_end": 101587328.0
      },
      "geometry": {
        "type": "Polygon",
        "coordinates": [
          [
            [10.203408241271973, 54.806209564208984],
            [10.286803245544434, 54.806209564208984],
            [10.286803245544434, 54.83596420288086],
            [10.203408241271973, 54.83596420288086],
            [10.203408241271973, 54.806209564208984]
          ]
        ]
      }
    },
    {
      "type": "Feature",
      "properties": {
        "query_id": 798,
        "query_type": "nearest",
        "lat_min": 55.985226,
        "lat_max": 56.005222,
        "lon_min": 7.415113,
        "lon_max": 7.435114,
        "time_start": 189029472.0,
        "time_end": 215596384.0
      },
      "geometry": {
        "type": "Polygon",
        "coordinates": [
          [
            [7.41511344909668, 55.985225677490234],
            [7.435113906860352, 55.985225677490234],
            [7.435113906860352, 56.00522232055664],
            [7.41511344909668, 56.00522232055664],
            [7.41511344909668, 55.985225677490234]
          ]
        ]
      }
    },
    {
      "type": "Feature",
      "properties": {
        "query_id": 799,
        "query_type": "nearest",
        "lat_min": 56.868404,
        "lat_max": 56.888401,
        "lon_min": 8.247222,
        "lon_max": 8.267222,
        "time_start": 42433924.0,
        "time_end": 69000832.0
      },
      "geometry": {
        "type": "Polygon",
        "coordinates": [
          [
            [8.247221946716309, 56.868404388427734],
            [8.26722240447998, 56.868404388427734],
            [8.26722240447998, 56.88840103149414],
            [8.247221946716309, 56.88840103149414],
            [8.247221946716309, 56.868404388427734]
          ]
        ]
      }
    },
    {
      "type": "Feature",
      "properties": {
        "query_id": 800,
        "query_type": "intersection",
        "lat_min": 57.553284,
        "lat_max": 57.634834,
        "lon_min": 9.871726,
        "lon_max": 10.0442,
        "time_start": 153970128.0,
        "time_end": 163890448.0
      },
      "geometry": {
        "type": "Polygon",
        "coordinates": [
          [
            [9.871726036071777, 57.55328369140625],
            [10.04419994354248, 57.55328369140625],
            [10.04419994354248, 57.63483428955078],
            [9.871726036071777, 57.63483428955078],
            [9.871726036071777, 57.55328369140625]
          ]
        ]
      }
    },
    {
      "type": "Feature",
      "properties": {
        "query_id": 801,
        "query_type": "nearest",
        "lat_min": 58.063557,
        "lat_max": 58.083553,
        "lon_min": 10.822122,
        "lon_max": 10.842122,
        "time_start": 152793840.0,
        "time_end": 179360752.0
      },
      "geometry": {
        "type": "Polygon",
        "coordinates": [
          [
            [10.822121620178223, 58.06355667114258],
            [10.842122077941895, 58.06355667114258],
            [10.842122077941895, 58.083553314208984],
            [10.822121620178223, 58.083553314208984],
            [10.822121620178223, 58.06355667114258]
          ]
        ]
      }
    },
    {
      "type": "Feature",
      "properties": {
        "query_id": 802,
        "query_type": "intersection",
        "lat_min": 54.667473,
        "lat_max": 54.750336,
        "lon_min": 13.920149,
        "lon_max": 14.095398,
        "time_start": 147854064.0,
        "time_end": 169760240.0
      },
      "geometry": {
        "type": "Polygon",
        "coordinates": [
          [
            [13.920148849487305, 54.66747283935547],
            [14.09539794921875, 54.66747283935547],
            [14.09539794921875, 54.750335693359375],
            [13.920148849487305, 54.750335693359375],
            [13.920148849487305, 54.66747283935547]
          ]
        ]
      }
    },
    {
      "type": "Feature",
      "properties": {
        "query_id": 803,
        "query_type": "range",
        "lat_min": 57.517696,
        "lat_max": 57.655178,
        "lon_min": 10.983087,
        "lon_max": 11.273849,
        "time_start": 0.0,
        "time_end": 17471356.0
      },
      "geometry": {
        "type": "Polygon",
        "coordinates": [
          [
            [10.983086585998535, 57.517696380615234],
            [11.273848533630371, 57.517696380615234],
            [11.273848533630371, 57.65517807006836],
            [10.983086585998535, 57.65517807006836],
            [10.983086585998535, 57.517696380615234]
          ]
        ]
      }
    },
    {
      "type": "Feature",
      "properties": {
        "query_id": 804,
        "query_type": "nearest",
        "lat_min": 57.333851,
        "lat_max": 57.353848,
        "lon_min": 10.62686,
        "lon_max": 10.64686,
        "time_start": 173018816.0,
        "time_end": 199585728.0
      },
      "geometry": {
        "type": "Polygon",
        "coordinates": [
          [
            [10.626859664916992, 57.3338508605957],
            [10.646860122680664, 57.3338508605957],
            [10.646860122680664, 57.35384750366211],
            [10.626859664916992, 57.35384750366211],
            [10.626859664916992, 57.3338508605957]
          ]
        ]
      }
    },
    {
      "type": "Feature",
      "properties": {
        "query_id": 805,
        "query_type": "intersection",
        "lat_min": 55.070728,
        "lat_max": 55.139767,
        "lon_min": 10.008125,
        "lon_max": 10.154135,
        "time_start": 145214368.0,
        "time_end": 167754432.0
      },
      "geometry": {
        "type": "Polygon",
        "coordinates": [
          [
            [10.008125305175781, 55.07072830200195],
            [10.154134750366211, 55.07072830200195],
            [10.154134750366211, 55.139766693115234],
            [10.008125305175781, 55.139766693115234],
            [10.008125305175781, 55.07072830200195]
          ]
        ]
      }
    },
    {
      "type": "Feature",
      "properties": {
        "query_id": 806,
        "query_type": "nearest",
        "lat_min": 55.916908,
        "lat_max": 55.936905,
        "lon_min": 7.282653,
        "lon_max": 7.302653,
        "time_start": 219025568.0,
        "time_end": 245592480.0
      },
      "geometry": {
        "type": "Polygon",
        "coordinates": [
          [
            [7.282652854919434, 55.916908264160156],
            [7.3026533126831055, 55.916908264160156],
            [7.3026533126831055, 55.93690490722656],
            [7.282652854919434, 55.93690490722656],
            [7.282652854919434, 55.916908264160156]
          ]
        ]
      }
    },
    {
      "type": "Feature",
      "properties": {
        "query_id": 807,
        "query_type": "nearest",
        "lat_min": 54.512642,
        "lat_max": 54.532639,
        "lon_min": 11.304258,
        "lon_max": 11.324259,
        "time_start": 125321648.0,
        "time_end": 151888560.0
      },
      "geometry": {
        "type": "Polygon",
        "coordinates": [
          [
            [11.304258346557617, 54.51264190673828],
            [11.324258804321289, 54.51264190673828],
            [11.324258804321289, 54.53263854980469],
            [11.304258346557617, 54.53263854980469],
            [11.304258346557617, 54.51264190673828]
          ]
        ]
      }
    },
    {
      "type": "Feature",
      "properties": {
        "query_id": 808,
        "query_type": "aggregation",
        "lat_min": 56.472092,
        "lat_max": 56.581306,
        "lon_min": 7.165388,
        "lon_max": 7.471515,
        "time_start": 80436848.0,
        "time_end": 84896288.0
      },
      "geometry": {
        "type": "Polygon",
        "coordinates": [
          [
            [7.165388107299805, 56.47209167480469],
            [7.471514701843262, 56.47209167480469],
            [7.471514701843262, 56.58130645751953],
            [7.165388107299805, 56.58130645751953],
            [7.165388107299805, 56.47209167480469]
          ]
        ]
      }
    },
    {
      "type": "Feature",
      "properties": {
        "query_id": 809,
        "query_type": "nearest",
        "lat_min": 54.763943,
        "lat_max": 54.783939,
        "lon_min": 9.490767,
        "lon_max": 9.510768,
        "time_start": 95789520.0,
        "time_end": 122356432.0
      },
      "geometry": {
        "type": "Polygon",
        "coordinates": [
          [
            [9.490767478942871, 54.76394271850586],
            [9.510767936706543, 54.76394271850586],
            [9.510767936706543, 54.783939361572266],
            [9.490767478942871, 54.783939361572266],
            [9.490767478942871, 54.76394271850586]
          ]
        ]
      }
    },
    {
      "type": "Feature",
      "properties": {
        "query_id": 810,
        "query_type": "nearest",
        "lat_min": 55.034603,
        "lat_max": 55.0546,
        "lon_min": 13.910424,
        "lon_max": 13.930425,
        "time_start": 80587200.0,
        "time_end": 107154112.0
      },
      "geometry": {
        "type": "Polygon",
        "coordinates": [
          [
            [13.91042423248291, 55.034603118896484],
            [13.930424690246582, 55.034603118896484],
            [13.930424690246582, 55.05459976196289],
            [13.91042423248291, 55.05459976196289],
            [13.91042423248291, 55.034603118896484]
          ]
        ]
      }
    },
    {
      "type": "Feature",
      "properties": {
        "query_id": 811,
        "query_type": "nearest",
        "lat_min": 55.105618,
        "lat_max": 55.125614,
        "lon_min": 14.578665,
        "lon_max": 14.598665,
        "time_start": 91027744.0,
        "time_end": 117594656.0
      },
      "geometry": {
        "type": "Polygon",
        "coordinates": [
          [
            [14.578664779663086, 55.10561752319336],
            [14.598665237426758, 55.10561752319336],
            [14.598665237426758, 55.125614166259766],
            [14.578664779663086, 55.125614166259766],
            [14.578664779663086, 55.10561752319336]
          ]
        ]
      }
    },
    {
      "type": "Feature",
      "properties": {
        "query_id": 812,
        "query_type": "nearest",
        "lat_min": 54.773861,
        "lat_max": 54.793858,
        "lon_min": 12.642819,
        "lon_max": 12.66282,
        "time_start": 66550024.0,
        "time_end": 93116936.0
      },
      "geometry": {
        "type": "Polygon",
        "coordinates": [
          [
            [12.64281940460205, 54.773860931396484],
            [12.662819862365723, 54.773860931396484],
            [12.662819862365723, 54.79385757446289],
            [12.64281940460205, 54.79385757446289],
            [12.64281940460205, 54.773860931396484]
          ]
        ]
      }
    },
    {
      "type": "Feature",
      "properties": {
        "query_id": 813,
        "query_type": "intersection",
        "lat_min": 57.43026,
        "lat_max": 57.555107,
        "lon_min": 10.3732,
        "lon_max": 10.637254,
        "time_start": 244908496.0,
        "time_end": 256733552.0
      },
      "geometry": {
        "type": "Polygon",
        "coordinates": [
          [
            [10.373200416564941, 57.430259704589844],
            [10.637253761291504, 57.430259704589844],
            [10.637253761291504, 57.55510711669922],
            [10.373200416564941, 57.55510711669922],
            [10.373200416564941, 57.430259704589844]
          ]
        ]
      }
    },
    {
      "type": "Feature",
      "properties": {
        "query_id": 814,
        "query_type": "range",
        "lat_min": 56.037815,
        "lat_max": 56.070248,
        "lon_min": 10.353804,
        "lon_max": 10.422401,
        "time_start": 105246048.0,
        "time_end": 116456160.0
      },
      "geometry": {
        "type": "Polygon",
        "coordinates": [
          [
            [10.353803634643555, 56.03781509399414],
            [10.422401428222656, 56.03781509399414],
            [10.422401428222656, 56.070247650146484],
            [10.353803634643555, 56.070247650146484],
            [10.353803634643555, 56.03781509399414]
          ]
        ]
      }
    },
    {
      "type": "Feature",
      "properties": {
        "query_id": 815,
        "query_type": "intersection",
        "lat_min": 54.481689,
        "lat_max": 54.630974,
        "lon_min": 11.006802,
        "lon_max": 11.322535,
        "time_start": 257894496.0,
        "time_end": 263122784.0
      },
      "geometry": {
        "type": "Polygon",
        "coordinates": [
          [
            [11.00680160522461, 54.481689453125],
            [11.322534561157227, 54.481689453125],
            [11.322534561157227, 54.63097381591797],
            [11.00680160522461, 54.63097381591797],
            [11.00680160522461, 54.481689453125]
          ]
        ]
      }
    },
    {
      "type": "Feature",
      "properties": {
        "query_id": 816,
        "query_type": "aggregation",
        "lat_min": 55.072311,
        "lat_max": 55.125725,
        "lon_min": 13.209227,
        "lon_max": 13.358944,
        "time_start": 81861176.0,
        "time_end": 94572120.0
      },
      "geometry": {
        "type": "Polygon",
        "coordinates": [
          [
            [13.209226608276367, 55.07231140136719],
            [13.358943939208984, 55.07231140136719],
            [13.358943939208984, 55.12572479248047],
            [13.209226608276367, 55.12572479248047],
            [13.209226608276367, 55.07231140136719]
          ]
        ]
      }
    },
    {
      "type": "Feature",
      "properties": {
        "query_id": 817,
        "query_type": "intersection",
        "lat_min": 57.602501,
        "lat_max": 57.717476,
        "lon_min": 10.625456,
        "lon_max": 10.868629,
        "time_start": 197387200.0,
        "time_end": 206297056.0
      },
      "geometry": {
        "type": "Polygon",
        "coordinates": [
          [
            [10.625455856323242, 57.602500915527344],
            [10.868629455566406, 57.602500915527344],
            [10.868629455566406, 57.71747589111328],
            [10.625455856323242, 57.71747589111328],
            [10.625455856323242, 57.602500915527344]
          ]
        ]
      }
    },
    {
      "type": "Feature",
      "properties": {
        "query_id": 818,
        "query_type": "range",
        "lat_min": 57.643112,
        "lat_max": 57.761955,
        "lon_min": 10.702841,
        "lon_max": 10.954185,
        "time_start": 14419519.0,
        "time_end": 18157200.0
      },
      "geometry": {
        "type": "Polygon",
        "coordinates": [
          [
            [10.702840805053711, 57.64311218261719],
            [10.954185485839844, 57.64311218261719],
            [10.954185485839844, 57.76195526123047],
            [10.702840805053711, 57.76195526123047],
            [10.702840805053711, 57.64311218261719]
          ]
        ]
      }
    },
    {
      "type": "Feature",
      "properties": {
        "query_id": 819,
        "query_type": "range",
        "lat_min": 54.243023,
        "lat_max": 54.328381,
        "lon_min": 11.49146,
        "lon_max": 11.671985,
        "time_start": 136322560.0,
        "time_end": 156412832.0
      },
      "geometry": {
        "type": "Polygon",
        "coordinates": [
          [
            [11.491459846496582, 54.24302291870117],
            [11.671984672546387, 54.24302291870117],
            [11.671984672546387, 54.3283805847168],
            [11.491459846496582, 54.3283805847168],
            [11.491459846496582, 54.24302291870117]
          ]
        ]
      }
    },
    {
      "type": "Feature",
      "properties": {
        "query_id": 820,
        "query_type": "intersection",
        "lat_min": 55.798954,
        "lat_max": 55.844891,
        "lon_min": 10.00371,
        "lon_max": 10.100861,
        "time_start": 38479252.0,
        "time_end": 50408644.0
      },
      "geometry": {
        "type": "Polygon",
        "coordinates": [
          [
            [10.00370979309082, 55.798954010009766],
            [10.100860595703125, 55.798954010009766],
            [10.100860595703125, 55.84489059448242],
            [10.00370979309082, 55.84489059448242],
            [10.00370979309082, 55.798954010009766]
          ]
        ]
      }
    },
    {
      "type": "Feature",
      "properties": {
        "query_id": 821,
        "query_type": "nearest",
        "lat_min": 55.765522,
        "lat_max": 55.785519,
        "lon_min": 6.839842,
        "lon_max": 6.859842,
        "time_start": 200145360.0,
        "time_end": 226712272.0
      },
      "geometry": {
        "type": "Polygon",
        "coordinates": [
          [
            [6.839841842651367, 55.76552200317383],
            [6.859842300415039, 55.76552200317383],
            [6.859842300415039, 55.785518646240234],
            [6.839841842651367, 55.785518646240234],
            [6.839841842651367, 55.76552200317383]
          ]
        ]
      }
    },
    {
      "type": "Feature",
      "properties": {
        "query_id": 822,
        "query_type": "intersection",
        "lat_min": 55.357464,
        "lat_max": 55.384312,
        "lon_min": 10.994531,
        "lon_max": 11.05132,
        "time_start": 0.0,
        "time_end": 25093004.0
      },
      "geometry": {
        "type": "Polygon",
        "coordinates": [
          [
            [10.99453067779541, 55.35746383666992],
            [11.05132007598877, 55.35746383666992],
            [11.05132007598877, 55.38431167602539],
            [10.99453067779541, 55.38431167602539],
            [10.99453067779541, 55.35746383666992]
          ]
        ]
      }
    },
    {
      "type": "Feature",
      "properties": {
        "query_id": 823,
        "query_type": "range",
        "lat_min": 57.383503,
        "lat_max": 57.47076,
        "lon_min": 10.569493,
        "lon_max": 10.754041,
        "time_start": 83675512.0,
        "time_end": 94214264.0
      },
      "geometry": {
        "type": "Polygon",
        "coordinates": [
          [
            [10.569493293762207, 57.38350296020508],
            [10.754040718078613, 57.38350296020508],
            [10.754040718078613, 57.470760345458984],
            [10.569493293762207, 57.470760345458984],
            [10.569493293762207, 57.38350296020508]
          ]
        ]
      }
    },
    {
      "type": "Feature",
      "properties": {
        "query_id": 824,
        "query_type": "nearest",
        "lat_min": 55.350258,
        "lat_max": 55.370255,
        "lon_min": 11.131197,
        "lon_max": 11.151197,
        "time_start": 137112544.0,
        "time_end": 163679456.0
      },
      "geometry": {
        "type": "Polygon",
        "coordinates": [
          [
            [11.131196975708008, 55.350257873535156],
            [11.15119743347168, 55.350257873535156],
            [11.15119743347168, 55.37025451660156],
            [11.131196975708008, 55.37025451660156],
            [11.131196975708008, 55.350257873535156]
          ]
        ]
      }
    },
    {
      "type": "Feature",
      "properties": {
        "query_id": 825,
        "query_type": "range",
        "lat_min": 54.566116,
        "lat_max": 54.711304,
        "lon_min": 11.177974,
        "lon_max": 11.485036,
        "time_start": 55687448.0,
        "time_end": 80402856.0
      },
      "geometry": {
        "type": "Polygon",
        "coordinates": [
          [
            [11.177973747253418, 54.56611633300781],
            [11.48503589630127, 54.56611633300781],
            [11.48503589630127, 54.7113037109375],
            [11.177973747253418, 54.7113037109375],
            [11.177973747253418, 54.56611633300781]
          ]
        ]
      }
    },
    {
      "type": "Feature",
      "properties": {
        "query_id": 826,
        "query_type": "aggregation",
        "lat_min": 55.559845,
        "lat_max": 55.591896,
        "lon_min": 9.393729,
        "lon_max": 9.483563,
        "time_start": 139898928.0,
        "time_end": 160129296.0
      },
      "geometry": {
        "type": "Polygon",
        "coordinates": [
          [
            [9.393729209899902, 55.559844970703125],
            [9.483563423156738, 55.559844970703125],
            [9.483563423156738, 55.591896057128906],
            [9.393729209899902, 55.591896057128906],
            [9.393729209899902, 55.559844970703125]
          ]
        ]
      }
    },
    {
      "type": "Feature",
      "properties": {
        "query_id": 827,
        "query_type": "intersection",
        "lat_min": 57.669689,
        "lat_max": 57.779758,
        "lon_min": 10.069726,
        "lon_max": 10.302524,
        "time_start": 161370768.0,
        "time_end": 187202256.0
      },
      "geometry": {
        "type": "Polygon",
        "coordinates": [
          [
            [10.06972599029541, 57.6696891784668],
            [10.302523612976074, 57.6696891784668],
            [10.302523612976074, 57.77975845336914],
            [10.06972599029541, 57.77975845336914],
            [10.06972599029541, 57.6696891784668]
          ]
        ]
      }
    },
    {
      "type": "Feature",
      "properties": {
        "query_id": 828,
        "query_type": "range",
        "lat_min": 55.446182,
        "lat_max": 55.484497,
        "lon_min": 10.904068,
        "lon_max": 10.985106,
        "time_start": 77316328.0,
        "time_end": 91591608.0
      },
      "geometry": {
        "type": "Polygon",
        "coordinates": [
          [
            [10.904067993164062, 55.44618225097656],
            [10.985105514526367, 55.44618225097656],
            [10.985105514526367, 55.4844970703125],
            [10.904067993164062, 55.4844970703125],
            [10.904067993164062, 55.44618225097656]
          ]
        ]
      }
    },
    {
      "type": "Feature",
      "properties": {
        "query_id": 829,
        "query_type": "range",
        "lat_min": 57.014679,
        "lat_max": 57.148895,
        "lon_min": 12.0527,
        "lon_max": 12.336555,
        "time_start": 186021840.0,
        "time_end": 205000144.0
      },
      "geometry": {
        "type": "Polygon",
        "coordinates": [
          [
            [12.05270004272461, 57.014678955078125],
            [12.336555480957031, 57.014678955078125],
            [12.336555480957031, 57.148895263671875],
            [12.05270004272461, 57.148895263671875],
            [12.05270004272461, 57.014678955078125]
          ]
        ]
      }
    },
    {
      "type": "Feature",
      "properties": {
        "query_id": 830,
        "query_type": "range",
        "lat_min": 55.573807,
        "lat_max": 55.640427,
        "lon_min": 15.734732,
        "lon_max": 15.875624,
        "time_start": 10648626.0,
        "time_end": 15508572.0
      },
      "geometry": {
        "type": "Polygon",
        "coordinates": [
          [
            [15.734731674194336, 55.57380676269531],
            [15.87562370300293, 55.57380676269531],
            [15.87562370300293, 55.64042663574219],
            [15.734731674194336, 55.64042663574219],
            [15.734731674194336, 55.57380676269531]
          ]
        ]
      }
    },
    {
      "type": "Feature",
      "properties": {
        "query_id": 831,
        "query_type": "intersection",
        "lat_min": 57.548996,
        "lat_max": 57.691406,
        "lon_min": 9.511715,
        "lon_max": 9.812899,
        "time_start": 4683274.0,
        "time_end": 20849672.0
      },
      "geometry": {
        "type": "Polygon",
        "coordinates": [
          [
            [9.511714935302734, 57.54899597167969],
            [9.812898635864258, 57.54899597167969],
            [9.812898635864258, 57.69140625],
            [9.511714935302734, 57.69140625],
            [9.511714935302734, 57.54899597167969]
          ]
        ]
      }
    },
    {
      "type": "Feature",
      "properties": {
        "query_id": 832,
        "query_type": "intersection",
        "lat_min": 54.514881,
        "lat_max": 54.636097,
        "lon_min": 11.126705,
        "lon_max": 11.383068,
        "time_start": 92552816.0,
        "time_end": 102394320.0
      },
      "geometry": {
        "type": "Polygon",
        "coordinates": [
          [
            [11.126705169677734, 54.5148811340332],
            [11.383068084716797, 54.5148811340332],
            [11.383068084716797, 54.6360969543457],
            [11.126705169677734, 54.6360969543457],
            [11.126705169677734, 54.5148811340332]
          ]
        ]
      }
    },
    {
      "type": "Feature",
      "properties": {
        "query_id": 833,
        "query_type": "nearest",
        "lat_min": 54.499405,
        "lat_max": 54.519402,
        "lon_min": 11.594029,
        "lon_max": 11.61403,
        "time_start": 245294592.0,
        "time_end": 271861504.0
      },
      "geometry": {
        "type": "Polygon",
        "coordinates": [
          [
            [11.594029426574707, 54.49940490722656],
            [11.614029884338379, 54.49940490722656],
            [11.614029884338379, 54.51940155029297],
            [11.594029426574707, 54.51940155029297],
            [11.594029426574707, 54.49940490722656]
          ]
        ]
      }
    },
    {
      "type": "Feature",
      "properties": {
        "query_id": 834,
        "query_type": "range",
        "lat_min": 55.495213,
        "lat_max": 55.615528,
        "lon_min": 9.63599,
        "lon_max": 9.890455,
        "time_start": 177770304.0,
        "time_end": 185891456.0
      },
      "geometry": {
        "type": "Polygon",
        "coordinates": [
          [
            [9.635990142822266, 55.49521255493164],
            [9.89045524597168, 55.49521255493164],
            [9.89045524597168, 55.61552810668945],
            [9.635990142822266, 55.61552810668945],
            [9.635990142822266, 55.49521255493164]
          ]
        ]
      }
    },
    {
      "type": "Feature",
      "properties": {
        "query_id": 835,
        "query_type": "nearest",
        "lat_min": 57.681477,
        "lat_max": 57.701473,
        "lon_min": 11.657429,
        "lon_max": 11.677429,
        "time_start": 6795005.0,
        "time_end": 33361916.0
      },
      "geometry": {
        "type": "Polygon",
        "coordinates": [
          [
            [11.657428741455078, 57.68147659301758],
            [11.67742919921875, 57.68147659301758],
            [11.67742919921875, 57.701473236083984],
            [11.657428741455078, 57.701473236083984],
            [11.657428741455078, 57.68147659301758]
          ]
        ]
      }
    },
    {
      "type": "Feature",
      "properties": {
        "query_id": 836,
        "query_type": "nearest",
        "lat_min": 57.360767,
        "lat_max": 57.380764,
        "lon_min": 10.494478,
        "lon_max": 10.514479,
        "time_start": 47008384.0,
        "time_end": 73575296.0
      },
      "geometry": {
        "type": "Polygon",
        "coordinates": [
          [
            [10.494478225708008, 57.36076736450195],
            [10.51447868347168, 57.36076736450195],
            [10.51447868347168, 57.38076400756836],
            [10.494478225708008, 57.38076400756836],
            [10.494478225708008, 57.36076736450195]
          ]
        ]
      }
    },
    {
      "type": "Feature",
      "properties": {
        "query_id": 837,
        "query_type": "nearest",
        "lat_min": 57.232471,
        "lat_max": 57.252468,
        "lon_min": 11.654929,
        "lon_max": 11.67493,
        "time_start": 229412160.0,
        "time_end": 255979072.0
      },
      "geometry": {
        "type": "Polygon",
        "coordinates": [
          [
            [11.654929161071777, 57.23247146606445],
            [11.67492961883545, 57.23247146606445],
            [11.67492961883545, 57.25246810913086],
            [11.654929161071777, 57.25246810913086],
            [11.654929161071777, 57.23247146606445]
          ]
        ]
      }
    },
    {
      "type": "Feature",
      "properties": {
        "query_id": 838,
        "query_type": "nearest",
        "lat_min": 55.381924,
        "lat_max": 55.40192,
        "lon_min": 10.925019,
        "lon_max": 10.94502,
        "time_start": 138924240.0,
        "time_end": 165491152.0
      },
      "geometry": {
        "type": "Polygon",
        "coordinates": [
          [
            [10.925019264221191, 55.38192367553711],
            [10.945019721984863, 55.38192367553711],
            [10.945019721984863, 55.401920318603516],
            [10.925019264221191, 55.401920318603516],
            [10.925019264221191, 55.38192367553711]
          ]
        ]
      }
    },
    {
      "type": "Feature",
      "properties": {
        "query_id": 839,
        "query_type": "range",
        "lat_min": 57.927002,
        "lat_max": 58.049515,
        "lon_min": 11.143192,
        "lon_max": 11.402298,
        "time_start": 68578616.0,
        "time_end": 82833528.0
      },
      "geometry": {
        "type": "Polygon",
        "coordinates": [
          [
            [11.143192291259766, 57.927001953125],
            [11.402297973632812, 57.927001953125],
            [11.402297973632812, 58.04951477050781],
            [11.143192291259766, 58.04951477050781],
            [11.143192291259766, 57.927001953125]
          ]
        ]
      }
    },
    {
      "type": "Feature",
      "properties": {
        "query_id": 840,
        "query_type": "aggregation",
        "lat_min": 57.692204,
        "lat_max": 57.732258,
        "lon_min": 9.671562,
        "lon_max": 9.783838,
        "time_start": 260605312.0,
        "time_end": 263893920.0
      },
      "geometry": {
        "type": "Polygon",
        "coordinates": [
          [
            [9.671562194824219, 57.692203521728516],
            [9.783838272094727, 57.692203521728516],
            [9.783838272094727, 57.73225784301758],
            [9.671562194824219, 57.73225784301758],
            [9.671562194824219, 57.692203521728516]
          ]
        ]
      }
    },
    {
      "type": "Feature",
      "properties": {
        "query_id": 841,
        "query_type": "range",
        "lat_min": 55.121475,
        "lat_max": 55.245934,
        "lon_min": 14.164815,
        "lon_max": 14.428041,
        "time_start": 152594816.0,
        "time_end": 159169600.0
      },
      "geometry": {
        "type": "Polygon",
        "coordinates": [
          [
            [14.164814949035645, 55.12147521972656],
            [14.428040504455566, 55.12147521972656],
            [14.428040504455566, 55.245933532714844],
            [14.164814949035645, 55.245933532714844],
            [14.164814949035645, 55.12147521972656]
          ]
        ]
      }
    },
    {
      "type": "Feature",
      "properties": {
        "query_id": 842,
        "query_type": "intersection",
        "lat_min": 57.87862,
        "lat_max": 57.965862,
        "lon_min": 9.631607,
        "lon_max": 9.816128,
        "time_start": 7670460.0,
        "time_end": 29292808.0
      },
      "geometry": {
        "type": "Polygon",
        "coordinates": [
          [
            [9.631607055664062, 57.87862014770508],
            [9.81612777709961, 57.87862014770508],
            [9.81612777709961, 57.96586227416992],
            [9.631607055664062, 57.96586227416992],
            [9.631607055664062, 57.87862014770508]
          ]
        ]
      }
    },
    {
      "type": "Feature",
      "properties": {
        "query_id": 843,
        "query_type": "nearest",
        "lat_min": 56.709229,
        "lat_max": 56.729225,
        "lon_min": 7.748562,
        "lon_max": 7.768562,
        "time_start": 219088448.0,
        "time_end": 245655360.0
      },
      "geometry": {
        "type": "Polygon",
        "coordinates": [
          [
            [7.748561859130859, 56.709228515625],
            [7.768562316894531, 56.709228515625],
            [7.768562316894531, 56.729225158691406],
            [7.748561859130859, 56.729225158691406],
            [7.748561859130859, 56.709228515625]
          ]
        ]
      }
    },
    {
      "type": "Feature",
      "properties": {
        "query_id": 844,
        "query_type": "aggregation",
        "lat_min": 57.284706,
        "lat_max": 57.377548,
        "lon_min": 15.456118,
        "lon_max": 15.621243,
        "time_start": 239764736.0,
        "time_end": 249520320.0
      },
      "geometry": {
        "type": "Polygon",
        "coordinates": [
          [
            [15.456117630004883, 57.284706115722656],
            [15.62124252319336, 57.284706115722656],
            [15.62124252319336, 57.37754821777344],
            [15.456117630004883, 57.37754821777344],
            [15.456117630004883, 57.284706115722656]
          ]
        ]
      }
    },
    {
      "type": "Feature",
      "properties": {
        "query_id": 845,
        "query_type": "aggregation",
        "lat_min": 54.326664,
        "lat_max": 54.346531,
        "lon_min": 10.960421,
        "lon_max": 11.016104,
        "time_start": 12586230.0,
        "time_end": 34561424.0
      },
      "geometry": {
        "type": "Polygon",
        "coordinates": [
          [
            [10.960420608520508, 54.326663970947266],
            [11.016103744506836, 54.326663970947266],
            [11.016103744506836, 54.34653091430664],
            [10.960420608520508, 54.34653091430664],
            [10.960420608520508, 54.326663970947266]
          ]
        ]
      }
    },
    {
      "type": "Feature",
      "properties": {
        "query_id": 846,
        "query_type": "range",
        "lat_min": 54.963573,
        "lat_max": 55.047832,
        "lon_min": 9.597311,
        "lon_max": 9.775509,
        "time_start": 4078661.0,
        "time_end": 9605757.0
      },
      "geometry": {
        "type": "Polygon",
        "coordinates": [
          [
            [9.597311019897461, 54.96357345581055],
            [9.775508880615234, 54.96357345581055],
            [9.775508880615234, 55.04783248901367],
            [9.597311019897461, 55.04783248901367],
            [9.597311019897461, 54.96357345581055]
          ]
        ]
      }
    },
    {
      "type": "Feature",
      "properties": {
        "query_id": 847,
        "query_type": "intersection",
        "lat_min": 57.641327,
        "lat_max": 57.765755,
        "lon_min": 11.817904,
        "lon_max": 12.08106,
        "time_start": 182492816.0,
        "time_end": 200275408.0
      },
      "geometry": {
        "type": "Polygon",
        "coordinates": [
          [
            [11.817903518676758, 57.641326904296875],
            [12.081060409545898, 57.641326904296875],
            [12.081060409545898, 57.76575469970703],
            [11.817903518676758, 57.76575469970703],
            [11.817903518676758, 57.641326904296875]
          ]
        ]
      }
    },
    {
      "type": "Feature",
      "properties": {
        "query_id": 848,
        "query_type": "nearest",
        "lat_min": 55.688984,
        "lat_max": 55.708981,
        "lon_min": 10.754846,
        "lon_max": 10.774846,
        "time_start": 138885008.0,
        "time_end": 165451920.0
      },
      "geometry": {
        "type": "Polygon",
        "coordinates": [
          [
            [10.75484561920166, 55.68898391723633],
            [10.774846076965332, 55.68898391723633],
            [10.774846076965332, 55.708980560302734],
            [10.75484561920166, 55.708980560302734],
            [10.75484561920166, 55.68898391723633]
          ]
        ]
      }
    },
    {
      "type": "Feature",
      "properties": {
        "query_id": 849,
        "query_type": "range",
        "lat_min": 55.443672,
        "lat_max": 55.490471,
        "lon_min": 10.479108,
        "lon_max": 10.578088,
        "time_start": 86868792.0,
        "time_end": 90420200.0
      },
      "geometry": {
        "type": "Polygon",
        "coordinates": [
          [
            [10.479107856750488, 55.44367218017578],
            [10.57808780670166, 55.44367218017578],
            [10.57808780670166, 55.49047088623047],
            [10.479107856750488, 55.49047088623047],
            [10.479107856750488, 55.44367218017578]
          ]
        ]
      }
    },
    {
      "type": "Feature",
      "properties": {
        "query_id": 850,
        "query_type": "intersection",
        "lat_min": 55.786064,
        "lat_max": 55.861588,
        "lon_min": 11.158156,
        "lon_max": 11.317883,
        "time_start": 156610624.0,
        "time_end": 178075328.0
      },
      "geometry": {
        "type": "Polygon",
        "coordinates": [
          [
            [11.158156394958496, 55.78606414794922],
            [11.317883491516113, 55.78606414794922],
            [11.317883491516113, 55.86158752441406],
            [11.158156394958496, 55.86158752441406],
            [11.158156394958496, 55.78606414794922]
          ]
        ]
      }
    },
    {
      "type": "Feature",
      "properties": {
        "query_id": 851,
        "query_type": "nearest",
        "lat_min": 56.326904,
        "lat_max": 56.346901,
        "lon_min": 11.475294,
        "lon_max": 11.495295,
        "time_start": 147073744.0,
        "time_end": 173640656.0
      },
      "geometry": {
        "type": "Polygon",
        "coordinates": [
          [
            [11.47529411315918, 56.326904296875],
            [11.495294570922852, 56.326904296875],
            [11.495294570922852, 56.346900939941406],
            [11.47529411315918, 56.346900939941406],
            [11.47529411315918, 56.326904296875]
          ]
        ]
      }
    },
    {
      "type": "Feature",
      "properties": {
        "query_id": 852,
        "query_type": "aggregation",
        "lat_min": 55.271542,
        "lat_max": 55.362995,
        "lon_min": 11.312853,
        "lon_max": 11.569206,
        "time_start": 33022756.0,
        "time_end": 44130028.0
      },
      "geometry": {
        "type": "Polygon",
        "coordinates": [
          [
            [11.31285285949707, 55.271541595458984],
            [11.569206237792969, 55.271541595458984],
            [11.569206237792969, 55.36299514770508],
            [11.31285285949707, 55.36299514770508],
            [11.31285285949707, 55.271541595458984]
          ]
        ]
      }
    },
    {
      "type": "Feature",
      "properties": {
        "query_id": 853,
        "query_type": "range",
        "lat_min": 56.415524,
        "lat_max": 56.47961,
        "lon_min": 4.026596,
        "lon_max": 4.162135,
        "time_start": 221016992.0,
        "time_end": 231751744.0
      },
      "geometry": {
        "type": "Polygon",
        "coordinates": [
          [
            [4.026595592498779, 56.415523529052734],
            [4.162134647369385, 56.415523529052734],
            [4.162134647369385, 56.479610443115234],
            [4.026595592498779, 56.479610443115234],
            [4.026595592498779, 56.415523529052734]
          ]
        ]
      }
    },
    {
      "type": "Feature",
      "properties": {
        "query_id": 854,
        "query_type": "range",
        "lat_min": 54.953552,
        "lat_max": 55.016113,
        "lon_min": 10.417341,
        "lon_max": 10.549658,
        "time_start": 150090736.0,
        "time_end": 169960016.0
      },
      "geometry": {
        "type": "Polygon",
        "coordinates": [
          [
            [10.417341232299805, 54.95355224609375],
            [10.549657821655273, 54.95355224609375],
            [10.549657821655273, 55.01611328125],
            [10.417341232299805, 55.01611328125],
            [10.417341232299805, 54.95355224609375]
          ]
        ]
      }
    },
    {
      "type": "Feature",
      "properties": {
        "query_id": 855,
        "query_type": "nearest",
        "lat_min": 55.461086,
        "lat_max": 55.481083,
        "lon_min": 15.806601,
        "lon_max": 15.826601,
        "time_start": 84945360.0,
        "time_end": 111512272.0
      },
      "geometry": {
        "type": "Polygon",
        "coordinates": [
          [
            [15.806600570678711, 55.46108627319336],
            [15.826601028442383, 55.46108627319336],
            [15.826601028442383, 55.481082916259766],
            [15.806600570678711, 55.481082916259766],
            [15.806600570678711, 55.46108627319336]
          ]
        ]
      }
    },
    {
      "type": "Feature",
      "properties": {
        "query_id": 856,
        "query_type": "intersection",
        "lat_min": 55.408283,
        "lat_max": 55.463642,
        "lon_min": 5.719459,
        "lon_max": 5.836547,
        "time_start": 1234556.0,
        "time_end": 26536714.0
      },
      "geometry": {
        "type": "Polygon",
        "coordinates": [
          [
            [5.719459056854248, 55.40828323364258],
            [5.836547374725342, 55.40828323364258],
            [5.836547374725342, 55.46364212036133],
            [5.719459056854248, 55.46364212036133],
            [5.719459056854248, 55.40828323364258]
          ]
        ]
      }
    },
    {
      "type": "Feature",
      "properties": {
        "query_id": 857,
        "query_type": "intersection",
        "lat_min": 55.202663,
        "lat_max": 55.338749,
        "lon_min": 14.209626,
        "lon_max": 14.497437,
        "time_start": 149773504.0,
        "time_end": 170274848.0
      },
      "geometry": {
        "type": "Polygon",
        "coordinates": [
          [
            [14.209626197814941, 55.20266342163086],
            [14.497437477111816, 55.20266342163086],
            [14.497437477111816, 55.338748931884766],
            [14.209626197814941, 55.338748931884766],
            [14.209626197814941, 55.20266342163086]
          ]
        ]
      }
    },
    {
      "type": "Feature",
      "properties": {
        "query_id": 858,
        "query_type": "aggregation",
        "lat_min": 56.487511,
        "lat_max": 56.501137,
        "lon_min": 7.631771,
        "lon_max": 7.669963,
        "time_start": 195181136.0,
        "time_end": 199854224.0
      },
      "geometry": {
        "type": "Polygon",
        "coordinates": [
          [
            [7.631771087646484, 56.487510681152344],
            [7.6699628829956055, 56.487510681152344],
            [7.6699628829956055, 56.501136779785156],
            [7.631771087646484, 56.501136779785156],
            [7.631771087646484, 56.487510681152344]
          ]
        ]
      }
    },
    {
      "type": "Feature",
      "properties": {
        "query_id": 859,
        "query_type": "aggregation",
        "lat_min": 57.656036,
        "lat_max": 57.72628,
        "lon_min": 10.444016,
        "lon_max": 10.640915,
        "time_start": 62801240.0,
        "time_end": 67088072.0
      },
      "geometry": {
        "type": "Polygon",
        "coordinates": [
          [
            [10.444015502929688, 57.656036376953125],
            [10.640914916992188, 57.656036376953125],
            [10.640914916992188, 57.726280212402344],
            [10.444015502929688, 57.726280212402344],
            [10.444015502929688, 57.656036376953125]
          ]
        ]
      }
    },
    {
      "type": "Feature",
      "properties": {
        "query_id": 860,
        "query_type": "range",
        "lat_min": 57.091129,
        "lat_max": 57.152981,
        "lon_min": 8.535493,
        "lon_max": 8.666301,
        "time_start": 152628048.0,
        "time_end": 166123504.0
      },
      "geometry": {
        "type": "Polygon",
        "coordinates": [
          [
            [8.535492897033691, 57.091129302978516],
            [8.666300773620605, 57.091129302978516],
            [8.666300773620605, 57.15298080444336],
            [8.535492897033691, 57.15298080444336],
            [8.535492897033691, 57.091129302978516]
          ]
        ]
      }
    },
    {
      "type": "Feature",
      "properties": {
        "query_id": 861,
        "query_type": "nearest",
        "lat_min": 54.423603,
        "lat_max": 54.4436,
        "lon_min": 11.808694,
        "lon_max": 11.828694,
        "time_start": 200849040.0,
        "time_end": 227415952.0
      },
      "geometry": {
        "type": "Polygon",
        "coordinates": [
          [
            [11.808693885803223, 54.42360305786133],
            [11.828694343566895, 54.42360305786133],
            [11.828694343566895, 54.443599700927734],
            [11.808693885803223, 54.443599700927734],
            [11.808693885803223, 54.42360305786133]
          ]
        ]
      }
    },
    {
      "type": "Feature",
      "properties": {
        "query_id": 862,
        "query_type": "intersection",
        "lat_min": 57.524582,
        "lat_max": 57.662514,
        "lon_min": 9.810991,
        "lon_max": 10.102709,
        "time_start": 85950384.0,
        "time_end": 99323552.0
      },
      "geometry": {
        "type": "Polygon",
        "coordinates": [
          [
            [9.810991287231445, 57.52458190917969],
            [10.10270881652832, 57.52458190917969],
            [10.10270881652832, 57.662513732910156],
            [9.810991287231445, 57.662513732910156],
            [9.810991287231445, 57.52458190917969]
          ]
        ]
      }
    },
    {
      "type": "Feature",
      "properties": {
        "query_id": 863,
        "query_type": "nearest",
        "lat_min": 55.01738,
        "lat_max": 55.037376,
        "lon_min": 10.139189,
        "lon_max": 10.159189,
        "time_start": 34330684.0,
        "time_end": 60897596.0
      },
      "geometry": {
        "type": "Polygon",
        "coordinates": [
          [
            [10.139188766479492, 55.01737976074219],
            [10.159189224243164, 55.01737976074219],
            [10.159189224243164, 55.037376403808594],
            [10.139188766479492, 55.037376403808594],
            [10.139188766479492, 55.01737976074219]
          ]
        ]
      }
    },
    {
      "type": "Feature",
      "properties": {
        "query_id": 864,
        "query_type": "range",
        "lat_min": 55.02533,
        "lat_max": 55.131287,
        "lon_min": 10.134377,
        "lon_max": 10.358467,
        "time_start": 198991280.0,
        "time_end": 215728816.0
      },
      "geometry": {
        "type": "Polygon",
        "coordinates": [
          [
            [10.134376525878906, 55.02532958984375],
            [10.358467102050781, 55.02532958984375],
            [10.358467102050781, 55.13128662109375],
            [10.134376525878906, 55.13128662109375],
            [10.134376525878906, 55.02532958984375]
          ]
        ]
      }
    },
    {
      "type": "Feature",
      "properties": {
        "query_id": 865,
        "query_type": "aggregation",
        "lat_min": 55.262268,
        "lat_max": 55.293999,
        "lon_min": 11.449195,
        "lon_max": 11.538129,
        "time_start": 23307532.0,
        "time_end": 30634616.0
      },
      "geometry": {
        "type": "Polygon",
        "coordinates": [
          [
            [11.44919490814209, 55.26226806640625],
            [11.538128852844238, 55.26226806640625],
            [11.538128852844238, 55.29399871826172],
            [11.44919490814209, 55.29399871826172],
            [11.44919490814209, 55.26226806640625]
          ]
        ]
      }
    },
    {
      "type": "Feature",
      "properties": {
        "query_id": 866,
        "query_type": "range",
        "lat_min": 57.792351,
        "lat_max": 57.821526,
        "lon_min": 10.730317,
        "lon_max": 10.792027,
        "time_start": 170392544.0,
        "time_end": 173543776.0
      },
      "geometry": {
        "type": "Polygon",
        "coordinates": [
          [
            [10.730317115783691, 57.79235076904297],
            [10.792027473449707, 57.79235076904297],
            [10.792027473449707, 57.82152557373047],
            [10.730317115783691, 57.82152557373047],
            [10.730317115783691, 57.79235076904297]
          ]
        ]
      }
    },
    {
      "type": "Feature",
      "properties": {
        "query_id": 867,
        "query_type": "range",
        "lat_min": 57.74181,
        "lat_max": 57.756695,
        "lon_min": 9.415885,
        "lon_max": 9.447362,
        "time_start": 99790168.0,
        "time_end": 114566760.0
      },
      "geometry": {
        "type": "Polygon",
        "coordinates": [
          [
            [9.415884971618652, 57.7418098449707],
            [9.447361946105957, 57.7418098449707],
            [9.447361946105957, 57.75669479370117],
            [9.415884971618652, 57.75669479370117],
            [9.415884971618652, 57.7418098449707]
          ]
        ]
      }
    },
    {
      "type": "Feature",
      "properties": {
        "query_id": 868,
        "query_type": "aggregation",
        "lat_min": 54.256702,
        "lat_max": 54.290268,
        "lon_min": 8.879072,
        "lon_max": 9.063059,
        "time_start": 129539688.0,
        "time_end": 135570736.0
      },
      "geometry": {
        "type": "Polygon",
        "coordinates": [
          [
            [8.879072189331055, 54.2567024230957],
            [9.063058853149414, 54.2567024230957],
            [9.063058853149414, 54.29026794433594],
            [8.879072189331055, 54.29026794433594],
            [8.879072189331055, 54.2567024230957]
          ]
        ]
      }
    },
    {
      "type": "Feature",
      "properties": {
        "query_id": 869,
        "query_type": "range",
        "lat_min": 55.420734,
        "lat_max": 55.470066,
        "lon_min": 14.788846,
        "lon_max": 14.893188,
        "time_start": 43873508.0,
        "time_end": 59986332.0
      },
      "geometry": {
        "type": "Polygon",
        "coordinates": [
          [
            [14.788846015930176, 55.42073440551758],
            [14.893187522888184, 55.42073440551758],
            [14.893187522888184, 55.47006607055664],
            [14.788846015930176, 55.47006607055664],
            [14.788846015930176, 55.42073440551758]
          ]
        ]
      }
    },
    {
      "type": "Feature",
      "properties": {
        "query_id": 870,
        "query_type": "nearest",
        "lat_min": 55.350178,
        "lat_max": 55.370174,
        "lon_min": 7.471333,
        "lon_max": 7.491333,
        "time_start": 218703904.0,
        "time_end": 245270816.0
      },
      "geometry": {
        "type": "Polygon",
        "coordinates": [
          [
            [7.471332550048828, 55.35017776489258],
            [7.4913330078125, 55.35017776489258],
            [7.4913330078125, 55.370174407958984],
            [7.471332550048828, 55.370174407958984],
            [7.471332550048828, 55.35017776489258]
          ]
        ]
      }
    },
    {
      "type": "Feature",
      "properties": {
        "query_id": 871,
        "query_type": "aggregation",
        "lat_min": 57.823002,
        "lat_max": 57.898815,
        "lon_min": 5.134867,
        "lon_max": 5.347367,
        "time_start": 71790808.0,
        "time_end": 85931432.0
      },
      "geometry": {
        "type": "Polygon",
        "coordinates": [
          [
            [5.134866714477539, 57.823001861572266],
            [5.347367286682129, 57.823001861572266],
            [5.347367286682129, 57.8988151550293],
            [5.134866714477539, 57.8988151550293],
            [5.134866714477539, 57.823001861572266]
          ]
        ]
      }
    },
    {
      "type": "Feature",
      "properties": {
        "query_id": 872,
        "query_type": "range",
        "lat_min": 55.103382,
        "lat_max": 55.141544,
        "lon_min": 10.994276,
        "lon_max": 11.074984,
        "time_start": 191286400.0,
        "time_end": 215044864.0
      },
      "geometry": {
        "type": "Polygon",
        "coordinates": [
          [
            [10.99427604675293, 55.1033821105957],
            [11.074983596801758, 55.1033821105957],
            [11.074983596801758, 55.141544342041016],
            [10.99427604675293, 55.141544342041016],
            [10.99427604675293, 55.1033821105957]
          ]
        ]
      }
    },
    {
      "type": "Feature",
      "properties": {
        "query_id": 873,
        "query_type": "range",
        "lat_min": 57.382778,
        "lat_max": 57.467953,
        "lon_min": 10.695582,
        "lon_max": 10.875722,
        "time_start": 239839808.0,
        "time_end": 258283296.0
      },
      "geometry": {
        "type": "Polygon",
        "coordinates": [
          [
            [10.695582389831543, 57.38277816772461],
            [10.87572193145752, 57.38277816772461],
            [10.87572193145752, 57.467952728271484],
            [10.695582389831543, 57.467952728271484],
            [10.695582389831543, 57.38277816772461]
          ]
        ]
      }
    },
    {
      "type": "Feature",
      "properties": {
        "query_id": 874,
        "query_type": "aggregation",
        "lat_min": 56.515564,
        "lat_max": 56.576187,
        "lon_min": 10.349969,
        "lon_max": 10.519895,
        "time_start": 241421680.0,
        "time_end": 250887920.0
      },
      "geometry": {
        "type": "Polygon",
        "coordinates": [
          [
            [10.349968910217285, 56.51556396484375],
            [10.51989459991455, 56.51556396484375],
            [10.51989459991455, 56.57618713378906],
            [10.349968910217285, 56.57618713378906],
            [10.349968910217285, 56.51556396484375]
          ]
        ]
      }
    },
    {
      "type": "Feature",
      "properties": {
        "query_id": 875,
        "query_type": "nearest",
        "lat_min": 56.072975,
        "lat_max": 56.092972,
        "lon_min": 12.545083,
        "lon_max": 12.565084,
        "time_start": 174426848.0,
        "time_end": 200993760.0
      },
      "geometry": {
        "type": "Polygon",
        "coordinates": [
          [
            [12.545083045959473, 56.072975158691406],
            [12.565083503723145, 56.072975158691406],
            [12.565083503723145, 56.09297180175781],
            [12.545083045959473, 56.09297180175781],
            [12.545083045959473, 56.072975158691406]
          ]
        ]
      }
    },
    {
      "type": "Feature",
      "properties": {
        "query_id": 876,
        "query_type": "aggregation",
        "lat_min": 54.310009,
        "lat_max": 54.391956,
        "lon_min": 6.747941,
        "lon_max": 6.977629,
        "time_start": 134506128.0,
        "time_end": 137852912.0
      },
      "geometry": {
        "type": "Polygon",
        "coordinates": [
          [
            [6.747940540313721, 54.31000900268555],
            [6.9776291847229, 54.31000900268555],
            [6.9776291847229, 54.3919563293457],
            [6.747940540313721, 54.3919563293457],
            [6.747940540313721, 54.31000900268555]
          ]
        ]
      }
    },
    {
      "type": "Feature",
      "properties": {
        "query_id": 877,
        "query_type": "range",
        "lat_min": 57.655441,
        "lat_max": 57.697075,
        "lon_min": 11.693789,
        "lon_max": 11.781846,
        "time_start": 10776401.0,
        "time_end": 17558252.0
      },
      "geometry": {
        "type": "Polygon",
        "coordinates": [
          [
            [11.6937894821167, 57.65544128417969],
            [11.781846046447754, 57.65544128417969],
            [11.781846046447754, 57.69707489013672],
            [11.6937894821167, 57.69707489013672],
            [11.6937894821167, 57.65544128417969]
          ]
        ]
      }
    },
    {
      "type": "Feature",
      "properties": {
        "query_id": 878,
        "query_type": "nearest",
        "lat_min": 55.535583,
        "lat_max": 55.55558,
        "lon_min": 14.836256,
        "lon_max": 14.856256,
        "time_start": 4679105.0,
        "time_end": 31246016.0
      },
      "geometry": {
        "type": "Polygon",
        "coordinates": [
          [
            [14.83625602722168, 55.53558349609375],
            [14.856256484985352, 55.53558349609375],
            [14.856256484985352, 55.555580139160156],
            [14.83625602722168, 55.555580139160156],
            [14.83625602722168, 55.53558349609375]
          ]
        ]
      }
    },
    {
      "type": "Feature",
      "properties": {
        "query_id": 879,
        "query_type": "range",
        "lat_min": 54.648163,
        "lat_max": 54.779465,
        "lon_min": 12.782869,
        "lon_max": 13.060564,
        "time_start": 10425775.0,
        "time_end": 28605020.0
      },
      "geometry": {
        "type": "Polygon",
        "coordinates": [
          [
            [12.782869338989258, 54.648162841796875],
            [13.060564041137695, 54.648162841796875],
            [13.060564041137695, 54.77946472167969],
            [12.782869338989258, 54.77946472167969],
            [12.782869338989258, 54.648162841796875]
          ]
        ]
      }
    },
    {
      "type": "Feature",
      "properties": {
        "query_id": 880,
        "query_type": "range",
        "lat_min": 54.575771,
        "lat_max": 54.693813,
        "lon_min": 12.234728,
        "lon_max": 12.484388,
        "time_start": 38989864.0,
        "time_end": 57756776.0
      },
      "geometry": {
        "type": "Polygon",
        "coordinates": [
          [
            [12.23472785949707, 54.57577133178711],
            [12.48438835144043, 54.57577133178711],
            [12.48438835144043, 54.69381332397461],
            [12.23472785949707, 54.69381332397461],
            [12.23472785949707, 54.57577133178711]
          ]
        ]
      }
    },
    {
      "type": "Feature",
      "properties": {
        "query_id": 881,
        "query_type": "aggregation",
        "lat_min": 55.816101,
        "lat_max": 55.881645,
        "lon_min": 12.115986,
        "lon_max": 12.299706,
        "time_start": 82529656.0,
        "time_end": 97821240.0
      },
      "geometry": {
        "type": "Polygon",
        "coordinates": [
          [
            [12.115985870361328, 55.81610107421875],
            [12.299705505371094, 55.81610107421875],
            [12.299705505371094, 55.88164520263672],
            [12.115985870361328, 55.88164520263672],
            [12.115985870361328, 55.81610107421875]
          ]
        ]
      }
    },
    {
      "type": "Feature",
      "properties": {
        "query_id": 882,
        "query_type": "aggregation",
        "lat_min": 55.631073,
        "lat_max": 55.65242,
        "lon_min": 14.769727,
        "lon_max": 14.829558,
        "time_start": 108473512.0,
        "time_end": 123571992.0
      },
      "geometry": {
        "type": "Polygon",
        "coordinates": [
          [
            [14.769726753234863, 55.631072998046875],
            [14.829558372497559, 55.631072998046875],
            [14.829558372497559, 55.65242004394531],
            [14.769726753234863, 55.65242004394531],
            [14.769726753234863, 55.631072998046875]
          ]
        ]
      }
    },
    {
      "type": "Feature",
      "properties": {
        "query_id": 883,
        "query_type": "intersection",
        "lat_min": 56.477325,
        "lat_max": 56.625229,
        "lon_min": 4.290987,
        "lon_max": 4.603797,
        "time_start": 102841568.0,
        "time_end": 111664496.0
      },
      "geometry": {
        "type": "Polygon",
        "coordinates": [
          [
            [4.29098653793335, 56.477325439453125],
            [4.603797435760498, 56.477325439453125],
            [4.603797435760498, 56.62522888183594],
            [4.29098653793335, 56.62522888183594],
            [4.29098653793335, 56.477325439453125]
          ]
        ]
      }
    },
    {
      "type": "Feature",
      "properties": {
        "query_id": 884,
        "query_type": "range",
        "lat_min": 57.760483,
        "lat_max": 57.835526,
        "lon_min": 9.899519,
        "lon_max": 10.058235,
        "time_start": 125229824.0,
        "time_end": 144698464.0
      },
      "geometry": {
        "type": "Polygon",
        "coordinates": [
          [
            [9.899518966674805, 57.76048278808594],
            [10.058235168457031, 57.76048278808594],
            [10.058235168457031, 57.83552551269531],
            [9.899518966674805, 57.83552551269531],
            [9.899518966674805, 57.76048278808594]
          ]
        ]
      }
    },
    {
      "type": "Feature",
      "properties": {
        "query_id": 885,
        "query_type": "nearest",
        "lat_min": 55.385841,
        "lat_max": 55.405838,
        "lon_min": 10.997634,
        "lon_max": 11.017634,
        "time_start": -10777615.0,
        "time_end": 15789295.0
      },
      "geometry": {
        "type": "Polygon",
        "coordinates": [
          [
            [10.997633934020996, 55.385841369628906],
            [11.017634391784668, 55.385841369628906],
            [11.017634391784668, 55.40583801269531],
            [10.997633934020996, 55.40583801269531],
            [10.997633934020996, 55.385841369628906]
          ]
        ]
      }
    },
    {
      "type": "Feature",
      "properties": {
        "query_id": 886,
        "query_type": "nearest",
        "lat_min": 54.420231,
        "lat_max": 54.440228,
        "lon_min": 12.197549,
        "lon_max": 12.217549,
        "time_start": 31646224.0,
        "time_end": 58213136.0
      },
      "geometry": {
        "type": "Polygon",
        "coordinates": [
          [
            [12.197548866271973, 54.420230865478516],
            [12.217549324035645, 54.420230865478516],
            [12.217549324035645, 54.44022750854492],
            [12.197548866271973, 54.44022750854492],
            [12.197548866271973, 54.420230865478516]
          ]
        ]
      }
    },
    {
      "type": "Feature",
      "properties": {
        "query_id": 887,
        "query_type": "intersection",
        "lat_min": 54.537716,
        "lat_max": 54.639042,
        "lon_min": 13.785583,
        "lon_max": 13.999877,
        "time_start": 5656166.0,
        "time_end": 23754546.0
      },
      "geometry": {
        "type": "Polygon",
        "coordinates": [
          [
            [13.785582542419434, 54.537715911865234],
            [13.999876976013184, 54.537715911865234],
            [13.999876976013184, 54.639041900634766],
            [13.785582542419434, 54.639041900634766],
            [13.785582542419434, 54.537715911865234]
          ]
        ]
      }
    },
    {
      "type": "Feature",
      "properties": {
        "query_id": 888,
        "query_type": "range",
        "lat_min": 57.599857,
        "lat_max": 57.63129,
        "lon_min": 10.781254,
        "lon_max": 10.847727,
        "time_start": 132834704.0,
        "time_end": 154324208.0
      },
      "geometry": {
        "type": "Polygon",
        "coordinates": [
          [
            [10.781253814697266, 57.599857330322266],
            [10.847726821899414, 57.599857330322266],
            [10.847726821899414, 57.631290435791016],
            [10.781253814697266, 57.631290435791016],
            [10.781253814697266, 57.599857330322266]
          ]
        ]
      }
    },
    {
      "type": "Feature",
      "properties": {
        "query_id": 889,
        "query_type": "nearest",
        "lat_min": 55.090782,
        "lat_max": 55.110779,
        "lon_min": 10.245856,
        "lon_max": 10.265857,
        "time_start": 151231808.0,
        "time_end": 177798720.0
      },
      "geometry": {
        "type": "Polygon",
        "coordinates": [
          [
            [10.245856285095215, 55.090782165527344],
            [10.265856742858887, 55.090782165527344],
            [10.265856742858887, 55.11077880859375],
            [10.245856285095215, 55.11077880859375],
            [10.245856285095215, 55.090782165527344]
          ]
        ]
      }
    },
    {
      "type": "Feature",
      "properties": {
        "query_id": 890,
        "query_type": "nearest",
        "lat_min": 56.099422,
        "lat_max": 56.119419,
        "lon_min": 10.211662,
        "lon_max": 10.231663,
        "time_start": 110080928.0,
        "time_end": 136647840.0
      },
      "geometry": {
        "type": "Polygon",
        "coordinates": [
          [
            [10.211662292480469, 56.099422454833984],
            [10.23166275024414, 56.099422454833984],
            [10.23166275024414, 56.11941909790039],
            [10.211662292480469, 56.11941909790039],
            [10.211662292480469, 56.099422454833984]
          ]
        ]
      }
    },
    {
      "type": "Feature",
      "properties": {
        "query_id": 891,
        "query_type": "range",
        "lat_min": 54.547398,
        "lat_max": 54.656269,
        "lon_min": 10.585374,
        "lon_max": 10.815625,
        "time_start": 186252640.0,
        "time_end": 192359648.0
      },
      "geometry": {
        "type": "Polygon",
        "coordinates": [
          [
            [10.585373878479004, 54.54739761352539],
            [10.815625190734863, 54.54739761352539],
            [10.815625190734863, 54.65626907348633],
            [10.585373878479004, 54.65626907348633],
            [10.585373878479004, 54.54739761352539]
          ]
        ]
      }
    },
    {
      "type": "Feature",
      "properties": {
        "query_id": 892,
        "query_type": "intersection",
        "lat_min": 57.665897,
        "lat_max": 57.745434,
        "lon_min": 11.871063,
        "lon_max": 12.039276,
        "time_start": 29788012.0,
        "time_end": 51381028.0
      },
      "geometry": {
        "type": "Polygon",
        "coordinates": [
          [
            [11.871063232421875, 57.665897369384766],
            [12.039276123046875, 57.665897369384766],
            [12.039276123046875, 57.74543380737305],
            [11.871063232421875, 57.74543380737305],
            [11.871063232421875, 57.665897369384766]
          ]
        ]
      }
    },
    {
      "type": "Feature",
      "properties": {
        "query_id": 893,
        "query_type": "nearest",
        "lat_min": 56.1217,
        "lat_max": 56.141697,
        "lon_min": 12.313922,
        "lon_max": 12.333922,
        "time_start": -4895455.0,
        "time_end": 21671456.0
      },
      "geometry": {
        "type": "Polygon",
        "coordinates": [
          [
            [12.313921928405762, 56.121700286865234],
            [12.333922386169434, 56.121700286865234],
            [12.333922386169434, 56.14169692993164],
            [12.313921928405762, 56.14169692993164],
            [12.313921928405762, 56.121700286865234]
          ]
        ]
      }
    },
    {
      "type": "Feature",
      "properties": {
        "query_id": 894,
        "query_type": "nearest",
        "lat_min": 55.402031,
        "lat_max": 55.422028,
        "lon_min": 13.788331,
        "lon_max": 13.808331,
        "time_start": 91154344.0,
        "time_end": 117721256.0
      },
      "geometry": {
        "type": "Polygon",
        "coordinates": [
          [
            [13.788331031799316, 55.40203094482422],
            [13.808331489562988, 55.40203094482422],
            [13.808331489562988, 55.422027587890625],
            [13.788331031799316, 55.422027587890625],
            [13.788331031799316, 55.40203094482422]
          ]
        ]
      }
    },
    {
      "type": "Feature",
      "properties": {
        "query_id": 895,
        "query_type": "aggregation",
        "lat_min": 57.542686,
        "lat_max": 57.647758,
        "lon_min": 11.34375,
        "lon_max": 11.638271,
        "time_start": 121087912.0,
        "time_end": 135033520.0
      },
      "geometry": {
        "type": "Polygon",
        "coordinates": [
          [
            [11.34375, 57.542686462402344],
            [11.63827133178711, 57.542686462402344],
            [11.63827133178711, 57.64775848388672],
            [11.34375, 57.64775848388672],
            [11.34375, 57.542686462402344]
          ]
        ]
      }
    },
    {
      "type": "Feature",
      "properties": {
        "query_id": 896,
        "query_type": "range",
        "lat_min": 57.112812,
        "lat_max": 57.132145,
        "lon_min": 8.580042,
        "lon_max": 8.620928,
        "time_start": 36634952.0,
        "time_end": 62116224.0
      },
      "geometry": {
        "type": "Polygon",
        "coordinates": [
          [
            [8.580041885375977, 57.11281204223633],
            [8.620927810668945, 57.11281204223633],
            [8.620927810668945, 57.132144927978516],
            [8.580041885375977, 57.132144927978516],
            [8.580041885375977, 57.11281204223633]
          ]
        ]
      }
    },
    {
      "type": "Feature",
      "properties": {
        "query_id": 897,
        "query_type": "nearest",
        "lat_min": 55.522972,
        "lat_max": 55.542969,
        "lon_min": 12.631468,
        "lon_max": 12.651468,
        "time_start": -1215415.0,
        "time_end": 25351496.0
      },
      "geometry": {
        "type": "Polygon",
        "coordinates": [
          [
            [12.631467819213867, 55.522972106933594],
            [12.651468276977539, 55.522972106933594],
            [12.651468276977539, 55.54296875],
            [12.631467819213867, 55.54296875],
            [12.631467819213867, 55.522972106933594]
          ]
        ]
      }
    },
    {
      "type": "Feature",
      "properties": {
        "query_id": 898,
        "query_type": "nearest",
        "lat_min": 57.509766,
        "lat_max": 57.529762,
        "lon_min": 9.328568,
        "lon_max": 9.348569,
        "time_start": 65025184.0,
        "time_end": 91592096.0
      },
      "geometry": {
        "type": "Polygon",
        "coordinates": [
          [
            [9.328568458557129, 57.509765625],
            [9.3485689163208, 57.509765625],
            [9.3485689163208, 57.529762268066406],
            [9.328568458557129, 57.529762268066406],
            [9.328568458557129, 57.509765625]
          ]
        ]
      }
    },
    {
      "type": "Feature",
      "properties": {
        "query_id": 899,
        "query_type": "range",
        "lat_min": 57.4729,
        "lat_max": 57.564949,
        "lon_min": 11.251431,
        "lon_max": 11.446104,
        "time_start": 126439792.0,
        "time_end": 144696368.0
      },
      "geometry": {
        "type": "Polygon",
        "coordinates": [
          [
            [11.25143051147461, 57.472900390625],
            [11.446104049682617, 57.472900390625],
            [11.446104049682617, 57.56494903564453],
            [11.25143051147461, 57.56494903564453],
            [11.25143051147461, 57.472900390625]
          ]
        ]
      }
    },
    {
      "type": "Feature",
      "properties": {
        "query_id": 900,
        "query_type": "nearest",
        "lat_min": 57.55624,
        "lat_max": 57.576237,
        "lon_min": 9.962829,
        "lon_max": 9.982829,
        "time_start": -12160735.0,
        "time_end": 14406175.0
      },
      "geometry": {
        "type": "Polygon",
        "coordinates": [
          [
            [9.962828636169434, 57.55624008178711],
            [9.982829093933105, 57.55624008178711],
            [9.982829093933105, 57.576236724853516],
            [9.962828636169434, 57.576236724853516],
            [9.962828636169434, 57.55624008178711]
          ]
        ]
      }
    },
    {
      "type": "Feature",
      "properties": {
        "query_id": 901,
        "query_type": "intersection",
        "lat_min": 55.411766,
        "lat_max": 55.512444,
        "lon_min": 14.709723,
        "lon_max": 14.922656,
        "time_start": 18671016.0,
        "time_end": 25084944.0
      },
      "geometry": {
        "type": "Polygon",
        "coordinates": [
          [
            [14.709723472595215, 55.411766052246094],
            [14.922656059265137, 55.411766052246094],
            [14.922656059265137, 55.51244354248047],
            [14.709723472595215, 55.51244354248047],
            [14.709723472595215, 55.411766052246094]
          ]
        ]
      }
    },
    {
      "type": "Feature",
      "properties": {
        "query_id": 902,
        "query_type": "intersection",
        "lat_min": 55.667446,
        "lat_max": 55.734539,
        "lon_min": 15.594821,
        "lon_max": 15.736726,
        "time_start": 0.0,
        "time_end": 8100151.0
      },
      "geometry": {
        "type": "Polygon",
        "coordinates": [
          [
            [15.594820976257324, 55.66744613647461],
            [15.736725807189941, 55.66744613647461],
            [15.736725807189941, 55.73453903198242],
            [15.594820976257324, 55.73453903198242],
            [15.594820976257324, 55.66744613647461]
          ]
        ]
      }
    },
    {
      "type": "Feature",
      "properties": {
        "query_id": 903,
        "query_type": "range",
        "lat_min": 57.662071,
        "lat_max": 57.792236,
        "lon_min": 9.453796,
        "lon_max": 9.729084,
        "time_start": 35767280.0,
        "time_end": 57439488.0
      },
      "geometry": {
        "type": "Polygon",
        "coordinates": [
          [
            [9.45379638671875, 57.662071228027344],
            [9.729084014892578, 57.662071228027344],
            [9.729084014892578, 57.792236328125],
            [9.45379638671875, 57.792236328125],
            [9.45379638671875, 57.662071228027344]
          ]
        ]
      }
    },
    {
      "type": "Feature",
      "properties": {
        "query_id": 904,
        "query_type": "intersection",
        "lat_min": 54.426331,
        "lat_max": 54.543465,
        "lon_min": 15.03839,
        "lon_max": 15.28613,
        "time_start": 104875616.0,
        "time_end": 119393584.0
      },
      "geometry": {
        "type": "Polygon",
        "coordinates": [
          [
            [15.038390159606934, 54.42633056640625],
            [15.28612995147705, 54.42633056640625],
            [15.28612995147705, 54.54346466064453],
            [15.038390159606934, 54.54346466064453],
            [15.038390159606934, 54.42633056640625]
          ]
        ]
      }
    },
    {
      "type": "Feature",
      "properties": {
        "query_id": 905,
        "query_type": "intersection",
        "lat_min": 55.863029,
        "lat_max": 55.96051,
        "lon_min": 12.643001,
        "lon_max": 12.84917,
        "time_start": 88563848.0,
        "time_end": 105245560.0
      },
      "geometry": {
        "type": "Polygon",
        "coordinates": [
          [
            [12.643000602722168, 55.86302947998047],
            [12.849169731140137, 55.86302947998047],
            [12.849169731140137, 55.96051025390625],
            [12.643000602722168, 55.96051025390625],
            [12.643000602722168, 55.86302947998047]
          ]
        ]
      }
    },
    {
      "type": "Feature",
      "properties": {
        "query_id": 906,
        "query_type": "nearest",
        "lat_min": 58.256897,
        "lat_max": 58.276894,
        "lon_min": 9.701172,
        "lon_max": 9.721172,
        "time_start": 204994144.0,
        "time_end": 231561056.0
      },
      "geometry": {
        "type": "Polygon",
        "coordinates": [
          [
            [9.701171875, 58.25689697265625],
            [9.721172332763672, 58.25689697265625],
            [9.721172332763672, 58.276893615722656],
            [9.701171875, 58.276893615722656],
            [9.701171875, 58.25689697265625]
          ]
        ]
      }
    },
    {
      "type": "Feature",
      "properties": {
        "query_id": 907,
        "query_type": "intersection",
        "lat_min": 54.857132,
        "lat_max": 54.913513,
        "lon_min": 13.08951,
        "lon_max": 13.208754,
        "time_start": 0.0,
        "time_end": 14064584.0
      },
      "geometry": {
        "type": "Polygon",
        "coordinates": [
          [
            [13.089509963989258, 54.85713195800781],
            [13.20875358581543, 54.85713195800781],
            [13.20875358581543, 54.91351318359375],
            [13.089509963989258, 54.91351318359375],
            [13.089509963989258, 54.85713195800781]
          ]
        ]
      }
    },
    {
      "type": "Feature",
      "properties": {
        "query_id": 908,
        "query_type": "aggregation",
        "lat_min": 57.422489,
        "lat_max": 57.460293,
        "lon_min": 11.56537,
        "lon_max": 11.671329,
        "time_start": 60376572.0,
        "time_end": 82101072.0
      },
      "geometry": {
        "type": "Polygon",
        "coordinates": [
          [
            [11.565369606018066, 57.422489166259766],
            [11.6713285446167, 57.422489166259766],
            [11.6713285446167, 57.46029281616211],
            [11.565369606018066, 57.46029281616211],
            [11.565369606018066, 57.422489166259766]
          ]
        ]
      }
    },
    {
      "type": "Feature",
      "properties": {
        "query_id": 909,
        "query_type": "nearest",
        "lat_min": 55.012619,
        "lat_max": 55.032616,
        "lon_min": 8.434971,
        "lon_max": 8.454971,
        "time_start": 39678844.0,
        "time_end": 66245756.0
      },
      "geometry": {
        "type": "Polygon",
        "coordinates": [
          [
            [8.43497085571289, 55.01261901855469],
            [8.454971313476562, 55.01261901855469],
            [8.454971313476562, 55.032615661621094],
            [8.43497085571289, 55.032615661621094],
            [8.43497085571289, 55.01261901855469]
          ]
        ]
      }
    },
    {
      "type": "Feature",
      "properties": {
        "query_id": 910,
        "query_type": "nearest",
        "lat_min": 57.98872,
        "lat_max": 58.008717,
        "lon_min": 9.381063,
        "lon_max": 9.401063,
        "time_start": 154233728.0,
        "time_end": 180800640.0
      },
      "geometry": {
        "type": "Polygon",
        "coordinates": [
          [
            [9.381062507629395, 57.98871994018555],
            [9.401062965393066, 57.98871994018555],
            [9.401062965393066, 58.00871658325195],
            [9.381062507629395, 58.00871658325195],
            [9.381062507629395, 57.98871994018555]
          ]
        ]
      }
    },
    {
      "type": "Feature",
      "properties": {
        "query_id": 911,
        "query_type": "aggregation",
        "lat_min": 54.895924,
        "lat_max": 54.928928,
        "lon_min": 14.029796,
        "lon_max": 14.122298,
        "time_start": 10477709.0,
        "time_end": 17732764.0
      },
      "geometry": {
        "type": "Polygon",
        "coordinates": [
          [
            [14.02979564666748, 54.89592361450195],
            [14.122298240661621, 54.89592361450195],
            [14.122298240661621, 54.92892837524414],
            [14.02979564666748, 54.92892837524414],
            [14.02979564666748, 54.89592361450195]
          ]
        ]
      }
    },
    {
      "type": "Feature",
      "properties": {
        "query_id": 912,
        "query_type": "intersection",
        "lat_min": 55.516598,
        "lat_max": 55.618099,
        "lon_min": 10.734312,
        "lon_max": 10.948978,
        "time_start": 67549216.0,
        "time_end": 91445888.0
      },
      "geometry": {
        "type": "Polygon",
        "coordinates": [
          [
            [10.734312057495117, 55.516597747802734],
            [10.948978424072266, 55.516597747802734],
            [10.948978424072266, 55.618099212646484],
            [10.734312057495117, 55.618099212646484],
            [10.734312057495117, 55.516597747802734]
          ]
        ]
      }
    },
    {
      "type": "Feature",
      "properties": {
        "query_id": 913,
        "query_type": "intersection",
        "lat_min": 56.888142,
        "lat_max": 56.91959,
        "lon_min": 12.036112,
        "lon_max": 12.102629,
        "time_start": 129444096.0,
        "time_end": 132478336.0
      },
      "geometry": {
        "type": "Polygon",
        "coordinates": [
          [
            [12.036111831665039, 56.88814163208008],
            [12.102628707885742, 56.88814163208008],
            [12.102628707885742, 56.91958999633789],
            [12.036111831665039, 56.91958999633789],
            [12.036111831665039, 56.88814163208008]
          ]
        ]
      }
    },
    {
      "type": "Feature",
      "properties": {
        "query_id": 914,
        "query_type": "aggregation",
        "lat_min": 54.596779,
        "lat_max": 54.637978,
        "lon_min": 8.142591,
        "lon_max": 8.258081,
        "time_start": 94006232.0,
        "time_end": 98893736.0
      },
      "geometry": {
        "type": "Polygon",
        "coordinates": [
          [
            [8.14259147644043, 54.596778869628906],
            [8.258081436157227, 54.596778869628906],
            [8.258081436157227, 54.637977600097656],
            [8.14259147644043, 54.637977600097656],
            [8.14259147644043, 54.596778869628906]
          ]
        ]
      }
    },
    {
      "type": "Feature",
      "properties": {
        "query_id": 915,
        "query_type": "aggregation",
        "lat_min": 54.725773,
        "lat_max": 54.836178,
        "lon_min": 9.877343,
        "lon_max": 10.186801,
        "time_start": 76915344.0,
        "time_end": 98558144.0
      },
      "geometry": {
        "type": "Polygon",
        "coordinates": [
          [
            [9.87734317779541, 54.725772857666016],
            [10.186800956726074, 54.725772857666016],
            [10.186800956726074, 54.836177825927734],
            [9.87734317779541, 54.836177825927734],
            [9.87734317779541, 54.725772857666016]
          ]
        ]
      }
    },
    {
      "type": "Feature",
      "properties": {
        "query_id": 916,
        "query_type": "range",
        "lat_min": 56.909931,
        "lat_max": 56.992458,
        "lon_min": 11.6752,
        "lon_max": 11.849736,
        "time_start": 246420912.0,
        "time_end": 251345232.0
      },
      "geometry": {
        "type": "Polygon",
        "coordinates": [
          [
            [11.675200462341309, 56.90993118286133],
            [11.849736213684082, 56.90993118286133],
            [11.849736213684082, 56.99245834350586],
            [11.675200462341309, 56.99245834350586],
            [11.675200462341309, 56.90993118286133]
          ]
        ]
      }
    },
    {
      "type": "Feature",
      "properties": {
        "query_id": 917,
        "query_type": "aggregation",
        "lat_min": 55.043385,
        "lat_max": 55.101269,
        "lon_min": 14.773584,
        "lon_max": 14.935829,
        "time_start": 108447296.0,
        "time_end": 130034864.0
      },
      "geometry": {
        "type": "Polygon",
        "coordinates": [
          [
            [14.773584365844727, 55.04338455200195],
            [14.935829162597656, 55.04338455200195],
            [14.935829162597656, 55.10126876831055],
            [14.773584365844727, 55.10126876831055],
            [14.773584365844727, 55.04338455200195]
          ]
        ]
      }
    },
    {
      "type": "Feature",
      "properties": {
        "query_id": 918,
        "query_type": "nearest",
        "lat_min": 56.966557,
        "lat_max": 56.986553,
        "lon_min": 11.643456,
        "lon_max": 11.663457,
        "time_start": 48602104.0,
        "time_end": 75169016.0
      },
      "geometry": {
        "type": "Polygon",
        "coordinates": [
          [
            [11.64345645904541, 56.966556549072266],
            [11.663456916809082, 56.966556549072266],
            [11.663456916809082, 56.98655319213867],
            [11.64345645904541, 56.98655319213867],
            [11.64345645904541, 56.966556549072266]
          ]
        ]
      }
    },
    {
      "type": "Feature",
      "properties": {
        "query_id": 919,
        "query_type": "nearest",
        "lat_min": 57.761127,
        "lat_max": 57.781124,
        "lon_min": 10.014582,
        "lon_max": 10.034582,
        "time_start": 193581904.0,
        "time_end": 220148816.0
      },
      "geometry": {
        "type": "Polygon",
        "coordinates": [
          [
            [10.014581680297852, 57.76112747192383],
            [10.034582138061523, 57.76112747192383],
            [10.034582138061523, 57.781124114990234],
            [10.014581680297852, 57.781124114990234],
            [10.014581680297852, 57.76112747192383]
          ]
        ]
      }
    },
    {
      "type": "Feature",
      "properties": {
        "query_id": 920,
        "query_type": "intersection",
        "lat_min": 57.442734,
        "lat_max": 57.543373,
        "lon_min": 10.399952,
        "lon_max": 10.612799,
        "time_start": 214806592.0,
        "time_end": 227645792.0
      },
      "geometry": {
        "type": "Polygon",
        "coordinates": [
          [
            [10.399951934814453, 57.44273376464844],
            [10.612798690795898, 57.44273376464844],
            [10.612798690795898, 57.543373107910156],
            [10.399951934814453, 57.543373107910156],
            [10.399951934814453, 57.44273376464844]
          ]
        ]
      }
    },
    {
      "type": "Feature",
      "properties": {
        "query_id": 921,
        "query_type": "aggregation",
        "lat_min": 57.888142,
        "lat_max": 57.909458,
        "lon_min": 11.205811,
        "lon_max": 11.265562,
        "time_start": 6111273.0,
        "time_end": 12331629.0
      },
      "geometry": {
        "type": "Polygon",
        "coordinates": [
          [
            [11.205810546875, 57.88814163208008],
            [11.265562057495117, 57.88814163208008],
            [11.265562057495117, 57.90945816040039],
            [11.205810546875, 57.90945816040039],
            [11.205810546875, 57.88814163208008]
          ]
        ]
      }
    },
    {
      "type": "Feature",
      "properties": {
        "query_id": 922,
        "query_type": "nearest",
        "lat_min": 57.500076,
        "lat_max": 57.520073,
        "lon_min": 11.3428,
        "lon_max": 11.362801,
        "time_start": 51275764.0,
        "time_end": 77842672.0
      },
      "geometry": {
        "type": "Polygon",
        "coordinates": [
          [
            [11.34280014038086, 57.50007629394531],
            [11.362800598144531, 57.50007629394531],
            [11.362800598144531, 57.52007293701172],
            [11.34280014038086, 57.52007293701172],
            [11.34280014038086, 57.50007629394531]
          ]
        ]
      }
    },
    {
      "type": "Feature",
      "properties": {
        "query_id": 923,
        "query_type": "nearest",
        "lat_min": 54.676441,
        "lat_max": 54.696438,
        "lon_min": 15.639251,
        "lon_max": 15.659251,
        "time_start": 39365044.0,
        "time_end": 65931956.0
      },
      "geometry": {
        "type": "Polygon",
        "coordinates": [
          [
            [15.639250755310059, 54.67644119262695],
            [15.65925121307373, 54.67644119262695],
            [15.65925121307373, 54.69643783569336],
            [15.639250755310059, 54.69643783569336],
            [15.639250755310059, 54.67644119262695]
          ]
        ]
      }
    },
    {
      "type": "Feature",
      "properties": {
        "query_id": 924,
        "query_type": "intersection",
        "lat_min": 57.821426,
        "lat_max": 57.888474,
        "lon_min": 10.611596,
        "lon_max": 10.7534,
        "time_start": 49818160.0,
        "time_end": 72483344.0
      },
      "geometry": {
        "type": "Polygon",
        "coordinates": [
          [
            [10.61159610748291, 57.82142639160156],
            [10.753399848937988, 57.82142639160156],
            [10.753399848937988, 57.88847351074219],
            [10.61159610748291, 57.88847351074219],
            [10.61159610748291, 57.82142639160156]
          ]
        ]
      }
    },
    {
      "type": "Feature",
      "properties": {
        "query_id": 925,
        "query_type": "range",
        "lat_min": 54.917126,
        "lat_max": 54.941975,
        "lon_min": 14.634345,
        "lon_max": 14.686898,
        "time_start": 974955.5,
        "time_end": 13784286.0
      },
      "geometry": {
        "type": "Polygon",
        "coordinates": [
          [
            [14.634345054626465, 54.9171257019043],
            [14.686898231506348, 54.9171257019043],
            [14.686898231506348, 54.94197463989258],
            [14.634345054626465, 54.94197463989258],
            [14.634345054626465, 54.9171257019043]
          ]
        ]
      }
    },
    {
      "type": "Feature",
      "properties": {
        "query_id": 926,
        "query_type": "nearest",
        "lat_min": 57.355209,
        "lat_max": 57.375206,
        "lon_min": 11.085302,
        "lon_max": 11.105303,
        "time_start": 126619088.0,
        "time_end": 153186000.0
      },
      "geometry": {
        "type": "Polygon",
        "coordinates": [
          [
            [11.085302352905273, 57.35520935058594],
            [11.105302810668945, 57.35520935058594],
            [11.105302810668945, 57.375205993652344],
            [11.085302352905273, 57.375205993652344],
            [11.085302352905273, 57.35520935058594]
          ]
        ]
      }
    },
    {
      "type": "Feature",
      "properties": {
        "query_id": 927,
        "query_type": "range",
        "lat_min": 55.547867,
        "lat_max": 55.667755,
        "lon_min": 15.158839,
        "lon_max": 15.412391,
        "time_start": 96694936.0,
        "time_end": 109793816.0
      },
      "geometry": {
        "type": "Polygon",
        "coordinates": [
          [
            [15.158839225769043, 55.54786682128906],
            [15.41239070892334, 55.54786682128906],
            [15.41239070892334, 55.667755126953125],
            [15.158839225769043, 55.667755126953125],
            [15.158839225769043, 55.54786682128906]
          ]
        ]
      }
    },
    {
      "type": "Feature",
      "properties": {
        "query_id": 928,
        "query_type": "aggregation",
        "lat_min": 54.440693,
        "lat_max": 54.49712,
        "lon_min": 8.719546,
        "lon_max": 8.877711,
        "time_start": 115754368.0,
        "time_end": 123607968.0
      },
      "geometry": {
        "type": "Polygon",
        "coordinates": [
          [
            [8.7195463180542, 54.44069290161133],
            [8.877711296081543, 54.44069290161133],
            [8.877711296081543, 54.49711990356445],
            [8.7195463180542, 54.49711990356445],
            [8.7195463180542, 54.44069290161133]
          ]
        ]
      }
    },
    {
      "type": "Feature",
      "properties": {
        "query_id": 929,
        "query_type": "range",
        "lat_min": 57.30555,
        "lat_max": 57.348129,
        "lon_min": 8.946625,
        "lon_max": 9.036682,
        "time_start": 44634828.0,
        "time_end": 58903052.0
      },
      "geometry": {
        "type": "Polygon",
        "coordinates": [
          [
            [8.946624755859375, 57.30554962158203],
            [9.03668212890625, 57.30554962158203],
            [9.03668212890625, 57.34812927246094],
            [8.946624755859375, 57.34812927246094],
            [8.946624755859375, 57.30554962158203]
          ]
        ]
      }
    },
    {
      "type": "Feature",
      "properties": {
        "query_id": 930,
        "query_type": "aggregation",
        "lat_min": 54.368427,
        "lat_max": 54.3904,
        "lon_min": 10.683229,
        "lon_max": 10.74481,
        "time_start": 224270960.0,
        "time_end": 248794000.0
      },
      "geometry": {
        "type": "Polygon",
        "coordinates": [
          [
            [10.683229446411133, 54.36842727661133],
            [10.744810104370117, 54.36842727661133],
            [10.744810104370117, 54.39039993286133],
            [10.683229446411133, 54.39039993286133],
            [10.683229446411133, 54.36842727661133]
          ]
        ]
      }
    },
    {
      "type": "Feature",
      "properties": {
        "query_id": 931,
        "query_type": "intersection",
        "lat_min": 57.604359,
        "lat_max": 57.699863,
        "lon_min": 9.69309,
        "lon_max": 9.895073,
        "time_start": 165549120.0,
        "time_end": 184146336.0
      },
      "geometry": {
        "type": "Polygon",
        "coordinates": [
          [
            [9.693090438842773, 57.6043586730957],
            [9.895072937011719, 57.6043586730957],
            [9.895072937011719, 57.69986343383789],
            [9.693090438842773, 57.69986343383789],
            [9.693090438842773, 57.6043586730957]
          ]
        ]
      }
    },
    {
      "type": "Feature",
      "properties": {
        "query_id": 932,
        "query_type": "aggregation",
        "lat_min": 57.109165,
        "lat_max": 57.147251,
        "lon_min": 5.34653,
        "lon_max": 5.45329,
        "time_start": 42992020.0,
        "time_end": 55630924.0
      },
      "geometry": {
        "type": "Polygon",
        "coordinates": [
          [
            [5.346529960632324, 57.10916519165039],
            [5.453289985656738, 57.10916519165039],
            [5.453289985656738, 57.14725112915039],
            [5.346529960632324, 57.14725112915039],
            [5.346529960632324, 57.10916519165039]
          ]
        ]
      }
    },
    {
      "type": "Feature",
      "properties": {
        "query_id": 933,
        "query_type": "intersection",
        "lat_min": 57.922455,
        "lat_max": 58.004509,
        "lon_min": 9.83466,
        "lon_max": 10.008207,
        "time_start": 260758.5,
        "time_end": 14695472.0
      },
      "geometry": {
        "type": "Polygon",
        "coordinates": [
          [
            [9.834659576416016, 57.922454833984375],
            [10.008207321166992, 57.922454833984375],
            [10.008207321166992, 58.00450897216797],
            [9.834659576416016, 58.00450897216797],
            [9.834659576416016, 57.922454833984375]
          ]
        ]
      }
    },
    {
      "type": "Feature",
      "properties": {
        "query_id": 934,
        "query_type": "nearest",
        "lat_min": 56.46402,
        "lat_max": 56.484016,
        "lon_min": 11.190071,
        "lon_max": 11.210072,
        "time_start": 19475944.0,
        "time_end": 46042856.0
      },
      "geometry": {
        "type": "Polygon",
        "coordinates": [
          [
            [11.190071105957031, 56.464019775390625],
            [11.210071563720703, 56.464019775390625],
            [11.210071563720703, 56.48401641845703],
            [11.190071105957031, 56.48401641845703],
            [11.190071105957031, 56.464019775390625]
          ]
        ]
      }
    },
    {
      "type": "Feature",
      "properties": {
        "query_id": 935,
        "query_type": "range",
        "lat_min": 57.358288,
        "lat_max": 57.455006,
        "lon_min": 10.507936,
        "lon_max": 10.712488,
        "time_start": 217027056.0,
        "time_end": 220791472.0
      },
      "geometry": {
        "type": "Polygon",
        "coordinates": [
          [
            [10.507936477661133, 57.3582878112793],
            [10.712488174438477, 57.3582878112793],
            [10.712488174438477, 57.45500564575195],
            [10.507936477661133, 57.45500564575195],
            [10.507936477661133, 57.3582878112793]
          ]
        ]
      }
    },
    {
      "type": "Feature",
      "properties": {
        "query_id": 936,
        "query_type": "range",
        "lat_min": 57.212002,
        "lat_max": 57.229275,
        "lon_min": 11.979745,
        "lon_max": 12.016269,
        "time_start": 4442130.0,
        "time_end": 28215412.0
      },
      "geometry": {
        "type": "Polygon",
        "coordinates": [
          [
            [11.979744911193848, 57.21200180053711],
            [12.016268730163574, 57.21200180053711],
            [12.016268730163574, 57.22927474975586],
            [11.979744911193848, 57.22927474975586],
            [11.979744911193848, 57.21200180053711]
          ]
        ]
      }
    },
    {
      "type": "Feature",
      "properties": {
        "query_id": 937,
        "query_type": "range",
        "lat_min": 54.926292,
        "lat_max": 55.06366,
        "lon_min": 9.840558,
        "lon_max": 10.131078,
        "time_start": 98356624.0,
        "time_end": 104782592.0
      },
      "geometry": {
        "type": "Polygon",
        "coordinates": [
          [
            [9.840558052062988, 54.926292419433594],
            [10.131077766418457, 54.926292419433594],
            [10.131077766418457, 55.06365966796875],
            [9.840558052062988, 55.06365966796875],
            [9.840558052062988, 54.926292419433594]
          ]
        ]
      }
    },
    {
      "type": "Feature",
      "properties": {
        "query_id": 938,
        "query_type": "range",
        "lat_min": 54.523106,
        "lat_max": 54.658672,
        "lon_min": 14.194501,
        "lon_max": 14.481223,
        "time_start": 60541760.0,
        "time_end": 84493136.0
      },
      "geometry": {
        "type": "Polygon",
        "coordinates": [
          [
            [14.194500923156738, 54.52310562133789],
            [14.481223106384277, 54.52310562133789],
            [14.481223106384277, 54.65867233276367],
            [14.194500923156738, 54.65867233276367],
            [14.194500923156738, 54.52310562133789]
          ]
        ]
      }
    },
    {
      "type": "Feature",
      "properties": {
        "query_id": 939,
        "query_type": "nearest",
        "lat_min": 55.856171,
        "lat_max": 55.876167,
        "lon_min": 10.998015,
        "lon_max": 11.018016,
        "time_start": 151862048.0,
        "time_end": 178428960.0
      },
      "geometry": {
        "type": "Polygon",
        "coordinates": [
          [
            [10.998015403747559, 55.856170654296875],
            [11.01801586151123, 55.856170654296875],
            [11.01801586151123, 55.87616729736328],
            [10.998015403747559, 55.87616729736328],
            [10.998015403747559, 55.856170654296875]
          ]
        ]
      }
    },
    {
      "type": "Feature",
      "properties": {
        "query_id": 940,
        "query_type": "aggregation",
        "lat_min": 54.648258,
        "lat_max": 54.705959,
        "lon_min": 10.888868,
        "lon_max": 11.050608,
        "time_start": 70534480.0,
        "time_end": 73223344.0
      },
      "geometry": {
        "type": "Polygon",
        "coordinates": [
          [
            [10.88886833190918, 54.648258209228516],
            [11.050607681274414, 54.648258209228516],
            [11.050607681274414, 54.70595932006836],
            [10.88886833190918, 54.70595932006836],
            [10.88886833190918, 54.648258209228516]
          ]
        ]
      }
    },
    {
      "type": "Feature",
      "properties": {
        "query_id": 941,
        "query_type": "range",
        "lat_min": 54.14986,
        "lat_max": 54.194126,
        "lon_min": 9.394825,
        "lon_max": 9.488441,
        "time_start": 186613408.0,
        "time_end": 205936256.0
      },
      "geometry": {
        "type": "Polygon",
        "coordinates": [
          [
            [9.394824981689453, 54.14986038208008],
            [9.488441467285156, 54.14986038208008],
            [9.488441467285156, 54.19412612915039],
            [9.394824981689453, 54.19412612915039],
            [9.394824981689453, 54.14986038208008]
          ]
        ]
      }
    },
    {
      "type": "Feature",
      "properties": {
        "query_id": 942,
        "query_type": "intersection",
        "lat_min": 57.554405,
        "lat_max": 57.631798,
        "lon_min": 9.882535,
        "lon_max": 10.046222,
        "time_start": 194597184.0,
        "time_end": 198653536.0
      },
      "geometry": {
        "type": "Polygon",
        "coordinates": [
          [
            [9.882534980773926, 57.554405212402344],
            [10.046221733093262, 57.554405212402344],
            [10.046221733093262, 57.631797790527344],
            [9.882534980773926, 57.631797790527344],
            [9.882534980773926, 57.554405212402344]
          ]
        ]
      }
    },
    {
      "type": "Feature",
      "properties": {
        "query_id": 943,
        "query_type": "intersection",
        "lat_min": 56.398254,
        "lat_max": 56.499077,
        "lon_min": 12.158551,
        "lon_max": 12.371783,
        "time_start": 139899104.0,
        "time_end": 150313216.0
      },
      "geometry": {
        "type": "Polygon",
        "coordinates": [
          [
            [12.158551216125488, 56.39825439453125],
            [12.371783256530762, 56.39825439453125],
            [12.371783256530762, 56.49907684326172],
            [12.158551216125488, 56.49907684326172],
            [12.158551216125488, 56.39825439453125]
          ]
        ]
      }
    },
    {
      "type": "Feature",
      "properties": {
        "query_id": 944,
        "query_type": "nearest",
        "lat_min": 55.645378,
        "lat_max": 55.665375,
        "lon_min": 11.066594,
        "lon_max": 11.086595,
        "time_start": 116504640.0,
        "time_end": 143071552.0
      },
      "geometry": {
        "type": "Polygon",
        "coordinates": [
          [
            [11.066594123840332, 55.64537811279297],
            [11.086594581604004, 55.64537811279297],
            [11.086594581604004, 55.665374755859375],
            [11.066594123840332, 55.665374755859375],
            [11.066594123840332, 55.64537811279297]
          ]
        ]
      }
    },
    {
      "type": "Feature",
      "properties": {
        "query_id": 945,
        "query_type": "intersection",
        "lat_min": 56.18742,
        "lat_max": 56.245113,
        "lon_min": 7.789915,
        "lon_max": 7.91193,
        "time_start": 124664872.0,
        "time_end": 144291072.0
      },
      "geometry": {
        "type": "Polygon",
        "coordinates": [
          [
            [7.789914608001709, 56.18741989135742],
            [7.911929607391357, 56.18741989135742],
            [7.911929607391357, 56.245113372802734],
            [7.789914608001709, 56.245113372802734],
            [7.789914608001709, 56.18741989135742]
          ]
        ]
      }
    },
    {
      "type": "Feature",
      "properties": {
        "query_id": 946,
        "query_type": "intersection",
        "lat_min": 55.066692,
        "lat_max": 55.153606,
        "lon_min": 14.555517,
        "lon_max": 14.739332,
        "time_start": 81493848.0,
        "time_end": 105195400.0
      },
      "geometry": {
        "type": "Polygon",
        "coordinates": [
          [
            [14.555517196655273, 55.06669235229492],
            [14.73933219909668, 55.06669235229492],
            [14.73933219909668, 55.15360641479492],
            [14.555517196655273, 55.15360641479492],
            [14.555517196655273, 55.06669235229492]
          ]
        ]
      }
    },
    {
      "type": "Feature",
      "properties": {
        "query_id": 947,
        "query_type": "aggregation",
        "lat_min": 54.857029,
        "lat_max": 54.901814,
        "lon_min": 10.567063,
        "lon_max": 10.692594,
        "time_start": 255966864.0,
        "time_end": 265669088.0
      },
      "geometry": {
        "type": "Polygon",
        "coordinates": [
          [
            [10.567063331604004, 54.85702896118164],
            [10.692593574523926, 54.85702896118164],
            [10.692593574523926, 54.90181350708008],
            [10.567063331604004, 54.90181350708008],
            [10.567063331604004, 54.85702896118164]
          ]
        ]
      }
    },
    {
      "type": "Feature",
      "properties": {
        "query_id": 948,
        "query_type": "intersection",
        "lat_min": 55.66655,
        "lat_max": 55.738167,
        "lon_min": 10.725939,
        "lon_max": 10.877398,
        "time_start": 196654224.0,
        "time_end": 215342064.0
      },
      "geometry": {
        "type": "Polygon",
        "coordinates": [
          [
            [10.72593879699707, 55.66654968261719],
            [10.877397537231445, 55.66654968261719],
            [10.877397537231445, 55.73816680908203],
            [10.72593879699707, 55.73816680908203],
            [10.72593879699707, 55.66654968261719]
          ]
        ]
      }
    },
    {
      "type": "Feature",
      "properties": {
        "query_id": 949,
        "query_type": "range",
        "lat_min": 55.869774,
        "lat_max": 55.965431,
        "lon_min": 10.843196,
        "lon_max": 11.045501,
        "time_start": 45915260.0,
        "time_end": 65805916.0
      },
      "geometry": {
        "type": "Polygon",
        "coordinates": [
          [
            [10.843195915222168, 55.869773864746094],
            [11.045500755310059, 55.869773864746094],
            [11.045500755310059, 55.965431213378906],
            [10.843195915222168, 55.965431213378906],
            [10.843195915222168, 55.869773864746094]
          ]
        ]
      }
    },
    {
      "type": "Feature",
      "properties": {
        "query_id": 950,
        "query_type": "nearest",
        "lat_min": 57.657772,
        "lat_max": 57.677769,
        "lon_min": 11.784245,
        "lon_max": 11.804246,
        "time_start": 101897104.0,
        "time_end": 128464016.0
      },
      "geometry": {
        "type": "Polygon",
        "coordinates": [
          [
            [11.784245491027832, 57.657772064208984],
            [11.804245948791504, 57.657772064208984],
            [11.804245948791504, 57.67776870727539],
            [11.784245491027832, 57.67776870727539],
            [11.784245491027832, 57.657772064208984]
          ]
        ]
      }
    },
    {
      "type": "Feature",
      "properties": {
        "query_id": 951,
        "query_type": "nearest",
        "lat_min": 57.835281,
        "lat_max": 57.855278,
        "lon_min": 9.854679,
        "lon_max": 9.87468,
        "time_start": 56673304.0,
        "time_end": 83240216.0
      },
      "geometry": {
        "type": "Polygon",
        "coordinates": [
          [
            [9.854679107666016, 57.83528137207031],
            [9.874679565429688, 57.83528137207031],
            [9.874679565429688, 57.85527801513672],
            [9.854679107666016, 57.85527801513672],
            [9.854679107666016, 57.83528137207031]
          ]
        ]
      }
    },
    {
      "type": "Feature",
      "properties": {
        "query_id": 952,
        "query_type": "range",
        "lat_min": 55.24612,
        "lat_max": 55.349483,
        "lon_min": 10.983881,
        "lon_max": 11.20249,
        "time_start": 61384552.0,
        "time_end": 78787976.0
      },
      "geometry": {
        "type": "Polygon",
        "coordinates": [
          [
            [10.983880996704102, 55.24612045288086],
            [11.202489852905273, 55.24612045288086],
            [11.202489852905273, 55.349483489990234],
            [10.983880996704102, 55.349483489990234],
            [10.983880996704102, 55.24612045288086]
          ]
        ]
      }
    },
    {
      "type": "Feature",
      "properties": {
        "query_id": 953,
        "query_type": "aggregation",
        "lat_min": 57.326637,
        "lat_max": 57.343719,
        "lon_min": 5.656735,
        "lon_max": 5.704614,
        "time_start": 38505344.0,
        "time_end": 43151960.0
      },
      "geometry": {
        "type": "Polygon",
        "coordinates": [
          [
            [5.656734943389893, 57.326637268066406],
            [5.704614162445068, 57.326637268066406],
            [5.704614162445068, 57.343719482421875],
            [5.656734943389893, 57.343719482421875],
            [5.656734943389893, 57.326637268066406]
          ]
        ]
      }
    },
    {
      "type": "Feature",
      "properties": {
        "query_id": 954,
        "query_type": "range",
        "lat_min": 54.820881,
        "lat_max": 54.843655,
        "lon_min": 11.083675,
        "lon_max": 11.131834,
        "time_start": 157809344.0,
        "time_end": 179176864.0
      },
      "geometry": {
        "type": "Polygon",
        "coordinates": [
          [
            [11.083675384521484, 54.82088088989258],
            [11.131834030151367, 54.82088088989258],
            [11.131834030151367, 54.84365463256836],
            [11.083675384521484, 54.84365463256836],
            [11.083675384521484, 54.82088088989258]
          ]
        ]
      }
    },
    {
      "type": "Feature",
      "properties": {
        "query_id": 955,
        "query_type": "range",
        "lat_min": 55.714298,
        "lat_max": 55.853687,
        "lon_min": 10.668835,
        "lon_max": 10.963631,
        "time_start": 159073680.0,
        "time_end": 161769392.0
      },
      "geometry": {
        "type": "Polygon",
        "coordinates": [
          [
            [10.668834686279297, 55.714298248291016],
            [10.963630676269531, 55.714298248291016],
            [10.963630676269531, 55.85368728637695],
            [10.668834686279297, 55.85368728637695],
            [10.668834686279297, 55.714298248291016]
          ]
        ]
      }
    },
    {
      "type": "Feature",
      "properties": {
        "query_id": 956,
        "query_type": "aggregation",
        "lat_min": 56.927692,
        "lat_max": 56.950306,
        "lon_min": 11.398647,
        "lon_max": 11.462029,
        "time_start": 60906704.0,
        "time_end": 79541872.0
      },
      "geometry": {
        "type": "Polygon",
        "coordinates": [
          [
            [11.39864730834961, 56.92769241333008],
            [11.462028503417969, 56.92769241333008],
            [11.462028503417969, 56.9503059387207],
            [11.39864730834961, 56.9503059387207],
            [11.39864730834961, 56.92769241333008]
          ]
        ]
      }
    },
    {
      "type": "Feature",
      "properties": {
        "query_id": 957,
        "query_type": "range",
        "lat_min": 54.672344,
        "lat_max": 54.761791,
        "lon_min": 14.299366,
        "lon_max": 14.488539,
        "time_start": 74516072.0,
        "time_end": 80155032.0
      },
      "geometry": {
        "type": "Polygon",
        "coordinates": [
          [
            [14.299365997314453, 54.67234420776367],
            [14.48853874206543, 54.67234420776367],
            [14.48853874206543, 54.76179122924805],
            [14.299365997314453, 54.76179122924805],
            [14.299365997314453, 54.67234420776367]
          ]
        ]
      }
    },
    {
      "type": "Feature",
      "properties": {
        "query_id": 958,
        "query_type": "nearest",
        "lat_min": 55.590218,
        "lat_max": 55.610214,
        "lon_min": 15.501479,
        "lon_max": 15.52148,
        "time_start": 155190848.0,
        "time_end": 181757760.0
      },
      "geometry": {
        "type": "Polygon",
        "coordinates": [
          [
            [15.501479148864746, 55.59021759033203],
            [15.521479606628418, 55.59021759033203],
            [15.521479606628418, 55.61021423339844],
            [15.501479148864746, 55.61021423339844],
            [15.501479148864746, 55.59021759033203]
          ]
        ]
      }
    },
    {
      "type": "Feature",
      "properties": {
        "query_id": 959,
        "query_type": "aggregation",
        "lat_min": 54.412346,
        "lat_max": 54.467331,
        "lon_min": 5.996505,
        "lon_max": 6.150633,
        "time_start": 165004384.0,
        "time_end": 182494368.0
      },
      "geometry": {
        "type": "Polygon",
        "coordinates": [
          [
            [5.996505260467529, 54.41234588623047],
            [6.150633335113525, 54.41234588623047],
            [6.150633335113525, 54.46733093261719],
            [5.996505260467529, 54.46733093261719],
            [5.996505260467529, 54.41234588623047]
          ]
        ]
      }
    },
    {
      "type": "Feature",
      "properties": {
        "query_id": 960,
        "query_type": "range",
        "lat_min": 55.663776,
        "lat_max": 55.805752,
        "lon_min": 12.512669,
        "lon_max": 12.812941,
        "time_start": 108154216.0,
        "time_end": 131314376.0
      },
      "geometry": {
        "type": "Polygon",
        "coordinates": [
          [
            [12.51266860961914, 55.66377639770508],
            [12.81294059753418, 55.66377639770508],
            [12.81294059753418, 55.80575180053711],
            [12.51266860961914, 55.80575180053711],
            [12.51266860961914, 55.66377639770508]
          ]
        ]
      }
    },
    {
      "type": "Feature",
      "properties": {
        "query_id": 961,
        "query_type": "nearest",
        "lat_min": 57.406242,
        "lat_max": 57.426239,
        "lon_min": 10.554956,
        "lon_max": 10.574957,
        "time_start": 46824844.0,
        "time_end": 73391752.0
      },
      "geometry": {
        "type": "Polygon",
        "coordinates": [
          [
            [10.554956436157227, 57.40624237060547],
            [10.574956893920898, 57.40624237060547],
            [10.574956893920898, 57.426239013671875],
            [10.554956436157227, 57.426239013671875],
            [10.554956436157227, 57.40624237060547]
          ]
        ]
      }
    },
    {
      "type": "Feature",
      "properties": {
        "query_id": 962,
        "query_type": "aggregation",
        "lat_min": 57.880417,
        "lat_max": 57.943382,
        "lon_min": 11.869394,
        "lon_max": 12.045889,
        "time_start": 59661984.0,
        "time_end": 76360736.0
      },
      "geometry": {
        "type": "Polygon",
        "coordinates": [
          [
            [11.869394302368164, 57.88041687011719],
            [12.045888900756836, 57.88041687011719],
            [12.045888900756836, 57.943382263183594],
            [11.869394302368164, 57.943382263183594],
            [11.869394302368164, 57.88041687011719]
          ]
        ]
      }
    },
    {
      "type": "Feature",
      "properties": {
        "query_id": 963,
        "query_type": "aggregation",
        "lat_min": 57.849419,
        "lat_max": 57.961174,
        "lon_min": 11.94348,
        "lon_max": 12.256731,
        "time_start": 192802768.0,
        "time_end": 208530832.0
      },
      "geometry": {
        "type": "Polygon",
        "coordinates": [
          [
            [11.943479537963867, 57.84941864013672],
            [12.256731033325195, 57.84941864013672],
            [12.256731033325195, 57.96117401123047],
            [11.943479537963867, 57.96117401123047],
            [11.943479537963867, 57.84941864013672]
          ]
        ]
      }
    },
    {
      "type": "Feature",
      "properties": {
        "query_id": 964,
        "query_type": "nearest",
        "lat_min": 57.66172,
        "lat_max": 57.681717,
        "lon_min": 9.250913,
        "lon_max": 9.270913,
        "time_start": 212130368.0,
        "time_end": 238697280.0
      },
      "geometry": {
        "type": "Polygon",
        "coordinates": [
          [
            [9.2509126663208, 57.661720275878906],
            [9.270913124084473, 57.661720275878906],
            [9.270913124084473, 57.68171691894531],
            [9.2509126663208, 57.68171691894531],
            [9.2509126663208, 57.661720275878906]
          ]
        ]
      }
    },
    {
      "type": "Feature",
      "properties": {
        "query_id": 965,
        "query_type": "aggregation",
        "lat_min": 56.365219,
        "lat_max": 56.391876,
        "lon_min": 5.341636,
        "lon_max": 5.416361,
        "time_start": 191405408.0,
        "time_end": 210488000.0
      },
      "geometry": {
        "type": "Polygon",
        "coordinates": [
          [
            [5.341635704040527, 56.36521911621094],
            [5.416360855102539, 56.36521911621094],
            [5.416360855102539, 56.391876220703125],
            [5.341635704040527, 56.391876220703125],
            [5.341635704040527, 56.36521911621094]
          ]
        ]
      }
    },
    {
      "type": "Feature",
      "properties": {
        "query_id": 966,
        "query_type": "range",
        "lat_min": 56.370033,
        "lat_max": 56.450142,
        "lon_min": 12.261679,
        "lon_max": 12.431101,
        "time_start": 174508640.0,
        "time_end": 177395232.0
      },
      "geometry": {
        "type": "Polygon",
        "coordinates": [
          [
            [12.261678695678711, 56.370033264160156],
            [12.431100845336914, 56.370033264160156],
            [12.431100845336914, 56.45014190673828],
            [12.261678695678711, 56.45014190673828],
            [12.261678695678711, 56.370033264160156]
          ]
        ]
      }
    },
    {
      "type": "Feature",
      "properties": {
        "query_id": 967,
        "query_type": "range",
        "lat_min": 55.02203,
        "lat_max": 55.164837,
        "lon_min": 9.678611,
        "lon_max": 9.980645,
        "time_start": 203065584.0,
        "time_end": 214939568.0
      },
      "geometry": {
        "type": "Polygon",
        "coordinates": [
          [
            [9.678610801696777, 55.022029876708984],
            [9.980645179748535, 55.022029876708984],
            [9.980645179748535, 55.16483688354492],
            [9.678610801696777, 55.16483688354492],
            [9.678610801696777, 55.022029876708984]
          ]
        ]
      }
    },
    {
      "type": "Feature",
      "properties": {
        "query_id": 968,
        "query_type": "aggregation",
        "lat_min": 55.653973,
        "lat_max": 55.72443,
        "lon_min": 14.344981,
        "lon_max": 14.542474,
        "time_start": 126506968.0,
        "time_end": 148898144.0
      },
      "geometry": {
        "type": "Polygon",
        "coordinates": [
          [
            [14.34498119354248, 55.65397262573242],
            [14.542473793029785, 55.65397262573242],
            [14.542473793029785, 55.724430084228516],
            [14.34498119354248, 55.724430084228516],
            [14.34498119354248, 55.65397262573242]
          ]
        ]
      }
    },
    {
      "type": "Feature",
      "properties": {
        "query_id": 969,
        "query_type": "range",
        "lat_min": 57.247284,
        "lat_max": 57.260498,
        "lon_min": 11.963602,
        "lon_max": 11.991552,
        "time_start": 70838304.0,
        "time_end": 90324112.0
      },
      "geometry": {
        "type": "Polygon",
        "coordinates": [
          [
            [11.963602066040039, 57.247283935546875],
            [11.991552352905273, 57.247283935546875],
            [11.991552352905273, 57.260498046875],
            [11.963602066040039, 57.260498046875],
            [11.963602066040039, 57.247283935546875]
          ]
        ]
      }
    },
    {
      "type": "Feature",
      "properties": {
        "query_id": 970,
        "query_type": "intersection",
        "lat_min": 55.28244,
        "lat_max": 55.325699,
        "lon_min": 13.155128,
        "lon_max": 13.246626,
        "time_start": 210937280.0,
        "time_end": 229790464.0
      },
      "geometry": {
        "type": "Polygon",
        "coordinates": [
          [
            [13.155128479003906, 55.282440185546875],
            [13.246625900268555, 55.282440185546875],
            [13.246625900268555, 55.32569885253906],
            [13.155128479003906, 55.32569885253906],
            [13.155128479003906, 55.282440185546875]
          ]
        ]
      }
    },
    {
      "type": "Feature",
      "properties": {
        "query_id": 971,
        "query_type": "range",
        "lat_min": 55.483181,
        "lat_max": 55.561451,
        "lon_min": 9.598417,
        "lon_max": 9.763948,
        "time_start": 86953072.0,
        "time_end": 94041744.0
      },
      "geometry": {
        "type": "Polygon",
        "coordinates": [
          [
            [9.598417282104492, 55.48318099975586],
            [9.763948440551758, 55.48318099975586],
            [9.763948440551758, 55.56145095825195],
            [9.598417282104492, 55.56145095825195],
            [9.598417282104492, 55.48318099975586]
          ]
        ]
      }
    },
    {
      "type": "Feature",
      "properties": {
        "query_id": 972,
        "query_type": "range",
        "lat_min": 57.782948,
        "lat_max": 57.828899,
        "lon_min": 10.441863,
        "lon_max": 10.53905,
        "time_start": 147296224.0,
        "time_end": 152119008.0
      },
      "geometry": {
        "type": "Polygon",
        "coordinates": [
          [
            [10.441863059997559, 57.7829475402832],
            [10.539050102233887, 57.7829475402832],
            [10.539050102233887, 57.82889938354492],
            [10.441863059997559, 57.82889938354492],
            [10.441863059997559, 57.7829475402832]
          ]
        ]
      }
    },
    {
      "type": "Feature",
      "properties": {
        "query_id": 973,
        "query_type": "intersection",
        "lat_min": 57.409912,
        "lat_max": 57.453651,
        "lon_min": 8.332761,
        "lon_max": 8.425273,
        "time_start": 18331462.0,
        "time_end": 33273330.0
      },
      "geometry": {
        "type": "Polygon",
        "coordinates": [
          [
            [8.33276081085205, 57.409912109375],
            [8.425272941589355, 57.409912109375],
            [8.425272941589355, 57.453651428222656],
            [8.33276081085205, 57.453651428222656],
            [8.33276081085205, 57.409912109375]
          ]
        ]
      }
    },
    {
      "type": "Feature",
      "properties": {
        "query_id": 974,
        "query_type": "nearest",
        "lat_min": 54.805084,
        "lat_max": 54.825081,
        "lon_min": 11.828477,
        "lon_max": 11.848477,
        "time_start": 36250804.0,
        "time_end": 62817716.0
      },
      "geometry": {
        "type": "Polygon",
        "coordinates": [
          [
            [11.828476905822754, 54.805084228515625],
            [11.848477363586426, 54.805084228515625],
            [11.848477363586426, 54.82508087158203],
            [11.828476905822754, 54.82508087158203],
            [11.828476905822754, 54.805084228515625]
          ]
        ]
      }
    },
    {
      "type": "Feature",
      "properties": {
        "query_id": 975,
        "query_type": "aggregation",
        "lat_min": 56.951012,
        "lat_max": 56.977318,
        "lon_min": 13.642024,
        "lon_max": 13.715755,
        "time_start": 145023808.0,
        "time_end": 156698784.0
      },
      "geometry": {
        "type": "Polygon",
        "coordinates": [
          [
            [13.642024040222168, 56.951011657714844],
            [13.715754508972168, 56.951011657714844],
            [13.715754508972168, 56.977317810058594],
            [13.642024040222168, 56.977317810058594],
            [13.642024040222168, 56.951011657714844]
          ]
        ]
      }
    },
    {
      "type": "Feature",
      "properties": {
        "query_id": 976,
        "query_type": "intersection",
        "lat_min": 56.815388,
        "lat_max": 56.868801,
        "lon_min": 7.685337,
        "lon_max": 7.798307,
        "time_start": 143986688.0,
        "time_end": 150593120.0
      },
      "geometry": {
        "type": "Polygon",
        "coordinates": [
          [
            [7.685336589813232, 56.81538772583008],
            [7.798306941986084, 56.81538772583008],
            [7.798306941986084, 56.86880111694336],
            [7.685336589813232, 56.86880111694336],
            [7.685336589813232, 56.81538772583008]
          ]
        ]
      }
    },
    {
      "type": "Feature",
      "properties": {
        "query_id": 977,
        "query_type": "aggregation",
        "lat_min": 56.058384,
        "lat_max": 56.090664,
        "lon_min": 10.43738,
        "lon_max": 10.527857,
        "time_start": 182985632.0,
        "time_end": 204914048.0
      },
      "geometry": {
        "type": "Polygon",
        "coordinates": [
          [
            [10.437379837036133, 56.05838394165039],
            [10.527856826782227, 56.05838394165039],
            [10.527856826782227, 56.09066390991211],
            [10.437379837036133, 56.09066390991211],
            [10.437379837036133, 56.05838394165039]
          ]
        ]
      }
    },
    {
      "type": "Feature",
      "properties": {
        "query_id": 978,
        "query_type": "intersection",
        "lat_min": 55.821384,
        "lat_max": 55.890224,
        "lon_min": 10.775439,
        "lon_max": 10.921041,
        "time_start": 97805976.0,
        "time_end": 107475560.0
      },
      "geometry": {
        "type": "Polygon",
        "coordinates": [
          [
            [10.775439262390137, 55.82138442993164],
            [10.921040534973145, 55.82138442993164],
            [10.921040534973145, 55.89022445678711],
            [10.775439262390137, 55.89022445678711],
            [10.775439262390137, 55.82138442993164]
          ]
        ]
      }
    },
    {
      "type": "Feature",
      "properties": {
        "query_id": 979,
        "query_type": "intersection",
        "lat_min": 54.991936,
        "lat_max": 55.067268,
        "lon_min": 14.026346,
        "lon_max": 14.185675,
        "time_start": 252088160.0,
        "time_end": 258071328.0
      },
      "geometry": {
        "type": "Polygon",
        "coordinates": [
          [
            [14.026346206665039, 54.99193572998047],
            [14.185674667358398, 54.99193572998047],
            [14.185674667358398, 55.06726837158203],
            [14.026346206665039, 55.06726837158203],
            [14.026346206665039, 54.99193572998047]
          ]
        ]
      }
    },
    {
      "type": "Feature",
      "properties": {
        "query_id": 980,
        "query_type": "nearest",
        "lat_min": 54.92643,
        "lat_max": 54.946426,
        "lon_min": 14.535159,
        "lon_max": 14.55516,
        "time_start": 42192364.0,
        "time_end": 68759272.0
      },
      "geometry": {
        "type": "Polygon",
        "coordinates": [
          [
            [14.53515911102295, 54.926429748535156],
            [14.555159568786621, 54.926429748535156],
            [14.555159568786621, 54.94642639160156],
            [14.53515911102295, 54.94642639160156],
            [14.53515911102295, 54.926429748535156]
          ]
        ]
      }
    },
    {
      "type": "Feature",
      "properties": {
        "query_id": 981,
        "query_type": "aggregation",
        "lat_min": 55.716747,
        "lat_max": 55.732952,
        "lon_min": 7.184493,
        "lon_max": 7.229904,
        "time_start": 67365816.0,
        "time_end": 85089608.0
      },
      "geometry": {
        "type": "Polygon",
        "coordinates": [
          [
            [7.184493064880371, 55.71674728393555],
            [7.2299041748046875, 55.71674728393555],
            [7.2299041748046875, 55.73295211791992],
            [7.184493064880371, 55.73295211791992],
            [7.184493064880371, 55.71674728393555]
          ]
        ]
      }
    },
    {
      "type": "Feature",
      "properties": {
        "query_id": 982,
        "query_type": "range",
        "lat_min": 54.925274,
        "lat_max": 55.03104,
        "lon_min": 12.608278,
        "lon_max": 12.831963,
        "time_start": 112413032.0,
        "time_end": 115104744.0
      },
      "geometry": {
        "type": "Polygon",
        "coordinates": [
          [
            [12.608278274536133, 54.92527389526367],
            [12.831962585449219, 54.92527389526367],
            [12.831962585449219, 55.03104019165039],
            [12.608278274536133, 55.03104019165039],
            [12.608278274536133, 54.92527389526367]
          ]
        ]
      }
    },
    {
      "type": "Feature",
      "properties": {
        "query_id": 983,
        "query_type": "intersection",
        "lat_min": 54.239414,
        "lat_max": 54.360729,
        "lon_min": 11.952317,
        "lon_max": 12.208888,
        "time_start": 246357888.0,
        "time_end": 265669088.0
      },
      "geometry": {
        "type": "Polygon",
        "coordinates": [
          [
            [11.952317237854004, 54.23941421508789],
            [12.208888053894043, 54.23941421508789],
            [12.208888053894043, 54.3607292175293],
            [11.952317237854004, 54.3607292175293],
            [11.952317237854004, 54.23941421508789]
          ]
        ]
      }
    },
    {
      "type": "Feature",
      "properties": {
        "query_id": 984,
        "query_type": "intersection",
        "lat_min": 54.557133,
        "lat_max": 54.6619,
        "lon_min": 11.185758,
        "lon_max": 11.407342,
        "time_start": 154448160.0,
        "time_end": 162770304.0
      },
      "geometry": {
        "type": "Polygon",
        "coordinates": [
          [
            [11.185757637023926, 54.557132720947266],
            [11.407341957092285, 54.557132720947266],
            [11.407341957092285, 54.66189956665039],
            [11.185757637023926, 54.66189956665039],
            [11.185757637023926, 54.557132720947266]
          ]
        ]
      }
    },
    {
      "type": "Feature",
      "properties": {
        "query_id": 985,
        "query_type": "intersection",
        "lat_min": 56.042023,
        "lat_max": 56.127327,
        "lon_min": 12.495013,
        "lon_max": 12.675433,
        "time_start": 34294988.0,
        "time_end": 53428684.0
      },
      "geometry": {
        "type": "Polygon",
        "coordinates": [
          [
            [12.495013236999512, 56.042022705078125],
            [12.675433158874512, 56.042022705078125],
            [12.675433158874512, 56.12732696533203],
            [12.495013236999512, 56.12732696533203],
            [12.495013236999512, 56.042022705078125]
          ]
        ]
      }
    },
    {
      "type": "Feature",
      "properties": {
        "query_id": 986,
        "query_type": "range",
        "lat_min": 55.322693,
        "lat_max": 55.345001,
        "lon_min": 11.006122,
        "lon_max": 11.053308,
        "time_start": 182928144.0,
        "time_end": 193214992.0
      },
      "geometry": {
        "type": "Polygon",
        "coordinates": [
          [
            [11.006121635437012, 55.32269287109375],
            [11.05330753326416, 55.32269287109375],
            [11.05330753326416, 55.345001220703125],
            [11.006121635437012, 55.345001220703125],
            [11.006121635437012, 55.32269287109375]
          ]
        ]
      }
    },
    {
      "type": "Feature",
      "properties": {
        "query_id": 987,
        "query_type": "range",
        "lat_min": 54.606567,
        "lat_max": 54.67202,
        "lon_min": 11.308224,
        "lon_max": 11.446657,
        "time_start": 203275600.0,
        "time_end": 227645616.0
      },
      "geometry": {
        "type": "Polygon",
        "coordinates": [
          [
            [11.308223724365234, 54.6065673828125],
            [11.446657180786133, 54.6065673828125],
            [11.446657180786133, 54.672019958496094],
            [11.308223724365234, 54.672019958496094],
            [11.308223724365234, 54.6065673828125]
          ]
        ]
      }
    },
    {
      "type": "Feature",
      "properties": {
        "query_id": 988,
        "query_type": "aggregation",
        "lat_min": 56.444645,
        "lat_max": 56.550983,
        "lon_min": 15.074246,
        "lon_max": 15.372323,
        "time_start": 97755904.0,
        "time_end": 119395632.0
      },
      "geometry": {
        "type": "Polygon",
        "coordinates": [
          [
            [15.074246406555176, 56.444644927978516],
            [15.372323036193848, 56.444644927978516],
            [15.372323036193848, 56.55098342895508],
            [15.074246406555176, 56.55098342895508],
            [15.074246406555176, 56.444644927978516]
          ]
        ]
      }
    },
    {
      "type": "Feature",
      "properties": {
        "query_id": 989,
        "query_type": "range",
        "lat_min": 57.597523,
        "lat_max": 57.728504,
        "lon_min": 9.583744,
        "lon_max": 9.860762,
        "time_start": 138043424.0,
        "time_end": 143380224.0
      },
      "geometry": {
        "type": "Polygon",
        "coordinates": [
          [
            [9.583744049072266, 57.5975227355957],
            [9.860761642456055, 57.5975227355957],
            [9.860761642456055, 57.7285041809082],
            [9.583744049072266, 57.7285041809082],
            [9.583744049072266, 57.5975227355957]
          ]
        ]
      }
    },
    {
      "type": "Feature",
      "properties": {
        "query_id": 990,
        "query_type": "nearest",
        "lat_min": 54.902122,
        "lat_max": 54.922119,
        "lon_min": 10.811484,
        "lon_max": 10.831485,
        "time_start": 168809824.0,
        "time_end": 195376736.0
      },
      "geometry": {
        "type": "Polygon",
        "coordinates": [
          [
            [10.811484336853027, 54.902122497558594],
            [10.8314847946167, 54.902122497558594],
            [10.8314847946167, 54.922119140625],
            [10.811484336853027, 54.922119140625],
            [10.811484336853027, 54.902122497558594]
          ]
        ]
      }
    },
    {
      "type": "Feature",
      "properties": {
        "query_id": 991,
        "query_type": "aggregation",
        "lat_min": 55.171051,
        "lat_max": 55.261047,
        "lon_min": 9.928421,
        "lon_max": 10.180679,
        "time_start": 194860160.0,
        "time_end": 205552768.0
      },
      "geometry": {
        "type": "Polygon",
        "coordinates": [
          [
            [9.928421020507812, 55.171051025390625],
            [10.180679321289062, 55.171051025390625],
            [10.180679321289062, 55.26104736328125],
            [9.928421020507812, 55.26104736328125],
            [9.928421020507812, 55.171051025390625]
          ]
        ]
      }
    },
    {
      "type": "Feature",
      "properties": {
        "query_id": 992,
        "query_type": "intersection",
        "lat_min": 55.970592,
        "lat_max": 56.098606,
        "lon_min": 12.493391,
        "lon_max": 12.764135,
        "time_start": 201119712.0,
        "time_end": 222865888.0
      },
      "geometry": {
        "type": "Polygon",
        "coordinates": [
          [
            [12.493391036987305, 55.9705924987793],
            [12.764135360717773, 55.9705924987793],
            [12.764135360717773, 56.09860610961914],
            [12.493391036987305, 56.09860610961914],
            [12.493391036987305, 55.9705924987793]
          ]
        ]
      }
    },
    {
      "type": "Feature",
      "properties": {
        "query_id": 993,
        "query_type": "intersection",
        "lat_min": 57.577026,
        "lat_max": 57.60006,
        "lon_min": 10.992399,
        "lon_max": 11.041107,
        "time_start": 211866624.0,
        "time_end": 222159232.0
      },
      "geometry": {
        "type": "Polygon",
        "coordinates": [
          [
            [10.992399215698242, 57.5770263671875],
            [11.041107177734375, 57.5770263671875],
            [11.041107177734375, 57.600059509277344],
            [10.992399215698242, 57.600059509277344],
            [10.992399215698242, 57.5770263671875]
          ]
        ]
      }
    },
    {
      "type": "Feature",
      "properties": {
        "query_id": 994,
        "query_type": "nearest",
        "lat_min": 56.718113,
        "lat_max": 56.73811,
        "lon_min": 11.959877,
        "lon_max": 11.979877,
        "time_start": 218000576.0,
        "time_end": 244567488.0
      },
      "geometry": {
        "type": "Polygon",
        "coordinates": [
          [
            [11.959877014160156, 56.71811294555664],
            [11.979877471923828, 56.71811294555664],
            [11.979877471923828, 56.73810958862305],
            [11.959877014160156, 56.73810958862305],
            [11.959877014160156, 56.71811294555664]
          ]
        ]
      }
    },
    {
      "type": "Feature",
      "properties": {
        "query_id": 995,
        "query_type": "range",
        "lat_min": 55.853951,
        "lat_max": 55.950226,
        "lon_min": 10.832452,
        "lon_max": 11.036073,
        "time_start": 124695400.0,
        "time_end": 133646808.0
      },
      "geometry": {
        "type": "Polygon",
        "coordinates": [
          [
            [10.832451820373535, 55.85395050048828],
            [11.036072731018066, 55.85395050048828],
            [11.036072731018066, 55.950225830078125],
            [10.832451820373535, 55.950225830078125],
            [10.832451820373535, 55.85395050048828]
          ]
        ]
      }
    },
    {
      "type": "Feature",
      "properties": {
        "query_id": 996,
        "query_type": "aggregation",
        "lat_min": 55.303673,
        "lat_max": 55.385643,
        "lon_min": 13.435601,
        "lon_max": 13.66537,
        "time_start": 171094544.0,
        "time_end": 178298448.0
      },
      "geometry": {
        "type": "Polygon",
        "coordinates": [
          [
            [13.435601234436035, 55.303672790527344],
            [13.665369987487793, 55.303672790527344],
            [13.665369987487793, 55.385643005371094],
            [13.435601234436035, 55.385643005371094],
            [13.435601234436035, 55.303672790527344]
          ]
        ]
      }
    },
    {
      "type": "Feature",
      "properties": {
        "query_id": 997,
        "query_type": "aggregation",
        "lat_min": 55.668385,
        "lat_max": 55.69154,
        "lon_min": 15.073762,
        "lon_max": 15.138665,
        "time_start": 61324728.0,
        "time_end": 71385640.0
      },
      "geometry": {
        "type": "Polygon",
        "coordinates": [
          [
            [15.073761940002441, 55.66838455200195],
            [15.138665199279785, 55.66838455200195],
            [15.138665199279785, 55.6915397644043],
            [15.073761940002441, 55.6915397644043],
            [15.073761940002441, 55.66838455200195]
          ]
        ]
      }
    },
    {
      "type": "Feature",
      "properties": {
        "query_id": 998,
        "query_type": "aggregation",
        "lat_min": 57.898586,
        "lat_max": 57.920628,
        "lon_min": 15.311378,
        "lon_max": 15.37317,
        "time_start": 24711456.0,
        "time_end": 47209216.0
      },
      "geometry": {
        "type": "Polygon",
        "coordinates": [
          [
            [15.31137752532959, 57.89858627319336],
            [15.373169898986816, 57.89858627319336],
            [15.373169898986816, 57.92062759399414],
            [15.31137752532959, 57.92062759399414],
            [15.31137752532959, 57.89858627319336]
          ]
        ]
      }
    },
    {
      "type": "Feature",
      "properties": {
        "query_id": 999,
        "query_type": "range",
        "lat_min": 57.350613,
        "lat_max": 57.452625,
        "lon_min": 11.500805,
        "lon_max": 11.716549,
        "time_start": 37024188.0,
        "time_end": 45436836.0
      },
      "geometry": {
        "type": "Polygon",
        "coordinates": [
          [
            [11.500804901123047, 57.35061264038086],
            [11.716548919677734, 57.35061264038086],
            [11.716548919677734, 57.4526252746582],
            [11.500804901123047, 57.4526252746582],
            [11.500804901123047, 57.35061264038086]
          ]
        ]
      }
    }
  ]
}
